rn,D08,R08,D16,R16
0,995,1500,711,1841
1,499,676,162,436
2,555,599,399,780
3,779,699,693,1077
4,373,281,400,870
5,678,1054,773,1777
6,238,154,0,0
7,642,479,160,202
8,372,422,122,247
9,477,601,353,807
10,750,1081,492,961
11,1340,2278,1039,2723
12,690,1423,368,1869
13,545,1164,280,1528
14,883,1814,422,2501
15,492,1055,283,1422
16,399,989,246,1116
17,1087,2442,773,2633
18,485,635,251,640
19,547,721,276,652
20,383,102,229,62
21,774,234,506,142
22,1050,1085,574,1263
23,477,647,285,587
24,972,975,531,1324
25,1344,1240,678,1714
26,1553,1127,1323,1339
27,1157,780,897,895
28,1071,607,817,740
29,2254,1970,1795,2388
30,2003,2871,1677,3015
31,728,776,493,941
32,2567,2272,1984,2964
33,985,1541,476,1796
35,861,841,543,1018
36,799,898,465,1047
37,850,962,594,1111
38,1001,657,685,811
39,1416,710,1047,942
40,1067,505,768,613
41,684,751,454,804
42,475,687,441,622
43,974,1225,576,1438
44,762,673,456,875
45,820,629,386,919
46,603,592,353,802
47,355,421,193,546
48,1241,1098,829,1293
49,337,202,248,253
50,451,354,235,462
51,883,889,528,1087
52,698,632,414,793
53,687,781,370,970
54,481,589,269,687
55,1184,1009,765,1299
57,338,237,217,260
58,665,6,670,28
59,1218,300,2506,678
60,369,57,517,65
61,617,264,846,334
63,1477,458,1277,321
64,650,117,389,89
65,1522,615,1706,706
66,687,127,603,97
67,1335,994,1585,928
68,1370,566,1220,440
69,1821,1046,1718,775
70,1084,572,1010,446
71,448,325,461,260
72,904,755,1665,981
73,2487,2364,2151,1540
74,343,361,654,676
75,1774,1292,1759,975
76,1744,1379,2307,1433
77,2412,1180,2669,625
78,1682,465,1587,468
79,447,216,424,252
80,831,758,889,797
81,1169,404,1144,349
82,2668,1281,2804,1054
83,1231,502,1404,416
84,1061,446,651,235
85,1792,290,1965,212
86,1034,150,1387,172
87,1016,170,1148,146
88,619,567,492,544
89,216,199,375,382
90,373,276,311,217
91,2029,2555,1231,2506
92,716,1501,526,1666
93,405,775,338,740
94,1774,2784,1771,3242
95,628,876,510,908
96,1340,2585,952,2872
97,876,1396,540,1606
98,1832,2492,1643,2833
99,1108,297,1523,271
100,823,108,809,83
101,633,922,390,1179
102,1361,1291,798,1844
104,295,316,177,364
106,1328,1517,780,2002
107,1794,1883,986,2598
110,1501,1940,861,2556
111,2135,2157,1189,2875
112,280,175,107,206
113,900,1418,404,1702
114,427,659,177,839
115,556,949,233,1217
116,903,1535,419,1956
117,429,581,160,710
118,537,861,208,1138
119,1247,1737,724,2317
120,392,561,166,815
121,1730,1751,832,2563
122,319,460,162,557
123,1244,1160,660,1532
124,1172,1304,570,1609
125,279,408,151,544
126,1274,1976,680,2475
127,979,1033,528,1317
128,1650,2092,835,1974
129,715,650,153,247
130,434,350,239,559
131,884,749,633,949
132,1499,1960,986,2127
133,1305,950,1070,1014
134,1256,473,789,503
135,793,709,435,737
136,759,807,507,1211
137,520,409,862,1871
138,920,795,272,494
139,1864,158,2014,140
140,1977,161,2052,130
141,1227,98,1247,88
142,1955,259,1636,190
143,1270,163,1815,186
144,2187,259,1269,188
145,353,29,1523,125
146,750,179,393,77
147,2200,201,3136,207
148,1354,161,1191,118
149,951,70,617,45
150,1131,151,1305,147
151,1769,996,1690,875
152,1373,1268,1222,1128
153,1187,355,1369,359
154,1179,225,1437,228
155,1036,142,563,71
156,675,483,1011,494
157,1281,419,1130,241
158,485,211,418,123
159,1101,492,1373,517
160,1178,314,1477,305
161,1296,259,1647,262
162,1355,227,1884,198
163,957,202,836,155
164,1427,256,1493,215
165,1164,144,1260,154
166,308,66,367,47
167,994,169,1058,132
168,2469,308,2997,259
169,938,192,1210,143
170,1027,191,979,117
171,2897,307,2932,179
172,1003,195,1248,169
173,467,37,720,50
174,1568,329,578,83
175,642,79,688,65
176,312,104,0,0
177,1322,200,1335,126
178,1402,396,2324,473
179,2261,269,2374,158
180,1301,211,1612,138
181,1311,184,2024,143
182,2074,208,2070,121
183,1971,335,2078,228
184,2520,476,2727,385
185,2396,477,2818,434
186,1306,312,1432,182
187,1588,165,1700,149
188,2440,268,2707,219
189,1119,122,1135,109
190,1262,206,1256,119
191,2525,439,2499,307
192,1579,272,1724,187
193,2220,385,2766,329
194,1480,391,1749,406
195,917,295,1182,333
196,992,166,1495,179
197,2373,357,2813,205
198,863,155,610,72
199,1462,205,1184,78
200,555,93,1050,107
201,904,128,533,57
202,1036,200,1197,133
203,2186,497,2070,295
204,1125,241,1467,256
205,1861,463,1629,254
206,951,226,1045,145
207,423,97,653,98
208,361,95,545,63
209,372,83,1004,144
210,399,89,519,62
211,350,79,476,86
212,1247,296,1007,166
213,475,173,1026,202
214,694,161,512,101
215,1073,256,1165,118
216,1050,239,1216,129
217,1075,268,1048,180
218,1598,423,1760,289
219,401,120,0,0
220,2021,460,1734,257
221,3540,763,3324,470
222,380,135,904,108
223,568,167,517,77
224,869,268,666,106
225,500,148,624,98
226,599,95,628,45
227,2182,412,2400,383
228,1463,336,1057,175
229,1313,160,1344,108
230,1843,385,1923,207
231,1501,449,566,91
232,861,270,1038,153
233,670,216,593,67
234,533,141,573,65
235,982,357,576,77
236,1287,428,535,119
237,1035,337,1691,285
238,1160,330,1806,281
239,1079,274,1226,186
240,1313,222,1536,136
241,2442,489,3094,392
242,981,219,1384,181
243,2036,440,1756,260
244,380,128,376,118
245,674,117,585,100
246,2297,689,2166,453
247,861,260,304,77
248,760,186,667,97
249,1350,382,1909,321
250,1128,367,1314,240
251,1188,411,1068,217
252,1140,420,565,124
253,603,259,1524,316
254,1536,516,1434,344
255,955,315,1261,244
256,1103,348,1215,211
257,883,258,894,161
258,1318,450,1512,337
259,1333,449,1854,386
260,2020,740,2860,726
261,692,263,1044,200
262,1251,285,913,183
263,1114,319,1030,170
264,2526,1172,2608,777
265,1349,475,1008,300
266,2044,721,1247,397
267,1742,568,2358,550
268,1956,264,1285,160
269,2154,830,1922,551
270,944,358,2200,597
271,1214,554,1610,499
272,1431,639,1696,524
273,2082,879,2544,805
274,723,289,1224,275
275,801,303,1534,419
276,2054,758,1859,523
277,960,427,1334,485
278,1684,760,933,287
279,753,251,1784,491
280,2682,865,2725,775
282,1053,1121,773,863
283,1644,1267,1898,1528
284,311,261,305,282
285,1531,871,1522,1072
286,1925,1451,1738,1462
287,2255,1825,2108,1603
288,585,473,820,739
289,1430,1166,1545,1548
290,1279,919,987,789
291,1050,896,1264,1089
292,1355,825,1621,1003
293,686,360,636,316
294,1099,668,1566,951
295,1312,640,1128,529
296,1458,665,1367,540
297,705,291,510,196
298,1360,1060,1414,924
299,1358,1049,1570,941
300,2021,1424,2248,1243
301,827,395,693,290
302,1162,1010,1230,840
303,986,442,806,274
304,1064,343,1153,331
305,654,95,696,84
306,802,173,1337,164
307,392,57,480,54
308,1015,208,1082,136
309,1112,372,1649,412
310,715,205,804,196
311,252,77,961,130
312,1074,171,544,67
313,473,72,611,82
314,989,137,1673,182
315,1921,367,2000,202
316,2418,784,2417,648
317,1878,721,2111,753
318,1048,502,1035,414
319,909,353,985,454
320,952,445,965,507
321,844,375,932,485
322,940,352,766,258
323,1104,430,1109,354
324,1365,366,1298,341
325,331,98,540,117
326,901,192,1052,225
327,955,293,955,303
328,764,252,1129,354
329,728,301,750,245
330,1215,357,1398,357
331,779,213,845,192
332,1515,322,1015,147
333,1016,178,1056,133
334,972,198,1053,177
335,1021,164,1180,127
336,1068,201,1261,162
337,1769,410,2045,318
338,1254,287,1110,171
339,750,177,1461,253
340,593,187,502,104
341,647,211,910,192
342,758,189,992,215
343,773,144,956,123
344,719,454,360,206
345,943,408,1117,425
346,827,473,1241,744
347,587,360,609,387
348,1247,821,891,809
349,243,185,313,247
350,720,460,558,484
351,907,475,593,422
352,263,164,347,179
353,1454,806,1837,1159
354,912,328,988,334
355,1509,614,1514,555
356,215,47,533,56
357,1297,304,1255,215
358,1075,291,1082,234
359,656,197,960,277
360,1034,217,1069,270
361,896,162,972,100
362,920,215,1236,211
363,508,76,608,98
364,682,104,725,96
365,1190,147,1490,172
366,445,89,308,44
367,705,104,687,71
368,969,131,1591,171
369,648,82,459,42
370,752,105,890,119
371,838,129,856,84
372,1012,240,1197,224
373,1099,158,1229,142
374,469,69,307,30
375,786,100,338,19
376,752,84,1035,79
377,1031,210,1254,197
378,607,114,594,84
379,505,118,562,106
380,499,118,1024,142
381,447,95,493,54
382,1235,191,1428,137
383,1436,208,1526,144
385,596,123,1072,155
386,401,32,805,58
387,959,134,1138,89
388,1080,135,1677,103
389,689,86,647,31
390,2159,270,2674,229
391,908,118,803,57
392,611,97,1176,98
393,594,48,1087,86
394,893,110,868,69
395,993,94,1455,88
396,1086,93,1229,72
397,1393,128,1301,75
398,1081,155,1421,93
399,1101,128,1245,97
400,758,112,1186,112
401,868,153,1127,139
402,872,219,1165,130
403,442,61,533,48
404,663,76,432,30
405,269,26,1014,66
406,166,18,0,0
407,252,26,374,34
408,484,39,592,42
409,580,49,490,37
410,214,26,304,20
411,434,60,633,62
412,715,67,755,48
413,1503,99,1644,86
414,1425,143,1423,135
415,367,43,319,26
416,1663,132,1564,112
417,727,6,721,26
418,2146,30,1807,60
419,2904,17,1658,28
420,403,92,528,92
421,515,102,1206,148
422,548,113,599,87
423,292,65,568,51
424,713,84,924,56
425,247,27,625,43
426,250,22,1129,91
427,522,24,501,33
428,1164,88,1206,115
429,817,106,1145,95
430,1004,168,1074,100
431,2189,282,2386,238
432,1015,175,524,74
433,1184,202,1776,223
434,1384,146,1147,157
435,1394,235,1831,223
436,1689,227,1747,173
437,1327,215,1107,135
438,757,208,1223,175
439,1277,173,1311,149
440,2356,227,2395,165
441,517,31,493,34
442,241,111,504,148
443,675,199,456,74
444,1097,185,959,119
445,282,67,458,65
446,983,189,1237,166
447,724,109,1149,146
448,1180,242,520,69
449,802,166,1188,205
450,768,27,527,30
451,1993,27,2006,79
452,2973,29,2617,63
453,3043,739,2807,523
454,2749,23,2199,30
455,3075,17,2382,63
456,1367,25,1008,24
457,514,1,0,0
458,1987,11,1995,30
459,2690,16,1891,42
460,2647,20,2018,44
461,2192,41,1890,47
462,2292,30,1966,32
463,2013,9,1441,25
464,794,8,712,15
465,2420,9,1876,25
466,2401,10,1703,33
467,2458,20,2271,42
468,1507,36,565,11
469,2714,11,2916,45
470,1541,9,1820,25
471,1897,5,1008,12
472,612,7,445,10
473,550,3,418,13
474,358,3,0,0
475,812,6,548,2
476,877,5,667,9
477,1300,3,974,8
478,1005,1,547,5
479,1083,4,1043,11
480,677,4,747,10
481,1328,4,795,9
482,684,1,533,4
483,666,6,458,7
484,691,1,681,10
485,255,3,551,13
486,577,2,443,5
487,327,5,549,9
488,1178,396,3104,691
489,406,18,613,36
490,330,3,991,26
491,451,8,0,0
492,1085,267,1135,246
493,552,41,796,56
494,330,48,0,0
495,570,138,675,75
496,676,70,511,60
497,1360,219,1124,165
498,1859,4,1101,11
499,631,2,694,7
501,1226,6,1221,16
502,1156,7,790,15
503,2042,7,1797,21
504,221,13,651,18
505,860,62,813,46
506,577,42,808,43
507,428,38,464,18
508,765,76,880,36
509,188,21,399,32
510,628,53,0,0
511,569,52,800,34
512,683,62,446,20
513,485,63,635,20
514,740,82,868,54
515,569,65,456,31
516,661,72,909,60
517,281,37,674,44
518,421,50,544,33
520,621,53,0,0
521,1077,95,514,29
523,907,100,1116,36
524,1106,123,953,73
525,1850,868,4005,1113
526,613,77,628,102
527,1493,306,641,100
528,6345,1226,8985,1401
529,1834,365,1188,195
530,277,137,232,110
531,254,105,404,167
532,463,224,401,231
533,361,3,684,14
534,908,38,525,30
535,264,0,0,0
536,2658,24,1334,31
537,100,0,1267,23
539,473,5,0,0
540,363,1,837,14
541,1311,13,1160,20
542,1249,11,1184,24
543,533,2,549,12
544,923,3,624,12
545,1207,5,546,8
546,828,5,589,7
549,526,7,1272,22
550,886,4,630,8
551,1149,13,633,18
552,748,22,1250,41
553,1090,9,524,15
554,1483,24,1220,35
555,864,45,523,21
556,1024,46,1347,34
557,3318,148,2969,106
558,998,9,853,13
559,748,2,638,7
560,968,7,588,9
561,1187,3,1123,21
562,660,18,614,18
564,1182,35,0,0
565,816,39,1811,61
566,1368,69,1219,60
567,1084,57,606,22
568,1707,88,2021,98
569,1875,119,1395,62
570,508,34,1270,56
571,740,69,457,18
572,1121,6,1103,22
573,351,7,490,17
574,1014,21,1177,39
575,875,23,502,14
576,952,5,523,7
577,831,4,925,10
578,1396,5,1182,10
579,1159,12,1105,16
580,832,4,453,3
581,2644,11,1569,26
582,1104,12,1220,26
583,2053,8,1617,33
584,1319,6,0,0
585,1145,5,1350,24
586,1652,12,1359,30
587,588,6,918,15
588,1127,25,989,25
589,1461,14,865,20
590,946,4,640,8
591,2699,16,1295,23
592,1327,6,851,19
593,1650,9,1588,24
594,3339,42,2413,74
595,1771,16,1545,23
596,1712,11,1360,16
597,2758,18,1593,26
598,2411,18,2479,46
599,3216,19,2395,42
600,1237,10,1036,20
601,954,2,872,18
602,577,1,500,2
603,1297,10,2200,35
604,2465,16,1923,35
605,1963,85,1687,69
606,297,3,0,0
607,913,27,1253,46
608,2239,27,789,15
609,2178,22,1665,32
610,3147,25,3239,41
611,385,14,308,9
612,614,21,700,18
613,843,52,530,18
614,1913,13,1218,19
615,1653,10,1758,32
616,860,2,959,17
617,941,7,426,11
618,3827,36,2989,80
619,2202,30,1825,46
620,1333,4,957,16
621,491,3,0,0
622,1864,13,1326,24
623,953,0,838,15
624,2054,14,1246,19
625,2468,12,2319,30
626,1911,10,1420,17
627,3376,18,2761,49
628,2592,9,1954,32
629,3007,18,2208,39
630,1311,10,1169,10
631,1797,5,1001,13
632,1466,5,1367,32
633,2642,10,2128,33
634,1255,46,519,6
636,711,199,634,123
637,1620,72,2147,106
638,3367,21,2117,34
639,575,104,601,73
640,262,59,333,28
641,1128,253,905,115
642,1246,309,1586,309
643,677,317,702,252
644,537,171,1100,263
645,807,15,726,18
646,2761,18,1702,29
647,2804,14,2336,39
648,1218,7,1015,13
649,2946,14,2024,37
650,1379,9,1264,15
651,2917,17,1917,43
652,1817,11,1181,23
653,1464,9,1271,4
654,1036,50,894,5
655,1790,993,1367,865
656,539,350,636,287
657,350,76,337,59
658,1502,4,846,18
659,878,312,851,263
660,192,65,390,96
661,259,130,246,112
662,1144,746,1322,963
663,1374,1154,1430,1488
664,1074,981,1174,1214
665,1766,1159,1552,1146
666,307,77,396,68
667,405,124,485,112
668,1017,281,1256,227
669,236,58,348,36
671,628,137,889,142
672,432,85,806,96
673,347,45,450,38
674,736,179,570,83
675,540,102,529,54
676,961,205,1047,119
677,499,82,876,118
678,767,144,527,58
679,219,33,788,66
680,664,141,863,156
681,696,149,405,67
682,354,56,403,81
683,555,262,423,198
684,855,288,788,246
685,208,69,331,122
686,253,44,563,115
687,978,137,1712,181
688,89,21,0,0
689,438,284,367,308
690,575,7,460,26
691,435,24,789,43
692,320,38,0,0
693,273,16,399,24
694,583,50,405,20
695,270,28,398,20
696,277,4,381,10
697,823,12,744,16
698,587,2,358,10
699,1079,7,416,8
700,402,2,392,15
701,319,1,508,8
702,904,195,1096,124
703,642,199,775,164
704,1123,388,1356,310
705,797,161,732,93
706,603,41,375,26
707,455,88,598,69
708,737,98,989,59
709,1164,169,1397,103
710,525,72,790,63
711,1015,115,1116,78
712,780,133,855,69
713,247,113,321,94
714,1365,892,1340,815
715,978,785,748,687
716,879,690,641,550
717,897,487,1070,672
718,831,276,914,267
719,477,113,636,86
720,1028,175,1602,216
721,1515,473,1340,281
722,1016,331,1209,225
723,847,166,1160,126
724,1379,270,1759,193
725,1549,386,1484,310
726,360,17,0,0
727,1083,61,1408,50
728,987,157,1346,147
729,844,150,686,81
730,1927,70,1757,64
731,763,3,766,15
732,1876,55,1465,42
733,2238,139,2152,81
734,3095,46,2622,61
735,1218,98,1137,69
736,972,1,740,16
737,337,2,740,15
738,581,4,352,10
739,1264,6,705,10
740,673,1,711,13
741,377,1,334,2
742,1163,7,321,3
743,669,5,409,3
744,748,6,437,13
745,666,4,773,10
746,515,3,781,11
747,1197,1,778,10
748,1384,4,647,5
749,1833,4,1015,12
750,996,2,809,7
751,1009,6,761,18
752,659,3,310,5
753,2403,4,1578,24
754,780,3,437,4
755,661,0,771,12
756,1918,12,1184,14
757,986,3,1391,19
758,1664,3,789,12
759,1567,10,1348,34
760,1373,8,801,15
761,1530,6,1067,29
762,829,1,845,10
763,1200,6,1327,23
764,532,4,488,9
765,2494,15,1849,39
766,1935,12,1404,30
767,1004,8,408,11
768,1436,8,1493,28
769,1407,6,1392,20
770,2257,13,1275,19
771,1093,9,947,20
772,1544,85,1721,72
773,1258,269,1680,269
774,1390,536,1247,299
775,1386,745,1543,570
776,2079,204,2148,181
777,1706,144,1875,150
778,4062,125,3575,113
779,1735,102,1875,95
780,778,3,370,4
781,2292,12,2167,34
782,864,4,537,8
783,3409,12,2884,40
784,2095,8,1943,35
785,1272,10,884,11
786,1927,11,600,9
787,3074,12,2422,43
788,455,4,881,11
789,1645,14,1401,20
790,1933,11,1402,11
791,3196,14,2887,40
792,1286,1,900,16
793,1350,9,1269,16
794,904,5,901,9
795,2023,520,1517,425
796,1975,383,1989,332
797,1465,518,1357,344
798,522,404,505,408
799,733,579,539,420
800,644,247,631,245
801,1813,341,1886,304
802,1811,9,1337,28
803,3131,23,2433,54
804,2766,18,1958,25
805,439,7,510,11
806,2560,14,2022,31
807,2828,21,2634,40
808,2348,13,1989,33
809,1643,8,1037,12
810,750,820,673,912
811,1226,1794,1083,1877
812,1161,1485,921,1656
813,1178,1159,923,1419
814,2370,5,1849,25
815,1714,384,1645,337
816,1105,896,939,850
817,1116,497,849,278
818,3558,267,3132,239
819,2509,14,2165,23
820,623,278,748,425
821,886,763,985,1093
822,620,358,341,218
823,1164,832,824,680
824,1714,1401,1812,1615
825,2627,1663,2646,1883
826,716,383,428,238
827,405,144,384,129
828,821,542,572,351
829,834,651,1100,777
830,390,560,378,617
831,752,478,967,657
832,988,806,602,602
833,738,543,572,689
834,1085,476,1344,390
835,2661,887,2557,584
836,1003,751,1019,498
837,1402,1130,1550,734
838,1526,1281,1430,707
839,359,502,406,316
840,1990,1671,2214,1059
841,740,572,897,565
842,1856,698,1592,485
843,1819,848,2157,680
844,1808,680,1768,412
845,1501,887,1346,502
846,1726,664,2480,584
847,993,547,1029,437
848,2079,1113,2176,907
849,1711,719,1719,662
850,677,374,749,395
851,2201,1159,2267,954
852,2150,1254,2208,986
853,1497,1044,1781,1068
854,2059,1205,2201,1066
855,1542,1097,1614,696
856,1278,812,1389,655
857,2016,1833,2204,1402
858,1264,1013,1281,816
859,878,828,915,661
860,1278,835,1830,857
861,656,542,687,467
862,1182,582,1045,584
863,1177,824,895,450
864,1319,1295,1531,967
865,1614,1073,2200,1080
866,1098,519,712,379
867,459,218,434,235
868,1360,653,1336,687
869,1596,732,1422,808
870,1604,766,1697,802
871,766,338,848,444
872,641,305,570,238
873,1634,1398,2589,2109
874,293,304,0,0
875,1746,1475,1544,1309
876,792,297,841,409
877,597,442,0,0
878,1722,1120,1470,952
879,1036,736,1069,797
880,1398,1092,1030,643
881,1884,1239,2090,1252
882,2050,1968,2408,1743
883,813,540,968,644
884,1659,907,1329,784
885,1319,1199,1704,1210
886,1292,828,1262,704
887,831,410,606,330
888,1628,954,1697,1185
889,407,215,388,252
890,1154,1021,1474,1278
891,636,461,476,331
892,1394,1057,1086,730
893,1089,949,1167,766
894,1415,1356,1391,1035
895,1473,935,1541,842
896,1620,1417,1744,1128
897,1954,1581,2103,1249
898,1617,1872,1812,1820
899,1614,1233,1595,1111
900,1304,995,1759,1137
901,672,262,1026,409
902,1810,1339,1462,1026
903,1542,1350,1709,1276
904,1624,1135,2212,1490
905,867,396,880,429
906,583,226,366,142
907,261,219,0,0
908,1824,1515,1944,1323
909,1588,1037,1473,984
910,1160,911,1183,891
911,904,642,858,644
912,996,762,906,731
913,1811,2251,1951,1949
914,1208,917,954,671
915,1591,1328,1671,1209
916,1412,1260,1904,1313
917,438,232,0,0
918,694,800,707,645
919,1766,2709,2226,2722
920,1553,1659,1579,1437
921,1474,773,1402,815
922,584,302,406,198
923,1307,687,1344,818
924,574,285,781,412
925,2366,1334,2764,1807
926,1618,1096,1952,1205
927,1269,830,1052,593
928,765,474,1327,615
929,565,158,357,104
930,1176,566,1279,681
931,952,581,857,676
932,1198,935,1124,836
933,2257,1488,2589,1702
934,558,253,539,285
935,566,269,463,202
936,683,237,827,255
937,439,131,521,158
938,864,401,1121,578
939,2065,1454,1877,1467
940,1987,1287,1887,1423
941,1119,620,1123,595
942,1398,993,1350,868
943,466,264,509,251
944,1494,1017,1369,1026
945,1774,869,2208,994
946,1071,460,939,497
947,874,519,315,152
948,1117,656,1302,663
949,1503,904,1680,1083
950,1115,437,1324,614
951,1481,781,1791,933
952,651,302,754,411
953,1127,664,848,537
954,685,229,852,312
955,1380,610,1208,528
956,1114,778,1701,1203
957,1453,695,1122,540
958,1814,1149,1344,908
959,999,434,769,331
960,1247,752,1316,697
961,541,365,303,235
962,1235,896,1388,1126
963,1708,1168,1357,1068
964,1716,1106,2014,1102
965,1531,1259,1758,1367
966,1556,1378,1228,903
967,1200,663,1199,702
968,534,319,640,299
969,693,607,652,574
970,852,421,759,436
971,907,476,1073,528
972,873,821,828,739
973,1398,1240,1420,1107
974,1163,563,999,587
975,678,390,783,455
976,1102,679,1141,735
977,781,518,827,500
978,480,298,465,339
979,1246,649,1219,691
980,682,642,632,579
981,1359,1089,1546,1367
982,1069,1062,687,671
983,914,976,1086,818
984,1560,1164,1636,923
985,1562,1297,1694,1203
986,505,549,593,475
987,655,783,666,686
988,1293,1072,2120,1464
989,1645,1073,1713,1010
990,1314,1256,1224,1132
991,932,445,1529,672
992,1303,498,861,423
993,1114,367,843,303
994,1656,810,1818,1171
995,864,417,897,505
996,1402,1117,1462,1034
997,726,319,830,398
998,951,461,1181,554
999,1368,857,1351,828
1000,1229,754,1277,751
1001,650,438,665,421
1002,435,124,506,155
1003,872,502,1186,593
1004,819,478,690,465
1005,1680,563,1904,381
1006,1518,475,1847,614
1007,1219,472,1415,415
1008,1495,568,1359,479
1009,1112,383,1028,379
1010,1502,691,1505,452
1011,1991,638,2159,517
1012,1833,721,2451,800
1013,1494,508,1612,490
1014,1209,446,1316,338
1015,1768,688,2024,669
1016,1805,816,1541,620
1017,737,484,759,453
1018,1105,841,917,628
1019,962,540,1374,638
1020,1225,697,1327,690
1021,910,785,1185,876
1022,1166,776,977,720
1023,1879,934,1533,618
1024,735,389,1109,475
1025,1030,602,1346,644
1026,1217,653,1273,598
1027,558,499,855,513
1028,483,69,1931,141
1029,1981,354,2545,256
1030,2383,449,1033,125
1031,1733,516,2957,357
1032,1684,258,2332,212
1033,1867,31,1778,47
1034,1192,178,930,69
1035,2164,387,1843,176
1036,1723,260,2091,190
1037,1644,110,2167,113
1038,1661,141,1256,64
1039,1069,97,996,61
1040,1471,210,1510,149
1041,2395,359,2670,245
1042,1939,212,2076,177
1043,1844,158,2739,209
1044,2663,231,1982,126
1045,1150,138,1202,91
1046,1601,1411,1582,1172
1047,1289,1109,1463,1648
1048,888,547,954,909
1049,901,558,705,543
1050,739,443,977,514
1051,622,406,474,331
1052,1284,839,1329,819
1053,1456,1015,1236,754
1054,892,836,1253,1059
1055,1048,656,1053,756
1056,933,633,1036,802
1057,1064,421,1556,641
1058,802,342,388,68
1059,843,389,1113,591
1060,783,446,777,420
1061,1244,602,663,356
1062,970,597,925,705
1063,879,408,1288,612
1064,869,448,918,432
1065,1288,710,1108,549
1066,1610,961,1660,685
1067,2395,1144,2622,744
1068,1910,192,1985,151
1069,2102,509,2112,328
1070,1201,265,1432,181
1071,1520,337,2021,296
1072,1889,476,1243,168
1073,1790,200,2176,155
1074,1873,209,1663,155
1075,1655,297,2143,236
1076,1559,255,1636,193
1077,776,124,456,57
1078,2361,463,2549,274
1079,1917,245,2600,214
1080,2126,309,1306,150
1081,1901,390,2693,320
1082,206,40,0,0
1083,637,78,1074,83
1084,1122,277,1743,213
1085,1327,350,1630,233
1086,698,119,639,60
1087,562,83,419,32
1088,270,46,658,51
1089,444,74,560,53
1090,635,162,295,35
1091,851,179,808,104
1092,313,70,451,49
1093,1222,275,2178,251
1094,1112,188,1819,275
1095,678,241,1099,152
1096,1160,459,1698,422
1097,959,419,947,251
1098,1078,276,1255,219
1099,879,269,1337,248
1100,1588,477,1858,424
1101,879,200,1394,217
1102,1470,372,1054,183
1103,898,281,1366,286
1104,1451,442,1796,498
1105,1027,418,1070,373
1106,1569,673,1539,452
1107,1831,673,1943,602
1108,1298,869,1405,854
1109,1313,1017,1344,758
1110,1547,985,1713,827
1111,528,284,538,282
1112,1679,273,1708,216
1113,1625,435,1627,344
1114,2406,588,2396,473
1115,896,637,1240,815
1116,795,500,1027,496
1117,300,121,366,130
1118,917,359,986,166
1119,690,194,722,157
1120,768,129,778,100
1121,463,174,525,166
1122,1680,523,1865,489
1123,2489,108,2302,116
1124,2775,76,2120,72
1125,2433,62,2186,64
1126,1671,30,1738,52
1127,1907,14,1573,38
1128,1226,11,1201,25
1129,1058,149,960,108
1130,2021,41,1573,56
1131,1710,21,1126,19
1132,2964,25,2504,61
1133,2409,106,2775,100
1134,2163,466,1477,387
1135,849,566,904,388
1136,1575,630,1701,584
1137,1908,405,2021,334
1138,1556,609,1806,660
1139,422,313,263,153
1140,1645,1517,1673,1409
1141,1477,919,1536,852
1142,1217,685,745,441
1143,1729,944,2222,1028
1144,1307,854,1713,816
1145,1597,1009,1325,629
1146,950,462,1152,576
1147,1213,713,901,527
1148,836,519,896,486
1149,1297,687,1331,709
1150,824,240,489,60
1151,1368,775,1784,862
1152,2185,1503,2416,1099
1153,1530,1216,1943,1080
1154,689,669,995,784
1155,1122,1138,678,494
1156,418,638,459,497
1157,1983,2254,2097,1914
1158,883,748,1064,692
1159,1321,815,901,603
1160,1633,1901,1780,2184
1161,1364,979,1164,1111
1162,560,228,0,0
1163,1246,148,2084,463
1164,1174,794,1138,1022
1165,962,575,822,655
1166,895,582,760,789
1167,839,499,292,239
1168,1071,129,1321,467
1169,543,473,515,554
1170,1530,831,1518,744
1171,628,390,693,442
1172,1135,598,1299,922
1173,748,346,627,290
1174,1009,598,416,338
1175,958,684,1387,1068
1176,968,660,822,601
1177,742,439,1028,628
1178,1848,263,1859,198
1179,1438,267,1566,211
1180,1498,43,938,27
1181,1662,37,2501,49
1182,769,17,623,14
1183,1511,639,2359,772
1184,1388,1120,1186,843
1185,1528,908,1399,692
1186,1581,1002,1261,769
1187,1099,678,871,806
1188,1182,910,1138,964
1189,1116,797,1718,878
1190,750,625,630,535
1191,666,474,603,470
1192,955,664,903,715
1193,1297,836,1172,910
1194,1041,866,1119,937
1195,1170,993,1311,1124
1196,1744,1452,1893,1260
1197,1071,744,584,462
1198,1092,961,998,728
1199,852,751,1008,767
1200,818,680,989,741
1201,421,308,343,318
1202,1200,534,691,350
1203,1284,854,1095,1019
1204,697,559,532,628
1205,761,727,682,807
1206,1347,1046,1271,1098
1207,1605,484,1635,502
1208,1238,655,803,531
1209,1326,735,1864,1090
1210,1401,467,1608,421
1211,1077,480,890,333
1212,1355,1439,1197,1520
1213,648,3,429,14
1214,962,1291,637,948
1215,643,1076,824,1242
1216,1376,871,1329,1087
1217,1461,783,1313,869
1218,900,789,628,608
1219,1063,789,1124,995
1220,1355,1752,1285,1698
1221,1712,1455,1542,1618
1222,403,402,212,228
1223,688,626,809,827
1224,774,1143,812,1288
1225,1256,1707,969,1238
1226,1016,1243,998,1346
1227,1200,1450,1048,1608
1228,1210,1618,1077,1700
1229,1068,1237,957,1341
1230,835,1264,942,1643
1231,1734,1677,1638,1877
1232,1960,1949,1824,2155
1233,1638,1794,1277,1422
1234,2024,1392,1035,911
1235,1522,1672,803,1048
1236,1032,1418,1122,1448
1237,657,757,418,473
1238,890,952,1341,1583
1239,2390,2371,2320,2464
1240,1507,1881,1398,1785
1241,1943,2621,2747,3455
1242,968,880,870,922
1243,1653,1657,1536,1723
1244,1881,1445,1611,1510
1245,2414,43,1948,74
1246,677,249,643,270
1247,1733,1768,1569,1924
1248,1536,1170,1187,1153
1249,1857,1737,1922,2182
1250,1004,752,923,761
1251,1045,919,1143,1116
1252,904,630,692,671
1253,847,492,516,353
1254,1281,623,1123,634
1255,1533,345,1482,349
1256,1140,108,889,68
1257,1707,1224,1489,1316
1258,464,258,422,276
1259,894,879,738,848
1260,1086,930,950,967
1261,703,634,425,471
1262,1509,1304,1550,1654
1263,3350,184,3056,167
1264,3400,360,3125,285
1265,1312,57,1207,66
1266,3024,424,2781,413
1267,2677,153,2267,228
1268,1562,158,1433,146
1269,1611,58,1497,39
1270,2405,84,2175,94
1271,2832,176,2961,152
1272,1138,171,1097,127
1273,1017,68,780,70
1274,1787,363,1249,211
1275,2171,131,1992,123
1276,1885,340,2086,262
1277,1897,157,2151,189
1278,2200,112,2049,83
1279,1476,46,1221,35
1280,2101,45,2028,48
1281,2547,100,2437,91
1282,2893,124,2193,68
1283,2483,81,2054,65
1284,1680,52,1453,48
1285,2159,126,1762,128
1286,1053,14,735,14
1287,635,6,287,11
1288,2022,32,1577,46
1289,853,10,836,22
1290,1823,116,1192,55
1291,1141,15,779,20
1292,1934,24,1520,57
1293,1807,177,1376,130
1294,2272,10,1760,31
1295,1072,100,922,77
1296,1320,590,539,225
1297,1710,183,2056,222
1298,1715,313,1966,251
1299,1562,278,1291,137
1300,1454,104,1437,106
1301,1288,422,1325,334
1302,1426,878,1401,585
1303,1002,943,1138,752
1304,1314,777,1634,735
1305,1095,622,1310,432
1306,990,596,972,545
1307,1056,600,1840,686
1308,1602,563,908,169
1309,1142,153,1178,131
1310,1794,363,1573,319
1311,2497,1196,2897,1013
1312,3032,537,2786,425
1313,1694,853,1737,669
1314,2153,604,2125,386
1315,1567,439,1645,262
1316,2309,270,2301,269
1317,1934,908,1737,474
1318,815,569,773,364
1319,1033,188,441,182
1320,379,25,479,43
1321,604,158,473,61
1322,909,407,831,291
1323,1015,642,730,440
1324,1118,84,1424,201
1325,783,8,532,9
1326,1722,397,1676,327
1327,570,294,641,324
1328,666,436,603,424
1329,2313,241,1595,260
1330,2603,1039,2561,623
1331,3295,869,2755,793
1332,4545,392,5056,375
1333,505,406,457,393
1334,3867,157,3595,99
1335,3465,226,3751,223
1336,2479,431,2340,264
1337,588,139,709,94
1338,1998,184,1840,175
1339,2285,132,2377,135
1340,2152,331,1475,144
1341,2296,210,1933,99
1342,1322,263,1920,268
1343,1754,264,1888,201
1344,1445,511,1416,349
1345,1045,108,1681,93
1346,1926,265,2519,241
1347,1361,245,2168,198
1348,1189,165,1359,109
1349,1829,297,1558,191
1350,1157,266,545,110
1351,1536,356,2584,357
1352,925,128,1215,105
1353,1038,26,947,29
1354,1753,36,1461,79
1355,628,136,930,152
1356,1631,440,2085,448
1357,457,107,861,185
1358,1717,538,1864,404
1359,1133,323,1642,236
1360,484,86,1256,187
1361,924,139,1318,132
1362,1289,262,1705,192
1363,1243,292,1063,166
1364,1034,143,1008,67
1365,1297,486,1016,201
1366,1325,475,2044,420
1367,643,199,771,187
1368,1737,396,2462,428
1369,2003,602,3041,506
1370,270,109,1044,237
1371,196,4,343,22
1372,2638,5,1776,31
1373,2580,15,1676,26
1374,4285,28,3674,56
1375,1413,20,1116,18
1376,594,3,432,0
1377,1939,10,801,14
1378,808,4,784,11
1379,1046,1,431,9
1380,1940,8,793,10
1381,1951,52,1292,54
1382,1160,82,1348,63
1383,557,232,558,207
1384,989,5,348,8
1385,674,4,816,17
1387,448,4,563,14
1388,976,6,624,5
1389,1007,12,1216,16
1390,1574,13,1132,14
1391,710,69,1315,56
1392,544,18,659,27
1393,569,5,1479,27
1395,1174,61,731,45
1396,1163,12,823,17
1397,1670,18,1260,39
1398,345,17,0,0
1399,972,7,682,15
1400,1124,26,1333,41
1401,861,4,462,6
1402,1159,34,589,12
1403,1148,35,823,32
1404,1097,45,1275,51
1405,1380,144,0,0
1406,637,121,1192,130
1407,973,129,218,37
1408,334,2,0,0
1409,1875,9,1374,14
1410,1439,234,1599,236
1411,2563,455,3627,496
1412,1429,341,2673,420
1413,893,21,1448,43
1414,1259,26,989,22
1415,1362,13,779,15
1416,1677,580,1364,441
1417,501,203,860,346
1418,1208,544,1192,586
1419,751,393,840,403
1420,543,243,482,198
1421,533,160,758,236
1422,562,117,424,71
1423,438,82,649,171
1424,760,82,962,40
1425,238,25,0,0
1426,395,1,1210,113
1427,1151,314,1046,273
1428,913,120,1560,93
1429,1065,198,1367,126
1430,865,5,463,8
1431,1304,3,717,4
1432,319,0,209,8
1433,433,16,468,16
1434,1364,8,963,25
1435,1161,279,2016,318
1436,329,25,453,46
1437,2580,65,2988,100
1438,1323,210,1868,324
1439,1412,382,1102,148
1440,2611,21,1154,19
1441,1005,4,529,3
1442,1285,533,1061,543
1443,615,109,979,137
1444,1457,43,1527,86
1445,1980,10,2251,30
1446,1173,14,1229,30
1447,1663,243,2273,219
1448,345,4,885,15
1449,621,159,534,6
1450,425,59,883,51
1451,737,4,647,11
1452,1148,261,1049,196
1453,1190,86,702,114
1454,1582,15,2078,39
1455,146,72,271,255
1456,279,148,657,217
1457,1133,1670,665,2003
1458,1020,1383,515,1700
1459,293,311,141,339
1461,876,830,428,1131
1462,561,876,243,1104
1463,565,829,271,1116
1464,814,1035,403,1383
1465,676,1292,357,1707
1466,1171,1087,858,1324
1467,1385,1330,960,1616
1468,438,562,324,588
1469,2674,2612,1927,2270
1470,651,492,567,480
1471,676,384,972,869
1472,1400,1133,1150,1088
1473,1510,932,992,611
1474,2159,1157,1933,1138
1475,2264,687,1801,669
1476,1401,281,2251,1081
1477,1710,673,945,439
1478,1673,1019,0,0
1479,1108,635,258,166
1480,852,758,989,1102
1481,914,1155,540,960
1482,894,1238,820,1511
1483,799,883,549,1078
1484,617,559,494,760
1485,571,562,481,668
1486,917,127,1655,673
1487,417,687,292,786
1488,1132,1417,595,1694
1489,1364,1839,816,2138
1490,185,222,111,236
1491,209,180,96,223
1492,452,764,237,846
1493,1262,1940,769,2305
1495,762,1342,413,1556
1496,752,959,530,991
1497,539,246,793,366
1498,1173,678,1065,757
1499,711,462,728,599
1500,1474,1404,1226,1426
1501,712,503,698,476
1502,1366,1180,1467,1418
1503,1635,1538,1225,1461
1504,573,357,735,536
1505,913,954,658,913
1506,1323,1062,1465,990
1507,730,417,758,397
1508,498,402,504,440
1509,720,519,667,461
1510,1067,691,1010,732
1511,379,204,583,301
1512,1048,558,521,388
1513,818,808,785,878
1514,913,458,672,244
1515,755,351,501,304
1516,774,572,884,599
1517,746,349,969,536
1518,990,575,866,580
1519,698,321,864,380
1520,635,857,672,1017
1521,792,558,734,585
1522,847,704,695,778
1523,1660,831,1561,861
1524,1053,902,1079,1055
1525,1140,878,997,1005
1526,1002,586,1029,719
1527,583,371,1051,631
1528,823,656,638,635
1529,869,895,974,969
1530,430,333,230,200
1531,570,670,755,790
1532,961,861,889,805
1533,1588,858,1439,703
1534,1939,1180,760,635
1535,314,502,1247,1211
1536,648,325,717,306
1537,1405,898,1297,683
1538,1347,792,951,582
1539,651,347,1144,582
1540,1338,994,1245,1115
1541,1094,1149,1028,1132
1542,398,330,632,790
1543,677,577,720,594
1544,468,541,418,465
1545,1202,733,1025,853
1546,869,558,741,490
1547,1032,896,1262,1244
1548,521,244,177,137
1549,545,211,837,345
1550,953,665,940,752
1551,831,419,1094,521
1552,932,642,245,214
1553,1034,647,863,539
1554,1304,856,1328,939
1555,1108,1411,1263,1535
1556,1498,1246,1122,1006
1557,954,946,1123,1101
1558,1091,1083,1001,1019
1559,1153,1230,1107,1097
1560,1034,718,931,558
1561,315,114,408,95
1562,523,422,529,337
1563,1640,1544,1505,1389
1564,1108,663,1336,803
1565,1076,755,905,432
1566,241,209,277,176
1567,877,663,907,597
1568,1341,716,1366,652
1569,1024,1205,1205,1209
1570,1158,725,1205,662
1571,956,470,974,428
1572,1222,1695,1145,1269
1573,1491,1855,1357,1467
1574,809,1023,813,715
1575,527,524,578,480
1576,1421,1203,1710,1074
1577,1399,1273,1738,1014
1578,1300,1103,1149,676
1579,1239,954,1213,731
1580,1068,930,1308,805
1581,739,744,1043,736
1582,1206,1405,1309,1145
1583,1230,1711,1033,1041
1584,1495,1393,786,595
1585,1197,1071,1524,1143
1586,887,786,836,675
1587,1187,986,1312,859
1588,1506,1397,1481,1069
1589,1014,687,1010,691
1590,1779,1634,1424,1073
1591,988,956,791,651
1592,870,555,948,586
1593,879,706,1271,873
1594,976,852,874,679
1595,1560,1387,1909,1199
1596,1493,1318,1222,810
1597,1053,711,1048,668
1598,826,485,738,512
1599,1232,790,1268,820
1600,1253,843,975,718
1601,732,513,856,625
1602,950,718,1016,764
1603,1956,1527,1796,1109
1604,721,658,822,653
1605,1039,728,887,576
1606,1149,945,854,618
1607,1095,792,984,718
1608,1070,863,1229,909
1609,815,991,837,823
1610,1143,1052,1257,862
1611,1344,1319,932,676
1612,1528,1160,1489,1164
1613,457,479,568,457
1614,1466,1181,1625,1074
1615,1153,578,989,512
1616,861,550,1082,668
1617,1307,545,1390,546
1618,667,525,896,609
1619,1101,1085,1177,948
1620,1442,1625,1252,1140
1621,804,718,847,817
1622,851,1190,967,985
1623,1124,1703,1096,1278
1624,1063,1094,1444,1364
1625,915,757,657,526
1626,1332,1550,1206,1148
1627,1139,962,1402,1082
1628,1215,975,1127,817
1629,908,679,975,605
1630,1247,958,1305,805
1631,1442,1150,1390,1097
1632,1581,1724,1631,1227
1633,1123,1380,1357,1257
1634,676,1079,741,819
1635,760,957,833,834
1636,801,977,791,845
1637,1148,894,1051,751
1638,844,874,810,808
1639,864,466,1101,648
1640,1248,1164,850,816
1641,867,894,1009,1056
1642,793,570,1001,649
1643,787,449,645,420
1644,1373,928,1039,604
1645,1289,906,1535,1004
1646,1158,831,1121,727
1647,1954,1786,1938,1495
1648,1344,961,1306,850
1649,861,792,821,719
1650,1291,1054,1073,844
1651,1277,714,1541,1009
1652,963,924,975,970
1653,1828,2090,1481,1582
1654,1036,837,1079,787
1655,888,629,1131,840
1656,1208,1015,1142,957
1657,648,506,499,469
1658,557,810,647,850
1659,1267,1418,1133,1164
1660,1603,1191,1599,1168
1661,944,706,958,754
1662,918,794,786,606
1663,1042,628,1062,600
1664,1471,1055,1486,889
1665,1003,818,1185,692
1666,1083,843,1001,693
1667,1028,824,1057,738
1668,1925,1508,1330,907
1669,1536,1138,1594,910
1670,816,677,1521,970
1671,982,1025,976,748
1672,1497,1309,1205,860
1673,1567,1443,1703,1227
1674,1213,1349,947,757
1675,605,563,1089,845
1676,2188,1699,2330,1510
1677,2146,1327,1647,1003
1678,1100,612,1046,614
1679,689,333,696,335
1680,1070,428,1106,391
1681,1121,571,1377,719
1682,1247,746,1155,727
1683,1480,1204,1435,928
1684,1101,826,1078,814
1685,1172,1019,1103,828
1686,1450,978,1298,718
1687,956,978,1557,1140
1688,577,520,1006,531
1689,1442,1203,1267,809
1690,1055,560,591,385
1691,876,401,1240,465
1692,1537,1015,1108,571
1693,819,730,982,708
1694,1229,1008,1890,1351
1695,804,377,1325,504
1696,772,280,639,207
1697,758,381,742,310
1698,1442,769,1321,666
1699,614,650,730,464
1700,988,524,1099,456
1701,1155,556,1503,594
1702,1752,910,1504,683
1703,1271,972,1388,769
1704,1311,768,1239,546
1705,1272,1128,1424,959
1706,929,557,820,469
1707,806,794,579,402
1708,1201,905,1317,867
1709,675,319,768,305
1710,573,411,448,365
1711,546,333,554,308
1712,913,590,1141,720
1713,449,848,214,1004
1714,529,694,257,885
1715,1040,975,415,945
1716,887,828,537,1420
1717,838,1053,370,1391
1718,398,751,154,978
1719,534,1018,191,1334
1720,208,368,89,466
1721,693,1731,383,2190
1722,843,2063,562,2445
1723,532,1251,285,1544
1724,518,1136,265,1400
1725,724,1628,338,2231
1726,851,1714,497,1389
1727,399,702,113,325
1728,702,1098,640,2111
1729,475,782,248,1053
1730,588,807,241,945
1731,1060,1390,572,1900
1732,268,394,136,516
1733,117,152,60,190
1734,891,1126,388,1464
1735,568,848,174,1304
1736,349,546,199,581
1737,726,1294,420,1548
1738,411,666,257,685
1739,741,1573,538,1666
1741,903,738,462,1182
1742,819,804,426,1160
1743,723,618,345,887
1744,899,728,500,1179
1745,1347,1539,795,2000
1746,296,346,169,435
1747,575,599,308,891
1748,2224,2577,1165,3376
1751,289,306,171,425
1752,805,1149,386,1581
1753,427,300,272,388
1754,1761,1255,1168,1669
1755,609,468,340,639
1756,682,601,382,788
1757,1102,666,660,991
1758,681,495,523,565
1759,303,153,200,181
1760,1050,475,654,712
1761,1205,546,856,721
1762,1062,628,655,910
1763,101,99,49,127
1764,749,565,374,801
1765,766,558,317,865
1766,821,654,340,1077
1767,1192,1329,353,1277
1769,639,762,469,1605
1771,787,962,383,1263
1772,1465,1284,1161,1650
1773,1713,1398,1709,2295
1774,1569,1972,1174,2285
1775,305,202,0,0
1776,994,1137,790,1203
1777,647,823,463,906
1778,622,719,416,850
1779,1510,1475,952,1826
1780,1218,952,790,1439
1781,1020,725,610,1000
1782,202,256,111,338
1783,826,1092,390,1475
1784,768,1005,301,1393
1785,448,693,224,893
1786,541,639,352,980
1787,500,549,235,712
1788,452,586,228,647
1789,832,895,490,1043
1790,637,706,306,920
1791,731,1093,304,1235
1792,462,784,215,902
1793,430,546,205,751
1794,584,374,303,571
1795,862,469,440,707
1796,769,698,412,877
1797,1430,855,953,1211
1798,1357,1495,978,1852
1799,371,454,204,526
1800,787,924,532,1092
1801,1847,2227,1414,2395
1802,1055,1098,683,1333
1803,1419,1194,840,1623
1804,507,216,311,340
1805,608,230,407,285
1806,1124,544,812,694
1807,1083,752,853,1025
1808,514,348,285,415
1809,1079,926,599,1194
1810,885,1269,452,1482
1811,508,1009,289,1149
1812,425,1082,200,1192
1813,124,148,59,169
1814,939,1437,460,1649
1815,423,720,266,793
1816,564,1230,360,1281
1817,339,1110,189,1199
1818,436,689,229,836
1819,723,1173,417,1515
1820,754,978,516,1234
1821,657,727,405,1006
1822,1380,1595,866,1923
1823,883,915,612,878
1824,647,345,725,836
1825,1140,432,876,370
1826,904,200,1071,316
1827,2452,1239,1747,695
1828,601,131,450,111
1829,1695,250,593,183
1830,335,66,491,99
1831,1556,1137,1454,1175
1832,1521,499,1411,502
1833,544,939,223,1245
1835,1519,2025,701,2730
1836,737,1182,422,1591
1837,564,796,259,1101
1838,1150,1474,754,2539
1839,794,1175,403,1554
1840,936,1272,488,1065
1841,447,569,379,658
1842,668,827,667,1083
1843,675,1143,399,1378
1844,438,249,351,280
1845,325,187,179,97
1846,728,428,124,349
1847,1059,1122,500,1736
1848,704,758,370,1173
1849,728,695,464,929
1850,1631,1810,855,2462
1851,472,564,235,854
1852,448,380,255,594
1853,1192,1039,690,1250
1854,1335,1055,863,1378
1855,1716,1016,1371,1171
1856,691,690,636,791
1857,712,596,460,642
1858,757,774,442,889
1859,629,1388,368,1638
1860,662,1230,392,1521
1861,523,1160,320,1190
1862,57,134,62,300
1863,1441,633,1426,649
1864,861,701,893,811
1865,1404,1025,1418,1125
1866,1818,1669,1677,1759
1867,522,216,539,216
1868,608,185,610,189
1869,1043,382,1037,333
1870,918,491,813,471
1871,364,295,328,281
1872,1470,1141,1367,1053
1873,2050,2056,1820,1958
1874,3759,3766,4845,5642
1875,3363,4226,3134,4331
1876,435,555,324,618
1877,1766,772,1756,596
1878,1580,972,1445,817
1879,1048,499,948,440
1880,923,509,837,431
1882,335,80,358,77
1883,1120,310,1040,298
1884,245,68,242,60
1885,896,392,803,360
1886,1254,1013,1141,1121
1887,1282,1179,1268,1007
1888,2573,2235,3089,2942
1889,1681,1138,1569,1215
1890,1025,478,958,527
1891,815,559,744,494
1892,1425,1096,1418,1080
1893,882,997,745,1102
1894,1915,1463,1589,1401
1895,2017,2694,1922,2284
1896,1608,2235,1618,2000
1897,1879,2269,1825,2227
1898,1686,1308,1524,1113
1899,1834,1443,1692,1493
1900,212,107,187,121
1901,1999,2829,1751,2618
1902,1848,2718,1652,2562
1903,1123,1591,810,1590
1904,1872,1468,1785,1361
1905,2190,1914,2153,1676
1906,1384,1701,1362,1331
1907,2148,1532,1924,1336
1908,1270,844,1147,794
1909,1361,1282,1341,1093
1910,1999,1882,2418,1921
1911,1058,1240,1141,1263
1912,1716,1407,1586,1284
1913,1710,876,2882,1368
1914,616,110,266,51
1915,694,237,1282,356
1916,1410,798,1824,1061
1917,227,68,257,77
1918,1069,506,786,358
1919,756,558,1119,744
1920,1316,633,1752,887
1921,835,339,759,272
1922,1209,299,1497,648
1923,752,272,1232,236
1924,588,185,647,249
1925,1175,292,1296,335
1926,491,203,860,401
1927,1072,125,1347,195
1928,516,24,310,29
1929,298,44,361,202
1930,1551,1071,1548,523
1931,875,874,870,733
1932,1471,831,1353,845
1933,981,329,1240,293
1934,264,101,296,52
1935,731,188,1077,145
1936,780,311,545,212
1937,2366,947,2170,1022
1938,3248,3724,3197,4001
1939,2462,2102,2075,2024
1940,2255,2780,1994,2767
1941,767,203,763,230
1942,715,270,725,138
1943,1869,2238,1940,2082
1944,1659,858,1508,865
1945,116,265,69,298
1946,406,575,561,1260
1947,1906,2244,1177,2223
1948,841,1073,541,1324
1949,1144,1562,764,1948
1950,872,1156,497,702
1951,1177,1587,216,455
1952,1758,1567,1112,1981
1953,511,598,433,242
1954,1405,1427,1563,2792
1955,779,648,538,666
1956,1064,1562,799,1817
1957,1071,33,803,53
1958,351,562,244,617
1959,435,706,489,861
1960,854,675,431,555
1961,440,125,0,0
1962,690,17,449,132
1963,1071,22,489,20
1964,722,401,413,463
1965,524,535,848,1169
1966,250,296,475,540
1967,1068,1070,841,1136
1968,566,652,521,597
1969,941,818,874,779
1970,1126,269,651,472
1971,1379,482,1677,280
1972,643,549,1063,552
1973,590,1038,433,1195
1974,3677,2559,2251,1746
1975,3126,3370,4060,4498
1976,828,605,597,439
1977,697,572,828,752
1978,1486,1157,1336,1123
1979,1796,1456,1577,1478
1980,5394,4351,5642,5485
1981,2771,1972,2339,2361
1982,1942,2701,1557,2912
1983,3025,2637,3355,3418
1984,805,900,522,1058
1985,1026,874,682,1093
1986,1454,712,1370,1276
1987,1590,1332,271,250
1988,963,585,1057,866
1989,1079,600,944,737
1990,514,326,371,261
1991,534,174,607,413
1992,617,181,428,316
1993,1127,505,835,662
1994,669,311,692,214
1995,575,434,338,430
1996,898,627,581,834
1997,670,498,412,726
1998,818,631,485,696
1999,852,729,487,905
2000,2036,1297,2081,1254
2001,609,805,463,815
2002,1111,1085,670,960
2003,1259,1049,628,554
2004,1341,328,811,230
2006,1621,859,1827,903
2007,709,353,763,341
2008,1291,1042,1114,1035
2010,1295,1147,968,1226
2011,736,663,601,912
2012,1077,1191,826,1394
2013,809,967,824,1085
2014,1826,1661,1316,1547
2015,798,847,489,678
2016,1501,1204,697,918
2017,1353,1026,941,1157
2018,1422,1161,1409,1770
2019,1757,1258,1961,1664
2020,749,746,917,1004
2021,1472,1133,984,860
2022,1161,856,1324,1074
2023,1288,1094,1158,1277
2024,1709,1214,1663,1328
2025,1316,1182,728,920
2026,972,760,1108,1039
2027,1201,901,801,656
2028,1236,811,1103,662
2029,2495,1689,2093,1264
2030,975,761,1160,815
2031,821,571,777,535
2032,1122,681,612,298
2033,833,613,1074,753
2034,1148,570,1173,641
2035,357,125,416,168
2036,856,381,683,332
2037,2758,1613,3016,1794
2038,625,299,447,246
2039,265,107,479,223
2040,1728,590,1619,456
2041,729,476,901,579
2042,1087,476,455,319
2043,1465,978,1989,1044
2044,1158,712,410,212
2045,438,357,829,472
2046,992,764,1079,712
2047,1714,1596,1780,1454
2048,1660,1527,1695,1376
2049,1245,1013,1198,1044
2050,1056,856,883,773
2051,1186,726,1243,723
2052,834,616,917,553
2053,1206,1072,1240,1017
2054,666,377,665,417
2055,1080,562,543,211
2056,1662,607,1543,500
2057,850,222,481,85
2058,812,345,803,393
2059,1522,510,1645,468
2060,1192,269,1560,239
2061,822,184,1068,316
2062,1444,340,1453,356
2063,534,11,693,52
2064,729,151,0,0
2065,339,39,484,36
2066,286,47,0,0
2067,262,67,533,48
2068,1591,463,1041,216
2069,999,308,1780,381
2070,940,169,546,101
2071,786,55,532,21
2072,547,26,405,32
2073,662,89,835,80
2074,891,26,420,16
2075,163,33,125,21
2076,839,152,665,143
2079,547,26,830,50
2080,1005,89,431,60
2081,1759,1437,1524,1004
2082,732,650,952,597
2083,1144,1255,719,573
2084,913,1485,1504,1512
2085,892,1080,956,872
2086,1069,1175,857,617
2087,831,669,862,684
2088,1271,1187,1632,1183
2089,662,642,756,580
2090,1459,1260,1404,972
2091,1428,839,1386,802
2092,1128,1059,1249,900
2093,1580,1361,1555,968
2094,1224,780,1429,780
2095,1122,494,993,409
2096,3277,2723,3637,3091
2097,1568,1117,1562,1081
2098,1066,750,960,676
2099,1392,1257,1046,884
2100,1105,673,1513,884
2101,696,676,571,751
2102,1209,947,1035,1101
2103,2129,1818,2499,2604
2104,605,593,296,398
2105,772,941,815,1019
2106,1129,1515,1170,1376
2107,582,756,551,610
2108,640,877,591,682
2109,1084,1350,1111,1192
2110,1858,1867,1887,1812
2111,1246,1625,1336,1449
2112,1081,1509,1152,1518
2113,1315,1207,1425,1249
2114,1222,969,1074,973
2115,1077,945,1109,837
2116,1380,1385,1534,1518
2117,1031,1196,783,817
2118,1994,974,2659,1235
2119,417,238,405,208
2120,1357,931,1397,844
2121,1399,955,1937,968
2122,2390,1169,2786,1222
2123,390,272,453,273
2124,846,513,772,452
2125,1543,741,1477,640
2126,822,521,779,469
2127,1939,653,1886,629
2128,1710,739,1541,684
2129,1943,872,1072,476
2130,912,465,763,366
2131,1453,1100,964,570
2132,993,1524,1024,1225
2133,840,1207,852,932
2134,1316,546,1801,561
2135,1750,898,1451,533
2136,1045,539,1819,556
2137,1753,781,2227,603
2138,2135,699,1686,335
2139,1134,422,1121,301
2140,353,566,344,439
2141,1272,518,1366,505
2142,1611,452,609,133
2143,1314,388,1395,372
2144,452,165,574,177
2145,1364,430,1369,299
2146,1435,397,1880,339
2147,3411,918,3270,616
2148,1032,242,1966,448
2149,2060,604,1190,235
2150,2213,1944,1715,1663
2151,738,153,974,133
2152,1650,1964,2075,1671
2153,1494,1457,1057,1865
2154,597,619,361,837
2155,1049,1196,644,1427
2156,826,858,706,870
2157,542,503,443,499
2158,1110,774,938,1067
2159,2101,1489,1820,1927
2160,1700,1679,1140,2097
2161,1186,954,764,1278
2162,416,340,297,462
2163,1165,738,508,474
2164,663,312,518,485
2165,956,455,913,814
2166,906,527,708,683
2167,1454,1032,1206,1210
2168,754,464,570,504
2169,1050,660,712,812
2170,230,149,386,322
2171,1179,746,482,550
2172,1594,1092,1091,1177
2173,900,641,804,798
2174,1369,1443,904,1716
2175,583,386,334,469
2176,690,543,866,1482
2177,659,726,447,910
2178,1262,1401,597,1325
2179,536,406,234,488
2180,472,282,93,141
2181,1005,1135,414,1515
2182,745,882,297,1211
2183,822,1013,407,1289
2185,444,373,172,506
2186,453,863,316,876
2187,1142,1494,870,1541
2188,708,596,524,572
2189,1310,1262,1026,1207
2190,1227,1417,927,1463
2191,654,408,418,484
2192,546,450,363,485
2193,805,731,503,792
2194,920,1037,581,1192
2196,1587,1802,1063,2090
2197,662,756,356,1029
2198,520,1097,290,1136
2199,608,589,400,730
2200,570,674,419,744
2201,611,963,436,953
2202,586,1129,416,1258
2203,270,539,207,780
2204,775,1641,436,1488
2205,772,1242,476,1219
2206,707,1125,310,968
2207,665,834,289,625
2208,557,724,348,817
2209,708,861,760,1451
2210,523,674,391,805
2211,756,1202,333,1067
2212,562,767,406,1229
2213,753,807,416,1007
2214,490,654,259,725
2215,897,724,690,790
2216,1141,543,1194,617
2217,285,104,396,108
2218,295,242,257,291
2219,1316,1139,1119,1110
2220,375,299,305,308
2221,642,778,334,858
2222,589,765,318,981
2223,1640,1805,1228,2067
2224,1468,1765,1090,2101
2225,1450,1476,1042,1631
2226,772,739,613,743
2227,785,546,567,593
2228,2082,1779,1665,2158
2229,1022,625,925,723
2230,1980,1937,1424,2158
2231,586,384,418,519
2232,1087,977,875,1130
2233,2290,1853,1795,2063
2234,819,763,617,781
2235,1721,1842,1270,2213
2236,1352,1425,946,1654
2237,1075,940,692,1143
2238,2243,2192,1917,2466
2239,1278,980,1108,946
2240,650,583,561,612
2241,1879,2042,1594,1988
2242,1161,1046,872,1265
2243,724,690,553,846
2244,1431,1044,1192,1233
2245,1858,1683,1705,1942
2246,855,539,787,550
2247,1352,910,1169,880
2248,887,625,787,669
2249,857,900,656,1029
2250,1338,1399,1018,1564
2251,3698,2762,2911,3009
2252,1533,1404,1813,1724
2253,1400,1513,1284,1640
2254,1001,1199,986,1368
2255,1771,1472,1529,1702
2256,919,661,748,769
2257,2062,1696,1800,1731
2258,1283,915,1149,959
2259,1033,782,769,847
2260,1657,1598,1136,1159
2261,839,697,798,770
2262,1118,839,1027,929
2263,518,312,478,405
2264,1221,816,1182,905
2265,805,683,662,668
2266,1524,1610,1106,1241
2267,1969,1604,1661,1665
2268,1471,1284,1221,1230
2269,930,816,1495,1654
2270,2107,1659,1784,1881
2271,1435,1379,1312,1388
2272,761,688,677,649
2273,3236,3635,3044,4340
2274,1355,1332,1145,1312
2275,1717,1029,1859,1227
2276,1799,1366,1897,1335
2277,1513,1509,1603,1669
2278,1644,496,1417,507
2279,704,479,801,476
2280,2046,1503,1919,1305
2281,592,259,827,327
2282,800,634,897,544
2283,526,602,452,493
2284,1156,1020,1136,831
2285,1357,1889,1386,1419
2286,621,734,607,698
2287,1548,1874,1460,1707
2288,1035,1142,995,924
2289,878,536,727,474
2290,776,761,735,652
2292,387,186,708,372
2293,674,229,1573,1298
2294,704,769,471,503
2295,773,487,824,651
2296,1254,842,1040,1032
2297,541,183,433,205
2298,540,168,552,196
2299,1022,436,963,422
2300,997,904,939,776
2301,517,372,326,259
2302,507,841,521,767
2303,1326,1992,1321,1468
2304,1346,2258,1105,2524
2306,955,1476,716,1560
2307,2097,2911,1830,3377
2308,244,375,193,413
2309,692,964,475,1102
2310,353,603,234,615
2311,391,631,238,676
2312,936,1553,675,1622
2313,1247,1078,1203,964
2314,756,528,667,570
2315,718,1148,471,1277
2316,797,198,1427,339
2317,253,116,235,271
2318,616,190,1320,672
2319,663,234,1221,924
2320,532,69,197,295
2321,768,62,0,0
2322,262,217,0,0
2323,796,537,334,286
2324,1084,688,1109,945
2325,672,992,0,0
2326,366,438,0,0
2327,1335,1390,1071,1302
2329,961,746,213,268
2330,631,563,0,0
2331,488,468,0,0
2332,660,321,0,0
2333,1119,418,0,0
2334,493,258,0,0
2335,1243,1467,836,1725
2336,714,1164,479,1399
2337,500,709,382,709
2338,1234,1695,896,1839
2339,1323,2250,918,2679
2340,639,898,229,656
2341,557,953,531,1547
2342,470,688,230,838
2343,995,1225,556,1468
2344,771,1615,438,1110
2345,944,1172,849,1200
2346,1198,753,904,1040
2347,1103,1432,975,1772
2348,752,932,414,1122
2349,548,89,2579,2460
2350,229,197,123,250
2351,1139,987,591,1332
2352,671,853,326,1141
2353,1867,1705,1091,2302
2354,51,31,37,51
2355,859,847,430,1200
2356,1061,1042,505,1613
2357,1167,1181,677,1560
2358,953,646,561,1003
2359,847,426,484,740
2360,758,489,447,836
2361,1645,970,949,1461
2362,843,517,468,833
2363,1106,655,730,881
2364,742,356,790,876
2365,710,362,567,721
2366,1050,154,451,42
2367,1061,14,1246,243
2368,483,328,438,605
2369,1398,835,1089,1352
2370,1705,903,610,553
2371,551,428,169,275
2372,1978,1607,840,1257
2373,438,316,401,719
2374,480,340,251,460
2375,1187,756,715,1038
2376,821,562,486,757
2377,1081,799,811,1180
2378,702,433,565,622
2379,616,417,370,471
2380,482,281,302,410
2381,1576,1341,668,1287
2382,527,455,273,522
2383,1213,1038,662,1152
2384,787,730,573,1032
2385,1023,713,625,1068
2387,1424,819,531,646
2388,1025,329,518,266
2389,1127,470,973,714
2390,448,315,741,409
2391,1493,668,1384,979
2392,328,70,253,69
2393,524,244,200,129
2394,2132,1775,1567,2099
2395,1426,1630,1203,2177
2396,1491,1777,1014,1692
2397,721,936,533,1196
2398,2080,2266,742,1675
2399,822,1030,1442,2991
2400,1535,888,2516,1955
2401,1310,952,1037,690
2402,2079,1798,1617,1532
2403,1852,1225,1555,1093
2404,2413,2272,1826,2105
2405,1388,1195,1438,1442
2406,1110,793,1466,1879
2407,464,200,365,240
2408,999,743,906,898
2409,1226,1045,682,870
2410,1987,1872,1425,2202
2411,1649,1890,1455,3027
2412,1084,1402,598,1275
2413,2469,2582,1699,2712
2414,1241,1361,944,1461
2415,452,604,298,863
2416,181,329,132,432
2417,1128,1490,729,1759
2418,1480,1815,1162,2377
2419,1726,2535,1113,3373
2420,1145,1421,768,1867
2421,1145,1205,691,1565
2422,862,398,715,911
2423,1296,1010,717,1397
2424,485,601,221,924
2425,753,923,311,1291
2426,557,355,257,564
2427,946,960,388,1172
2428,932,1069,508,1401
2429,87,97,39,134
2430,1178,1749,628,2642
2431,1092,1326,639,1700
2432,539,576,340,677
2433,661,526,396,705
2434,388,301,205,344
2435,727,208,437,305
2436,664,745,378,884
2438,1117,1230,640,1521
2439,806,676,501,834
2440,494,494,270,546
2441,727,546,418,761
2442,593,534,344,721
2443,803,604,501,785
2444,398,389,191,511
2445,858,895,458,1077
2446,163,173,102,203
2447,1175,2259,687,2527
2448,511,596,318,608
2449,612,1047,308,1205
2450,395,469,245,506
2451,1105,1584,862,2295
2452,746,903,598,1213
2453,855,1185,357,723
2454,1326,1135,879,1414
2455,1134,797,613,1089
2456,1210,991,820,1120
2457,1217,910,759,1184
2458,1799,2083,1174,2280
2459,1060,1481,726,1695
2460,1209,1524,906,1904
2461,1378,1672,931,2292
2462,1784,1918,1113,2374
2463,722,1203,685,2084
2464,668,837,354,1107
2465,525,498,243,779
2466,792,893,404,1189
2467,2154,2036,1191,2890
2468,398,350,219,457
2469,249,176,154,252
2470,427,366,252,469
2471,1278,994,687,1487
2472,684,730,326,887
2473,643,999,388,1233
2474,491,298,765,1197
2475,476,334,388,587
2476,564,384,420,386
2477,1412,1558,1033,1659
2478,902,744,648,842
2479,896,853,0,0
2480,698,984,403,1267
2481,701,707,325,1018
2482,960,1437,567,1744
2483,486,609,245,768
2484,1059,1278,599,1772
2485,157,142,70,171
2486,1529,1865,989,1886
2487,803,1105,509,1251
2488,745,818,497,857
2489,1400,1854,976,2147
2490,1007,1058,814,1083
2491,1074,1189,836,1228
2492,1915,2388,1406,2793
2493,725,659,496,700
2494,1046,1422,722,1449
2495,696,524,572,592
2496,313,262,233,366
2497,1215,231,2311,1514
2498,270,33,212,34
2499,255,22,696,600
2501,818,155,1172,944
2502,538,25,358,7
2503,324,157,441,26
2504,340,37,301,63
2505,627,169,362,371
2506,1292,351,946,483
2507,425,105,290,37
2508,535,240,566,186
2509,327,190,318,125
2510,1356,270,1044,851
2511,1275,674,1195,575
2512,1055,1013,810,447
2513,1816,998,1450,861
2514,686,143,471,84
2515,534,387,535,497
2516,929,395,794,497
2517,1687,921,1209,506
2518,1060,865,1059,875
2519,1182,1111,598,512
2520,954,772,730,689
2521,1489,1219,1343,1102
2522,844,985,1109,759
2523,832,784,692,731
2524,1034,1518,838,620
2525,2719,3571,1337,1238
2526,691,1173,686,934
2527,921,765,1034,1680
2528,678,600,223,326
2529,1067,1241,710,1363
2530,635,833,402,1003
2531,1257,1863,1258,2348
2532,1131,1245,789,1449
2533,1722,1998,1192,1496
2534,534,327,419,341
2535,763,643,688,716
2536,778,442,495,453
2537,733,384,607,358
2538,1181,842,1592,1953
2539,1087,735,566,627
2540,2004,1510,950,1091
2541,792,421,544,696
2542,1104,1018,684,1329
2543,1210,1139,667,1391
2544,1200,59,1367,845
2545,930,1046,399,1482
2546,674,868,328,1175
2547,1024,1148,519,1581
2548,317,245,213,327
2549,1164,1199,627,1546
2550,592,580,376,744
2551,1030,1442,740,1606
2552,730,842,585,893
2553,1513,1807,981,2053
2554,586,900,339,1082
2555,685,895,309,1130
2556,422,731,203,917
2557,1287,1733,600,2307
2558,170,257,91,315
2559,460,841,210,1085
2560,511,830,212,1025
2561,334,513,163,653
2562,841,864,508,916
2563,797,729,454,759
2564,954,606,601,796
2565,946,772,546,971
2566,1351,990,686,1357
2567,270,223,158,280
2568,912,752,372,1082
2569,981,1462,521,1820
2570,964,859,390,1292
2571,931,1127,426,1476
2572,737,713,300,977
2573,780,838,355,1110
2574,459,566,231,629
2575,898,1272,453,1728
2577,688,937,400,1150
2578,225,225,147,432
2579,1368,1892,584,2429
2580,1973,1889,1319,2257
2581,1077,675,762,764
2582,1946,965,1548,1093
2583,1276,756,1007,937
2584,1673,626,1247,631
2586,1108,705,836,736
2587,1739,941,1367,940
2588,928,550,661,533
2589,1054,673,1010,803
2590,1278,944,1093,862
2591,1244,914,829,641
2592,580,261,996,650
2593,1277,800,718,617
2594,338,198,0,0
2595,1203,584,0,0
2596,1358,1141,1074,1062
2597,341,178,232,216
2598,902,818,246,367
2599,1231,693,1582,1080
2600,627,285,667,473
2601,910,440,1723,1109
2602,791,329,737,251
2603,1237,786,0,0
2604,1022,530,835,521
2605,1171,1015,1002,960
2606,797,618,666,612
2607,1920,1063,1534,1007
2608,389,223,0,0
2609,853,580,0,0
2610,919,333,1144,397
2611,730,116,577,131
2612,1085,890,774,1054
2613,1504,843,1099,1428
2614,1346,1050,1011,1334
2615,1311,1297,887,1743
2616,1025,593,733,639
2617,958,578,515,472
2618,580,145,414,167
2619,1815,1186,1453,511
2620,933,5,577,3
2621,1133,7,1141,18
2622,1470,8,1726,29
2623,1054,6,1488,20
2624,2130,14,784,11
2625,2087,13,998,20
2626,1409,16,261,2
2627,1146,200,555,191
2628,807,539,638,500
2629,1432,895,1007,872
2630,1811,1066,1420,1011
2631,1249,556,1174,510
2632,270,185,238,198
2633,1146,733,1063,813
2634,1766,1220,1780,1898
2635,624,621,518,550
2636,385,163,231,114
2637,886,17,616,16
2638,1878,500,1770,586
2639,679,10,597,226
2640,979,301,668,253
2641,738,16,487,11
2642,1152,241,0,0
2643,1527,277,723,180
2644,939,2,681,107
2645,843,16,892,51
2646,1270,19,1530,177
2647,2490,1578,1375,2032
2648,1912,2131,1367,2296
2649,1408,2034,1039,2668
2650,1333,1247,1193,1122
2651,910,664,1137,1152
2652,1562,1225,3871,3630
2653,1907,1809,1063,1357
2654,1525,1988,1134,1524
2655,1623,897,543,137
2656,324,323,293,266
2657,2169,1723,1050,869
2658,2197,1608,1926,1555
2659,618,773,202,370
2660,925,637,781,1049
2661,1401,1035,2129,2698
2662,1728,1037,1015,718
2663,1248,1057,1485,1079
2665,1370,1654,718,652
2666,1388,1762,1313,1793
2667,583,806,489,1231
2668,1187,1328,835,2160
2669,1005,1419,590,2041
2670,1225,1566,630,2117
2671,2075,2234,1154,1619
2672,1506,1994,1209,2592
2673,443,768,411,617
2674,483,526,189,276
2675,1266,1735,2966,4378
2676,1108,937,720,595
2677,1429,1805,634,838
2678,3196,9,2714,45
2679,873,3,1018,14
2682,1543,1685,784,2449
2683,444,686,169,1003
2684,750,694,409,874
2685,216,215,98,269
2686,463,574,260,715
2687,736,881,417,1170
2688,931,1364,435,1796
2689,1172,1047,658,791
2690,678,636,461,606
2691,1129,737,433,337
2692,580,403,736,687
2693,705,444,1083,767
2694,555,540,740,999
2695,932,776,789,511
2696,1029,745,296,112
2697,1285,896,680,763
2698,501,327,474,355
2699,356,38,0,0
2700,446,142,328,367
2701,735,661,650,322
2702,487,376,335,197
2703,1352,929,1802,1320
2704,624,415,564,380
2705,889,585,1229,1049
2706,627,271,919,446
2707,225,75,239,82
2708,407,39,357,154
2709,1090,94,443,199
2710,545,26,476,93
2711,938,476,1009,853
2712,658,327,943,817
2713,1664,1996,1176,1129
2714,1452,1235,925,921
2715,757,595,796,684
2716,697,188,843,823
2717,1413,219,2134,1290
2718,1141,577,123,169
2719,226,82,337,390
2720,1022,831,1170,1309
2721,907,760,350,381
2722,872,477,425,96
2723,1855,1800,1964,1998
2724,1861,1873,1683,1871
2725,2008,2463,899,1233
2726,1035,1188,944,1378
2727,1037,1251,913,1328
2728,1343,1829,1360,2339
2729,965,1241,558,1549
2730,1267,1553,673,2060
2731,1114,1529,737,1779
2732,659,1063,585,1323
2733,889,1336,641,1172
2734,1513,2117,1000,1604
2735,923,1016,365,464
2736,1816,2748,1316,3027
2737,566,661,452,1069
2738,1637,1672,939,2169
2739,1166,1609,993,1943
2740,943,1141,582,1108
2741,607,890,380,1131
2742,1111,1045,645,1513
2744,789,788,430,1011
2745,630,834,335,1130
2746,460,621,200,836
2747,595,1023,375,1182
2748,977,1213,491,1676
2749,889,1010,479,1220
2750,677,1064,373,1408
2751,529,1192,285,1496
2752,578,894,285,1247
2753,1016,1051,669,1440
2754,341,462,82,338
2755,953,1233,604,1529
2756,819,922,457,1106
2757,842,980,485,1251
2758,602,676,368,843
2759,948,1015,661,1121
2760,735,1026,472,1130
2761,598,96,446,260
2762,858,356,762,579
2763,1596,1197,610,570
2764,1091,981,847,891
2765,778,524,627,561
2766,759,519,860,887
2767,770,384,569,355
2768,663,552,405,631
2769,1132,895,745,1179
2770,1342,1186,1010,1341
2771,1102,790,656,1069
2772,1107,784,730,1124
2773,259,226,180,273
2774,1430,1095,908,1391
2775,845,566,487,732
2776,502,248,269,386
2777,1216,808,803,1068
2778,1707,1141,1108,1456
2779,1267,1230,956,1413
2780,1449,1943,774,1404
2781,608,877,583,1025
2782,770,582,537,825
2783,1558,2084,1182,2391
2784,1001,2303,671,2005
2785,335,549,539,1097
2786,544,960,405,917
2787,999,2139,819,2143
2788,1228,1795,1006,2654
2789,1069,1899,715,2105
2790,816,714,531,996
2791,662,510,417,764
2792,1137,1268,654,1584
2793,811,1431,287,1059
2794,714,1119,879,1582
2795,505,843,395,674
2796,1205,1519,1150,1947
2797,1379,1179,884,1472
2798,852,1076,555,1218
2799,1089,1346,704,1516
2801,627,801,404,830
2802,1350,1780,739,2226
2803,173,83,146,87
2804,420,123,529,245
2805,787,295,445,334
2806,758,188,535,175
2807,934,605,667,575
2808,392,120,317,122
2809,651,686,477,632
2810,845,576,592,672
2811,654,642,336,817
2812,1090,1379,755,1353
2813,890,1421,616,1246
2814,934,1240,482,1534
2815,215,265,101,314
2816,869,1429,487,1906
2817,493,781,254,975
2818,631,610,308,830
2819,673,483,335,757
2820,583,445,288,660
2821,510,766,259,837
2822,656,993,366,1188
2823,711,1052,401,1322
2824,1072,844,596,1217
2825,526,608,223,850
2826,776,419,524,439
2827,685,1058,287,1370
2828,631,861,298,1039
2829,600,726,294,849
2830,546,609,272,789
2831,474,455,259,565
2832,707,841,426,904
2833,1029,1002,678,1219
2834,1239,841,1026,985
2835,837,498,598,602
2836,874,1091,334,1448
2837,848,1324,400,1582
2838,109,131,49,145
2839,1511,1927,665,2396
2840,533,1275,214,1718
2841,586,1427,261,2061
2842,363,591,126,773
2843,381,757,125,704
2844,684,1340,322,1711
2845,275,253,157,588
2846,345,453,124,379
2847,790,895,343,1283
2848,1127,1502,494,2020
2849,778,884,294,1370
2850,1036,989,722,1177
2851,1025,1022,664,1137
2852,884,759,591,861
2853,850,849,582,1050
2854,430,434,287,407
2855,1264,1167,807,1425
2856,548,377,320,468
2857,782,617,456,729
2858,2492,1758,2019,1754
2859,626,196,501,278
2860,763,352,603,369
2861,945,499,742,525
2863,712,434,543,522
2864,1116,412,722,539
2865,297,132,218,166
2866,1030,414,718,580
2867,806,472,540,628
2868,2085,885,1790,856
2869,1279,466,1983,716
2870,1608,680,1934,814
2871,1827,791,1965,666
2872,827,356,1307,662
2873,479,218,679,220
2874,709,243,1099,506
2875,510,96,0,0
2876,731,141,610,271
2877,937,368,1587,523
2878,829,303,1209,552
2879,1324,1306,1587,789
2880,1236,1063,1572,1360
2881,2594,1196,496,116
2882,2712,1121,846,206
2883,1080,692,1884,896
2884,649,482,1678,1194
2885,1399,1047,666,455
2886,1158,1059,514,408
2887,1071,1105,1664,1478
2888,1453,1445,3224,2372
2889,1291,1205,2691,1757
2890,1304,1026,2524,1941
2891,2294,2019,1829,1128
2892,1260,1195,2814,1612
2893,1563,1125,1120,1183
2894,1544,1746,1091,1121
2895,2892,1711,0,0
2896,2200,2131,1078,903
2897,2380,2068,2504,2319
2898,1059,520,1660,1250
2899,1834,759,1266,1436
2900,644,776,440,535
2901,1109,814,1737,900
2902,995,794,1412,1479
2903,1632,1011,1834,1439
2904,777,500,1055,883
2905,661,587,929,444
2906,1144,951,837,929
2907,817,472,433,426
2908,2021,1047,1248,1077
2909,2273,2044,2035,1669
2910,1139,1002,1519,976
2911,1188,1115,614,312
2912,1280,667,895,351
2913,1697,442,0,0
2914,808,781,368,346
2915,673,594,897,1016
2916,904,738,792,565
2917,1096,174,1936,1208
2918,1683,1472,398,526
2919,275,161,406,489
2920,694,428,1866,1483
2921,1100,1447,1124,1775
2922,1433,1654,1536,2398
2923,711,1009,691,1202
2924,516,608,351,443
2925,902,1530,1112,1888
2926,1382,1426,492,668
2927,635,647,390,565
2928,725,831,902,1665
2929,584,724,386,598
2930,1130,1726,1208,2111
2931,713,827,248,450
2932,1730,2001,1840,2647
2933,503,550,0,0
2934,464,545,366,653
2935,1622,1873,865,1171
2936,842,1034,1255,1892
2937,916,965,753,1503
2938,957,1131,1064,1879
2939,1965,280,2088,1149
2940,441,52,0,0
2941,586,50,0,0
2942,470,243,0,0
2943,527,388,0,0
2944,902,656,1090,458
2945,654,556,1156,373
2946,809,169,0,0
2947,823,272,670,153
2948,1231,885,2245,587
2949,685,325,1066,362
2950,1251,269,1468,1026
2951,804,45,0,0
2953,794,169,1149,328
2954,1117,436,0,0
2955,1228,36,546,49
2956,330,4,0,0
2957,906,463,1233,430
2958,332,80,776,562
2959,847,540,1552,771
2960,339,189,653,133
2961,551,401,445,316
2962,986,439,658,189
2963,724,388,1869,195
2964,915,201,0,0
2965,2531,410,1005,516
2966,1192,929,876,671
2967,934,683,1347,1325
2968,774,605,1097,1331
2969,487,669,986,876
2970,1880,1160,778,1047
2971,1206,1323,164,335
2972,1346,1290,1152,948
2973,707,644,1595,1419
2974,2179,1350,1624,1699
2975,864,777,1377,1242
2976,1199,1306,790,1225
2977,379,526,261,607
2978,442,431,420,715
2979,846,973,678,1207
2980,1079,1078,805,1212
2981,652,662,340,581
2982,317,349,0,0
2983,1739,2100,836,1156
2984,1450,1598,1869,2793
2985,610,1174,541,1409
2986,254,243,395,880
2987,1748,1863,1235,1858
2988,1159,939,2181,2991
2989,901,942,1285,1449
2990,1646,1574,364,521
2991,977,1432,1269,1613
2992,1133,1779,889,1098
2993,705,814,1418,1838
2994,870,1109,882,1027
2995,401,511,0,0
2996,1611,1834,1321,1447
2997,1489,1404,990,700
2998,1530,267,2008,567
2999,1263,23,1146,453
3000,1067,25,568,20
3001,762,580,1792,999
3002,497,123,391,414
3003,835,463,961,636
3004,989,646,0,0
3005,577,830,796,892
3006,792,783,982,666
3007,907,301,0,0
3008,1051,873,991,720
3009,1115,1586,955,1858
3010,259,520,203,594
3011,834,1258,616,1388
3012,582,573,570,1262
3013,777,839,329,634
3014,329,426,180,510
3015,494,592,299,711
3016,1489,1049,1233,1303
3017,859,502,1520,1133
3018,373,373,606,1038
3019,602,279,452,445
3020,578,627,360,892
3021,1178,1372,853,1696
3022,348,392,283,506
3023,882,1160,560,1481
3024,524,471,332,609
3025,542,690,422,847
3026,803,845,548,1233
3027,705,827,438,1059
3028,1469,2500,755,3435
3029,1182,1915,570,1736
3030,920,1284,646,1451
3031,276,302,458,1110
3032,560,896,425,920
3033,983,1567,718,1906
3034,1639,2191,1213,2689
3035,1547,1160,948,1430
3036,416,296,396,474
3037,426,297,144,156
3038,1000,818,704,975
3039,736,549,559,585
3040,1022,726,681,873
3041,328,320,346,290
3042,971,970,1141,1106
3043,1029,1054,736,667
3044,1082,860,884,708
3045,762,494,370,211
3046,1999,2226,1955,2139
3047,1067,1286,916,1062
3048,942,847,1012,966
3049,866,835,670,735
3050,653,702,372,323
3051,1679,1936,1491,1550
3052,1136,1248,1175,1402
3053,1065,1141,707,952
3054,1078,894,1093,743
3055,805,560,696,488
3056,353,168,341,207
3057,217,54,335,73
3058,805,216,685,290
3059,660,258,300,106
3060,433,152,366,257
3061,715,400,0,0
3062,1466,1097,927,727
3063,1035,702,1009,622
3064,811,453,707,472
3065,633,250,597,310
3066,356,160,254,195
3067,564,308,608,566
3068,363,36,435,76
3069,1369,306,632,120
3071,584,231,389,261
3072,630,48,467,27
3073,1424,105,1142,209
3074,899,69,680,56
3075,558,30,427,45
3076,334,25,470,72
3077,352,118,402,111
3078,892,469,820,416
3079,523,139,343,139
3080,930,71,802,97
3081,895,208,720,200
3082,1722,796,1641,860
3083,760,467,735,470
3084,1093,731,514,686
3085,835,520,791,452
3086,717,360,740,612
3088,396,220,381,167
3089,1557,1702,1034,1553
3090,1917,1570,1585,2020
3091,498,380,450,386
3092,418,159,261,231
3093,888,432,730,539
3094,476,495,400,539
3095,715,783,597,937
3096,2071,1915,2550,3526
3097,1195,1112,722,1120
3098,1697,1672,906,1375
3099,1626,1588,1960,2643
3100,931,782,613,902
3101,830,665,683,696
3102,1742,1819,1350,1956
3103,1408,2024,870,1573
3104,295,332,255,335
3105,2145,1943,1145,1698
3106,1187,1128,1051,1340
3107,226,157,193,225
3108,1223,1518,813,1664
3109,1531,1794,1100,2040
3110,1204,1336,789,1590
3111,321,194,0,0
3112,565,675,288,831
3113,561,839,353,911
3114,433,1141,288,1197
3115,1394,2028,1073,2403
3116,1254,2097,1063,2221
3117,675,669,457,748
3118,863,1794,658,1779
3119,485,1438,378,1500
3120,769,1510,534,1617
