rn,D08,R08,D12,R12,D16,R16
0,692.0,769.0,651.0,789.0,474.0,913.0
1,624.0,539.0,614.0,515.0,402.0,746.0
2,706.0,793.0,668.0,777.0,512.0,908.0
3,937.0,839.0,924.0,796.0,644.0,975.0
4,625.0,592.0,534.0,580.0,334.0,686.0
5,1011.0,1057.0,1021.0,1076.0,768.0,1288.0
6,890.0,1175.0,805.0,1239.0,492.0,1396.0
7,716.0,1047.0,672.0,1119.0,473.0,1301.0
8,869.0,1208.0,815.0,1215.0,555.0,1469.0
9,933.0,1265.0,922.0,1222.0,600.0,1394.0
10,825.0,1108.0,760.0,1159.0,567.0,1258.0
11,608.0,992.0,441.0,868.0,334.0,933.0
12,1126.0,1869.0,1337.0,2109.0,995.0,2420.0
13,857.0,1689.0,841.0,1752.0,631.0,1874.0
14,590.0,841.0,0.0,0.0,0.0,0.0
15,1028.0,1401.0,985.0,1469.0,805.0,1537.0
16,557.0,916.0,709.0,1166.0,554.0,1144.0
17,1329.0,2112.0,1499.0,2649.0,1303.0,2834.0
18,629.0,962.0,572.0,934.0,441.0,1015.0
19,699.0,1236.0,1010.0,1702.0,796.0,1778.0
20,774.0,1098.0,732.0,1103.0,623.0,1069.0
21,1835.0,2541.0,2354.0,3428.0,2112.0,3252.0
22,1024.0,1586.0,1212.0,1870.0,1087.0,1856.0
23,1418.0,2074.0,1511.0,2278.0,1367.0,2107.0
24,1303.0,1933.0,1352.0,2033.0,1239.0,2137.0
25,629.0,958.0,888.0,1269.0,731.0,1487.0
26,1526.0,2215.0,1118.0,1543.0,932.0,1443.0
27,663.0,866.0,674.0,934.0,609.0,965.0
28,656.0,817.0,726.0,884.0,667.0,938.0
29,492.0,523.0,483.0,551.0,352.0,571.0
30,1569.0,1553.0,1459.0,1740.0,1288.0,1644.0
31,1243.0,1602.0,1210.0,1729.0,1103.0,1670.0
32,930.0,1219.0,906.0,1275.0,829.0,1241.0
34,634.0,999.0,646.0,1037.0,485.0,1121.0
35,922.0,1298.0,490.0,699.0,391.0,767.0
36,816.0,1004.0,786.0,1146.0,800.0,972.0
37,1364.0,1703.0,1373.0,1846.0,1359.0,1589.0
38,599.0,603.0,585.0,612.0,470.0,666.0
39,1091.0,947.0,1093.0,915.0,918.0,854.0
40,602.0,549.0,621.0,504.0,482.0,491.0
41,531.0,524.0,568.0,506.0,417.0,482.0
42,1695.0,1544.0,1688.0,1539.0,1390.0,1582.0
43,813.0,758.0,0.0,0.0,0.0,0.0
44,1374.0,1229.0,1931.0,1634.0,1524.0,1580.0
45,778.0,645.0,796.0,658.0,675.0,620.0
46,687.0,575.0,835.0,683.0,621.0,712.0
47,1314.0,1163.0,777.0,778.0,620.0,681.0
48,889.0,994.0,1911.0,2063.0,1570.0,1970.0
49,2343.0,2116.0,1650.0,1506.0,1373.0,1495.0
50,1896.0,1705.0,579.0,536.0,446.0,553.0
51,790.0,653.0,2624.0,2100.0,2018.0,2163.0
52,605.0,517.0,0.0,0.0,0.0,0.0
53,2037.0,2288.0,1824.0,1999.0,1577.0,1803.0
54,0.0,0.0,765.0,651.0,662.0,578.0
55,2230.0,1878.0,1909.0,1399.0,1466.0,1380.0
56,920.0,980.0,1469.0,1514.0,1211.0,1392.0
57,723.0,816.0,547.0,543.0,473.0,500.0
58,1053.0,1091.0,1574.0,1496.0,1254.0,1532.0
59,1685.0,1578.0,2229.0,1863.0,1825.0,1941.0
60,1071.0,763.0,762.0,558.0,598.0,513.0
61,505.0,407.0,647.0,522.0,523.0,527.0
62,1686.0,1487.0,1318.0,1152.0,1177.0,1092.0
63,1421.0,1089.0,1548.0,1155.0,1348.0,1139.0
64,1088.0,853.0,1127.0,893.0,850.0,959.0
65,970.0,908.0,918.0,889.0,770.0,870.0
66,548.0,509.0,1235.0,1401.0,1209.0,1542.0
67,1160.0,1392.0,1861.0,2129.0,2196.0,2356.0
68,1706.0,1965.0,755.0,1082.0,917.0,1196.0
69,582.0,674.0,417.0,664.0,447.0,556.0
70,1516.0,1486.0,1363.0,1438.0,1274.0,1289.0
71,994.0,973.0,1026.0,943.0,821.0,983.0
72,1595.0,1448.0,1627.0,1440.0,1428.0,1274.0
73,1149.0,994.0,450.0,419.0,409.0,393.0
74,830.0,583.0,1457.0,1150.0,1221.0,1096.0
75,1591.0,1080.0,1600.0,1022.0,1404.0,1000.0
76,1374.0,1082.0,1387.0,1023.0,1233.0,867.0
77,1206.0,779.0,1271.0,679.0,1051.0,627.0
78,1317.0,743.0,1438.0,679.0,1228.0,628.0
79,694.0,435.0,712.0,384.0,567.0,319.0
80,1604.0,1136.0,1718.0,1100.0,1505.0,976.0
81,588.0,357.0,622.0,318.0,505.0,311.0
82,1440.0,878.0,1482.0,833.0,1411.0,659.0
83,755.0,414.0,746.0,375.0,675.0,353.0
84,907.0,531.0,1030.0,430.0,882.0,404.0
85,1734.0,890.0,1947.0,771.0,1863.0,666.0
87,1561.0,836.0,1658.0,772.0,1558.0,655.0
88,1275.0,1702.0,1229.0,1742.0,917.0,1934.0
89,560.0,871.0,508.0,911.0,315.0,1115.0
90,492.0,637.0,437.0,703.0,291.0,844.0
91,1060.0,1550.0,1005.0,1518.0,674.0,1886.0
92,724.0,914.0,546.0,881.0,318.0,649.0
93,644.0,588.0,518.0,619.0,512.0,1106.0
94,612.0,788.0,626.0,907.0,574.0,1086.0
95,1063.0,1318.0,1089.0,1327.0,913.0,1429.0
96,766.0,804.0,615.0,883.0,485.0,1084.0
97,828.0,777.0,672.0,811.0,527.0,950.0
98,938.0,604.0,813.0,644.0,599.0,731.0
99,1381.0,1611.0,1359.0,1668.0,1054.0,1942.0
100,1178.0,1382.0,1853.0,1963.0,1323.0,2058.0
101,1250.0,1420.0,1250.0,1447.0,1000.0,1653.0
102,771.0,886.0,673.0,855.0,440.0,1098.0
103,386.0,495.0,354.0,505.0,211.0,674.0
104,1877.0,1247.0,761.0,472.0,523.0,502.0
105,1594.0,1527.0,1558.0,1382.0,1178.0,1510.0
106,1040.0,725.0,1351.0,970.0,1046.0,990.0
107,2088.0,136.0,2170.0,48.0,1520.0,55.0
108,454.0,333.0,489.0,327.0,393.0,301.0
109,947.0,1500.0,856.0,1520.0,541.0,1887.0
110,607.0,1033.0,561.0,1130.0,321.0,1445.0
111,486.0,708.0,487.0,857.0,296.0,1129.0
112,749.0,953.0,694.0,1020.0,430.0,1228.0
113,578.0,737.0,578.0,759.0,448.0,844.0
114,758.0,1266.0,485.0,1087.0,292.0,1253.0
115,1957.0,2133.0,2427.0,2820.0,1764.0,3265.0
116,909.0,997.0,563.0,582.0,369.0,671.0
117,1463.0,1011.0,1522.0,1074.0,1179.0,1150.0
118,526.0,449.0,450.0,464.0,304.0,510.0
119,481.0,332.0,411.0,350.0,277.0,447.0
120,545.0,581.0,484.0,571.0,340.0,650.0
121,1313.0,1245.0,1253.0,1356.0,1045.0,1682.0
122,2321.0,2064.0,2409.0,2317.0,2517.0,2952.0
123,1201.0,546.0,1.0,1.0,0.0,1.0
124,739.0,481.0,1756.0,1014.0,1556.0,1114.0
125,1770.0,1334.0,1413.0,1104.0,843.0,767.0
126,521.0,476.0,512.0,437.0,414.0,361.0
127,1206.0,534.0,129.0,86.0,845.0,441.0
128,1358.0,844.0,1611.0,997.0,1396.0,978.0
129,788.0,775.0,736.0,791.0,520.0,863.0
130,957.0,751.0,907.0,772.0,674.0,858.0
131,1197.0,744.0,1463.0,894.0,986.0,758.0
132,2243.0,1272.0,2843.0,1617.0,1487.0,1145.0
133,1008.0,1045.0,934.0,1069.0,648.0,1241.0
134,883.0,948.0,809.0,1004.0,564.0,1101.0
135,692.0,805.0,637.0,796.0,355.0,860.0
136,1128.0,918.0,751.0,661.0,578.0,545.0
137,390.0,389.0,0.0,0.0,0.0,0.0
138,408.0,406.0,391.0,326.0,246.0,428.0
139,817.0,1191.0,1301.0,1681.0,961.0,1698.0
140,387.0,357.0,888.0,811.0,561.0,937.0
141,1756.0,2322.0,1139.0,1947.0,878.0,2101.0
142,669.0,899.0,622.0,1014.0,391.0,1153.0
143,630.0,893.0,586.0,977.0,334.0,1148.0
144,752.0,999.0,703.0,1182.0,392.0,1243.0
145,2185.0,1061.0,2203.0,1080.0,1622.0,1362.0
146,1286.0,734.0,1214.0,676.0,940.0,809.0
147,1713.0,1239.0,1801.0,1310.0,1337.0,1503.0
148,1966.0,1179.0,1953.0,1181.0,1517.0,1517.0
149,1793.0,1130.0,1803.0,1094.0,1276.0,1358.0
150,1070.0,643.0,1015.0,685.0,718.0,886.0
151,1488.0,563.0,1400.0,560.0,1050.0,725.0
152,1113.0,1775.0,1070.0,1854.0,844.0,1929.0
153,733.0,1470.0,659.0,1629.0,541.0,1767.0
154,1402.0,2145.0,1395.0,2315.0,1257.0,2076.0
155,1146.0,1507.0,1208.0,1751.0,1319.0,1916.0
156,407.0,922.0,904.0,2129.0,1133.0,2030.0
157,1527.0,2510.0,1052.0,1768.0,1160.0,1491.0
158,864.0,1117.0,936.0,1553.0,1167.0,1197.0
160,727.0,889.0,1496.0,2138.0,1698.0,1614.0
161,821.0,867.0,965.0,1062.0,941.0,928.0
162,805.0,985.0,794.0,1031.0,907.0,731.0
163,2215.0,2674.0,1046.0,1396.0,1155.0,1109.0
164,638.0,869.0,741.0,1218.0,1135.0,1175.0
165,2008.0,2202.0,1432.0,1929.0,1739.0,1837.0
166,1193.0,1438.0,1541.0,1596.0,1454.0,1414.0
167,2397.0,2482.0,2754.0,3201.0,2634.0,2926.0
168,1266.0,1797.0,1342.0,2003.0,1319.0,2056.0
169,865.0,1594.0,853.0,1649.0,658.0,1800.0
170,527.0,913.0,557.0,933.0,453.0,1067.0
171,1188.0,1241.0,1170.0,1243.0,830.0,1394.0
172,877.0,414.0,986.0,351.0,650.0,414.0
173,362.0,437.0,351.0,509.0,233.0,563.0
174,863.0,990.0,831.0,980.0,691.0,1134.0
175,215.0,286.0,170.0,243.0,115.0,248.0
176,616.0,690.0,590.0,734.0,444.0,742.0
177,633.0,865.0,546.0,821.0,426.0,951.0
178,765.0,1062.0,626.0,1155.0,407.0,1249.0
179,868.0,1143.0,791.0,1244.0,623.0,1446.0
180,889.0,1532.0,797.0,1677.0,530.0,1841.0
181,732.0,596.0,697.0,617.0,472.0,805.0
182,493.0,701.0,505.0,650.0,289.0,868.0
183,700.0,509.0,626.0,579.0,351.0,756.0
184,1355.0,1101.0,1255.0,1121.0,866.0,1335.0
185,925.0,1364.0,936.0,1439.0,660.0,1598.0
186,1481.0,1617.0,1431.0,1699.0,889.0,2013.0
187,883.0,1054.0,1155.0,1541.0,798.0,1902.0
188,1324.0,1635.0,980.0,1254.0,640.0,1421.0
189,1798.0,2508.0,2046.0,2893.0,1386.0,2727.0
190,966.0,1442.0,681.0,1101.0,659.0,1727.0
191,1610.0,1831.0,1914.0,2221.0,1615.0,2447.0
192,1627.0,1892.0,1297.0,1531.0,1032.0,1814.0
193,1109.0,1279.0,1086.0,1372.0,871.0,1464.0
194,1060.0,1167.0,998.0,1176.0,731.0,1331.0
195,1699.0,1169.0,725.0,623.0,682.0,589.0
196,595.0,375.0,1114.0,641.0,1002.0,567.0
197,846.0,341.0,0.0,0.0,0.0,0.0
198,774.0,469.0,2373.0,1213.0,1766.0,975.0
199,1958.0,1617.0,696.0,495.0,553.0,446.0
200,1046.0,573.0,505.0,389.0,444.0,362.0
201,1048.0,681.0,991.0,799.0,839.0,968.0
202,1227.0,712.0,1043.0,808.0,1114.0,1060.0
203,2836.0,2263.0,3353.0,3487.0,3125.0,3550.0
204,825.0,582.0,1206.0,904.0,1256.0,1364.0
205,903.0,912.0,735.0,1001.0,269.0,576.0
206,1595.0,1167.0,1368.0,1301.0,1031.0,1548.0
207,1314.0,1117.0,1099.0,1259.0,872.0,1525.0
208,597.0,638.0,519.0,684.0,362.0,844.0
209,577.0,754.0,605.0,701.0,367.0,914.0
210,703.0,899.0,629.0,974.0,371.0,1167.0
211,1574.0,983.0,1323.0,785.0,1251.0,724.0
212,445.0,257.0,670.0,436.0,661.0,432.0
214,520.0,914.0,470.0,915.0,339.0,973.0
215,617.0,673.0,573.0,716.0,354.0,836.0
216,1202.0,1122.0,1020.0,1246.0,610.0,1104.0
217,420.0,448.0,370.0,439.0,375.0,766.0
218,614.0,820.0,560.0,869.0,420.0,962.0
219,599.0,950.0,578.0,1004.0,465.0,1058.0
220,1202.0,1539.0,1128.0,1658.0,844.0,1944.0
221,521.0,767.0,470.0,783.0,432.0,811.0
222,1055.0,1332.0,985.0,1378.0,707.0,1632.0
223,1404.0,1277.0,1301.0,1310.0,913.0,1581.0
224,1553.0,1708.0,1438.0,1797.0,1050.0,2045.0
225,822.0,1124.0,761.0,1119.0,816.0,1732.0
226,1361.0,1402.0,1251.0,1414.0,867.0,1638.0
227,789.0,619.0,695.0,584.0,442.0,792.0
228,810.0,683.0,700.0,651.0,269.0,289.0
229,1142.0,1334.0,1111.0,1433.0,1001.0,1664.0
230,1647.0,1703.0,1565.0,1888.0,1269.0,2077.0
231,1129.0,1587.0,1102.0,1699.0,696.0,2023.0
232,734.0,801.0,664.0,852.0,435.0,1042.0
233,477.0,921.0,451.0,976.0,356.0,997.0
234,776.0,426.0,0.0,0.0,0.0,0.0
235,1485.0,773.0,1569.0,823.0,1322.0,675.0
236,770.0,559.0,1016.0,626.0,1046.0,528.0
237,2360.0,1495.0,2113.0,1330.0,2498.0,1320.0
238,1277.0,653.0,1966.0,984.0,1595.0,910.0
239,1016.0,684.0,846.0,609.0,771.0,570.0
240,1277.0,824.0,1417.0,918.0,1252.0,853.0
241,1036.0,541.0,447.0,193.0,377.0,168.0
242,1036.0,765.0,1664.0,1116.0,1347.0,1014.0
244,2038.0,1253.0,2013.0,1205.0,1517.0,1164.0
245,983.0,723.0,992.0,695.0,0.0,0.0
246,1113.0,787.0,1036.0,749.0,1274.0,1328.0
247,648.0,799.0,930.0,1158.0,789.0,886.0
248,3369.0,2144.0,3051.0,1919.0,1991.0,1452.0
249,1125.0,823.0,1213.0,979.0,783.0,711.0
250,1935.0,2223.0,1715.0,2223.0,1269.0,1526.0
251,1453.0,1077.0,1243.0,1085.0,752.0,670.0
252,1448.0,1124.0,2090.0,1959.0,2160.0,1535.0
253,915.0,745.0,1051.0,830.0,1062.0,620.0
254,675.0,509.0,684.0,493.0,669.0,427.0
255,1776.0,1388.0,856.0,756.0,800.0,529.0
256,905.0,879.0,1822.0,1599.0,1712.0,1345.0
257,1762.0,1510.0,1791.0,1266.0,1714.0,1026.0
258,986.0,752.0,1220.0,964.0,1093.0,885.0
259,1473.0,1405.0,1546.0,1342.0,1301.0,1033.0
260,3299.0,2762.0,2948.0,2617.0,2826.0,2212.0
261,1403.0,1217.0,1367.0,1073.0,1367.0,908.0
262,1334.0,1089.0,1354.0,1176.0,1381.0,951.0
264,1944.0,1191.0,2853.0,1832.0,2549.0,1647.0
266,961.0,630.0,1006.0,725.0,1015.0,572.0
267,1424.0,1107.0,1250.0,1096.0,1445.0,962.0
268,568.0,489.0,1312.0,1257.0,1363.0,860.0
269,1471.0,1407.0,1227.0,1191.0,1246.0,923.0
270,1981.0,1789.0,2366.0,2192.0,2443.0,1731.0
271,1659.0,1567.0,1679.0,1695.0,1791.0,1265.0
272,902.0,655.0,743.0,571.0,728.0,467.0
273,1553.0,1405.0,1569.0,1380.0,1532.0,1108.0
274,3354.0,2451.0,2224.0,1637.0,2156.0,1372.0
277,1034.0,943.0,1032.0,941.0,961.0,853.0
278,2151.0,1939.0,2469.0,1923.0,2030.0,1448.0
279,1036.0,947.0,1108.0,1152.0,1100.0,959.0
281,996.0,772.0,543.0,557.0,524.0,434.0
282,1668.0,1338.0,1628.0,1377.0,1505.0,1161.0
283,868.0,713.0,1024.0,1019.0,1012.0,911.0
285,2370.0,1743.0,1190.0,1126.0,1121.0,889.0
287,1088.0,692.0,1046.0,811.0,1071.0,768.0
289,1224.0,1415.0,1997.0,2258.0,2100.0,1815.0
290,1834.0,1543.0,1795.0,1420.0,1798.0,1358.0
291,1767.0,1636.0,1753.0,1572.0,1518.0,1397.0
292,834.0,1071.0,1285.0,2083.0,1316.0,1928.0
293,1169.0,1504.0,1399.0,2055.0,1398.0,1758.0
294,621.0,863.0,0.0,0.0,0.0,0.0
295,2005.0,2645.0,1574.0,2423.0,1633.0,2123.0
296,1482.0,1444.0,1927.0,2185.0,1960.0,2449.0
297,2147.0,2369.0,2487.0,2968.0,2390.0,2945.0
298,884.0,1075.0,891.0,1151.0,837.0,1010.0
299,2541.0,3491.0,2215.0,3163.0,2132.0,2996.0
300,1687.0,1983.0,1664.0,2053.0,1896.0,2363.0
301,1181.0,912.0,1192.0,972.0,1113.0,794.0
302,2025.0,1868.0,2189.0,2076.0,2185.0,1758.0
303,1533.0,1381.0,711.0,510.0,650.0,470.0
304,1840.0,1622.0,2018.0,1949.0,1931.0,1558.0
305,1945.0,1910.0,1802.0,1773.0,2016.0,1557.0
306,823.0,537.0,983.0,674.0,1080.0,759.0
307,987.0,736.0,793.0,594.0,755.0,524.0
308,732.0,889.0,771.0,1032.0,660.0,942.0
309,486.0,493.0,514.0,495.0,344.0,525.0
310,1021.0,1021.0,990.0,1116.0,782.0,1167.0
311,765.0,989.0,763.0,1025.0,656.0,1002.0
312,1688.0,2006.0,1809.0,2405.0,1717.0,2542.0
313,1209.0,1647.0,1171.0,1765.0,998.0,1931.0
314,1397.0,1402.0,2847.0,3099.0,3109.0,3018.0
315,2304.0,2527.0,978.0,1311.0,1004.0,1134.0
317,1425.0,1437.0,1457.0,1458.0,1292.0,1284.0
318,719.0,574.0,773.0,634.0,653.0,626.0
320,1379.0,1163.0,1470.0,1395.0,1214.0,1372.0
322,772.0,567.0,880.0,747.0,717.0,746.0
323,2597.0,2487.0,2165.0,2303.0,1836.0,2308.0
324,1604.0,1318.0,1506.0,1328.0,1102.0,1516.0
325,979.0,1139.0,910.0,1196.0,732.0,1314.0
326,850.0,1188.0,805.0,1228.0,581.0,1385.0
327,683.0,1028.0,635.0,1072.0,456.0,1130.0
328,938.0,777.0,907.0,859.0,844.0,839.0
329,868.0,1238.0,947.0,1387.0,739.0,1489.0
330,782.0,974.0,815.0,978.0,496.0,1206.0
331,592.0,784.0,572.0,777.0,351.0,936.0
332,944.0,917.0,926.0,960.0,566.0,1167.0
333,1277.0,1555.0,1227.0,1420.0,950.0,1729.0
334,774.0,917.0,735.0,953.0,466.0,1192.0
335,960.0,1134.0,878.0,1159.0,566.0,1426.0
336,386.0,505.0,417.0,516.0,649.0,1854.0
337,2315.0,2751.0,1734.0,2492.0,936.0,1810.0
338,865.0,809.0,1110.0,1078.0,790.0,1318.0
339,548.0,701.0,537.0,816.0,495.0,877.0
340,755.0,855.0,662.0,902.0,395.0,1094.0
341,1675.0,2258.0,1601.0,2423.0,1165.0,2585.0
342,978.0,1311.0,979.0,1545.0,765.0,1810.0
343,524.0,617.0,446.0,645.0,268.0,717.0
344,520.0,679.0,448.0,634.0,274.0,750.0
345,359.0,453.0,300.0,489.0,198.0,541.0
346,844.0,1064.0,850.0,1013.0,569.0,1101.0
347,790.0,704.0,712.0,674.0,428.0,799.0
348,699.0,679.0,651.0,649.0,416.0,751.0
349,1032.0,829.0,1014.0,887.0,672.0,1151.0
350,1107.0,1312.0,1114.0,1313.0,796.0,1555.0
351,913.0,932.0,899.0,895.0,548.0,1147.0
352,893.0,725.0,850.0,705.0,580.0,880.0
353,963.0,644.0,862.0,581.0,552.0,848.0
354,1013.0,551.0,974.0,532.0,724.0,690.0
355,810.0,743.0,718.0,789.0,438.0,981.0
356,959.0,798.0,887.0,821.0,500.0,1061.0
357,968.0,758.0,882.0,733.0,570.0,930.0
358,833.0,489.0,810.0,474.0,515.0,594.0
359,2127.0,1589.0,2057.0,1668.0,1517.0,1860.0
360,1812.0,924.0,1684.0,877.0,1097.0,1249.0
361,524.0,428.0,454.0,419.0,296.0,527.0
362,1029.0,699.0,972.0,680.0,672.0,832.0
364,853.0,527.0,862.0,508.0,436.0,774.0
365,1162.0,936.0,1268.0,968.0,1015.0,954.0
366,1386.0,1060.0,1273.0,957.0,1063.0,927.0
367,2348.0,1741.0,2289.0,1747.0,1829.0,1880.0
368,1144.0,1355.0,1197.0,1340.0,884.0,1480.0
369,1134.0,1390.0,1068.0,1471.0,767.0,1615.0
370,1062.0,1344.0,1032.0,1390.0,820.0,1435.0
371,1154.0,1033.0,1104.0,1032.0,817.0,1232.0
372,732.0,1140.0,722.0,1167.0,529.0,1242.0
373,928.0,1194.0,933.0,1214.0,722.0,1274.0
374,1370.0,1582.0,1326.0,1700.0,1000.0,2002.0
375,987.0,882.0,849.0,957.0,575.0,1109.0
376,863.0,764.0,798.0,791.0,529.0,954.0
377,1149.0,330.0,1186.0,289.0,1047.0,260.0
378,1657.0,481.0,1844.0,391.0,1562.0,344.0
379,1007.0,284.0,1235.0,337.0,1101.0,259.0
380,1597.0,466.0,1691.0,449.0,3498.0,781.0
381,1793.0,644.0,1836.0,600.0,0.0,0.0
383,1829.0,332.0,2027.0,341.0,2106.0,306.0
387,1122.0,58.0,1175.0,56.0,960.0,73.0
389,2858.0,763.0,2711.0,1077.0,4259.0,1043.0
391,708.0,89.0,900.0,145.0,818.0,101.0
392,2693.0,208.0,2603.0,228.0,2442.0,179.0
393,2232.0,345.0,3111.0,503.0,3936.0,562.0
395,4230.0,606.0,1474.0,260.0,1452.0,178.0
396,804.0,91.0,1031.0,89.0,991.0,90.0
397,873.0,66.0,0.0,0.0,0.0,0.0
398,0.0,0.0,1725.0,130.0,803.0,55.0
399,2399.0,235.0,2428.0,222.0,2357.0,135.0
401,800.0,74.0,0.0,0.0,0.0,0.0
402,2066.0,458.0,0.0,0.0,0.0,0.0
404,2663.0,592.0,2028.0,404.0,2026.0,260.0
405,2132.0,673.0,1720.0,533.0,1789.0,338.0
406,0.0,0.0,1547.0,513.0,1600.0,348.0
407,1659.0,468.0,1458.0,478.0,2246.0,546.0
408,2282.0,677.0,2185.0,555.0,2193.0,407.0
409,1709.0,589.0,1769.0,616.0,1878.0,435.0
410,2830.0,878.0,2747.0,726.0,2588.0,540.0
411,1623.0,575.0,889.0,246.0,853.0,191.0
412,995.0,384.0,1273.0,401.0,1250.0,352.0
413,1290.0,932.0,1330.0,882.0,1359.0,629.0
414,841.0,556.0,848.0,531.0,895.0,449.0
415,2496.0,1190.0,2762.0,1057.0,2379.0,940.0
416,1480.0,790.0,1624.0,657.0,1507.0,597.0
419,1586.0,801.0,1754.0,780.0,1456.0,596.0
420,1861.0,879.0,1913.0,765.0,1747.0,721.0
421,1334.0,578.0,1391.0,524.0,1163.0,467.0
423,1205.0,926.0,1646.0,988.0,1535.0,850.0
424,1753.0,975.0,856.0,444.0,710.0,454.0
425,698.0,458.0,999.0,658.0,876.0,563.0
426,1903.0,1319.0,1655.0,1130.0,1533.0,904.0
427,912.0,536.0,256.0,129.0,203.0,121.0
428,1530.0,979.0,468.0,268.0,455.0,221.0
429,1153.0,761.0,1076.0,697.0,1006.0,560.0
431,1554.0,831.0,1461.0,769.0,1514.0,537.0
432,2615.0,1327.0,2586.0,1357.0,2374.0,1081.0
433,1310.0,587.0,1462.0,564.0,1335.0,456.0
434,520.0,446.0,1204.0,881.0,1142.0,712.0
435,863.0,496.0,1394.0,700.0,1292.0,611.0
436,2188.0,1605.0,1583.0,1096.0,1569.0,856.0
437,647.0,444.0,1405.0,885.0,1258.0,703.0
438,846.0,603.0,2013.0,1207.0,1907.0,940.0
439,1167.0,684.0,1158.0,651.0,1147.0,507.0
440,2122.0,1337.0,2200.0,1306.0,2178.0,1000.0
441,2505.0,1158.0,2594.0,1165.0,2658.0,764.0
442,1277.0,421.0,1089.0,444.0,1113.0,296.0
443,2134.0,964.0,2112.0,1029.0,2269.0,746.0
444,0.0,0.0,827.0,417.0,941.0,369.0
445,1036.0,463.0,1060.0,485.0,1109.0,377.0
446,994.0,382.0,0.0,0.0,0.0,0.0
447,2529.0,1064.0,2892.0,1317.0,2886.0,989.0
449,2885.0,1266.0,2829.0,1147.0,2726.0,892.0
450,945.0,522.0,1896.0,876.0,1902.0,622.0
451,1694.0,667.0,663.0,307.0,614.0,244.0
452,1749.0,686.0,1585.0,793.0,1677.0,541.0
453,1402.0,571.0,732.0,302.0,755.0,189.0
454,1889.0,790.0,1334.0,686.0,1588.0,455.0
455,1055.0,468.0,1586.0,780.0,1789.0,415.0
456,1684.0,722.0,2009.0,1025.0,2066.0,759.0
457,1118.0,519.0,1092.0,604.0,1194.0,332.0
458,3017.0,1483.0,1820.0,905.0,1787.0,672.0
459,1938.0,958.0,1947.0,977.0,2092.0,874.0
460,2058.0,1036.0,2097.0,1097.0,2024.0,806.0
461,818.0,581.0,818.0,541.0,848.0,363.0
462,2900.0,2619.0,2600.0,2823.0,2928.0,2040.0
463,1041.0,887.0,914.0,1166.0,1211.0,638.0
464,1590.0,1413.0,1564.0,1418.0,1766.0,1030.0
465,1856.0,1341.0,1801.0,1418.0,1918.0,983.0
466,1128.0,649.0,1125.0,700.0,1226.0,432.0
467,1022.0,802.0,988.0,850.0,1102.0,606.0
468,1488.0,1725.0,570.0,731.0,692.0,486.0
469,409.0,424.0,1228.0,1548.0,1507.0,1109.0
470,1284.0,886.0,1092.0,799.0,1080.0,585.0
471,798.0,516.0,1278.0,768.0,1493.0,684.0
472,1188.0,685.0,765.0,436.0,847.0,361.0
473,759.0,623.0,917.0,816.0,1062.0,554.0
474,1579.0,852.0,1586.0,835.0,1555.0,644.0
475,0.0,0.0,1516.0,784.0,1485.0,633.0
476,2290.0,1173.0,1290.0,628.0,1225.0,532.0
477,1974.0,1035.0,1684.0,736.0,1705.0,607.0
478,2079.0,1130.0,1144.0,581.0,1036.0,441.0
479,0.0,0.0,1557.0,795.0,1502.0,610.0
481,2069.0,1010.0,1076.0,473.0,1009.0,436.0
482,0.0,0.0,1587.0,642.0,1493.0,564.0
483,908.0,474.0,924.0,445.0,912.0,371.0
485,1213.0,597.0,0.0,0.0,0.0,0.0
486,790.0,423.0,760.0,440.0,745.0,392.0
487,1334.0,551.0,1311.0,538.0,1125.0,486.0
488,1021.0,780.0,976.0,687.0,840.0,639.0
489,1608.0,1357.0,1636.0,1305.0,1519.0,1168.0
490,761.0,463.0,795.0,441.0,720.0,412.0
491,1554.0,1124.0,1491.0,931.0,1343.0,898.0
492,1065.0,841.0,1069.0,760.0,993.0,662.0
493,830.0,571.0,0.0,0.0,0.0,0.0
494,1719.0,1139.0,2240.0,1470.0,2106.0,1307.0
495,1164.0,791.0,1126.0,756.0,1092.0,627.0
496,2907.0,2372.0,2941.0,2474.0,3003.0,1909.0
497,1759.0,1336.0,1812.0,1285.0,1709.0,1078.0
498,1074.0,722.0,1076.0,760.0,1053.0,654.0
499,871.0,704.0,877.0,718.0,911.0,668.0
501,1710.0,1440.0,1621.0,1358.0,1542.0,1111.0
502,2450.0,2345.0,2447.0,2545.0,2790.0,2015.0
503,1530.0,1455.0,1386.0,1425.0,1537.0,994.0
504,1936.0,1415.0,1834.0,1392.0,1831.0,1108.0
505,1601.0,1421.0,1491.0,1494.0,1513.0,1134.0
506,700.0,554.0,876.0,774.0,949.0,615.0
507,786.0,680.0,999.0,776.0,981.0,620.0
508,1373.0,1272.0,1268.0,1335.0,1458.0,1169.0
509,1709.0,1624.0,1690.0,1684.0,1816.0,1295.0
510,2043.0,1921.0,1881.0,1801.0,1948.0,1392.0
511,2154.0,1903.0,1830.0,1912.0,1910.0,1426.0
512,1990.0,1861.0,2027.0,2203.0,2242.0,1610.0
513,1734.0,1954.0,1850.0,2150.0,2047.0,1555.0
514,1142.0,579.0,956.0,628.0,844.0,425.0
515,1375.0,1126.0,1096.0,865.0,1130.0,644.0
516,2017.0,2330.0,1814.0,2593.0,2116.0,1954.0
517,1241.0,1382.0,1240.0,1613.0,1598.0,1239.0
518,1257.0,839.0,1373.0,1082.0,1418.0,818.0
519,1560.0,1117.0,1116.0,776.0,1106.0,649.0
520,1032.0,631.0,1492.0,1041.0,1550.0,843.0
521,1089.0,979.0,1569.0,1586.0,1668.0,1127.0
522,1012.0,945.0,0.0,0.0,0.0,0.0
523,1864.0,1449.0,885.0,724.0,923.0,535.0
524,781.0,557.0,801.0,663.0,851.0,498.0
525,1446.0,1217.0,1466.0,1387.0,1443.0,1095.0
526,886.0,606.0,1632.0,1168.0,1706.0,887.0
527,1398.0,1287.0,599.0,567.0,652.0,522.0
528,995.0,756.0,2276.0,2117.0,1568.0,906.0
529,1975.0,1119.0,2026.0,1324.0,2064.0,1049.0
530,681.0,432.0,671.0,442.0,727.0,382.0
531,1957.0,1251.0,2968.0,1942.0,3031.0,1387.0
533,2009.0,1519.0,1929.0,1521.0,2033.0,1258.0
534,1731.0,1688.0,1676.0,1716.0,1698.0,1331.0
535,1646.0,1603.0,1990.0,2049.0,2033.0,1497.0
536,1223.0,834.0,1186.0,813.0,1124.0,667.0
537,1060.0,767.0,1045.0,791.0,967.0,621.0
538,1871.0,1419.0,2802.0,2246.0,2763.0,1705.0
539,2551.0,2048.0,1266.0,996.0,1198.0,771.0
540,1220.0,1292.0,600.0,691.0,673.0,469.0
541,1522.0,1528.0,1416.0,1481.0,1553.0,1118.0
542,680.0,696.0,685.0,734.0,644.0,657.0
543,1622.0,1662.0,2002.0,2308.0,2211.0,1785.0
544,2084.0,1654.0,1512.0,1093.0,1456.0,850.0
545,2374.0,2313.0,2222.0,2568.0,2798.0,2083.0
546,1018.0,1118.0,1974.0,2393.0,2666.0,2006.0
547,702.0,692.0,763.0,647.0,645.0,659.0
548,684.0,758.0,1724.0,1717.0,1518.0,1524.0
549,1972.0,2021.0,627.0,696.0,547.0,575.0
550,1884.0,2068.0,1713.0,2025.0,1622.0,1670.0
551,2202.0,2185.0,2345.0,2328.0,2726.0,2421.0
552,1334.0,1405.0,1517.0,1557.0,1402.0,1287.0
553,846.0,742.0,792.0,794.0,766.0,619.0
554,1314.0,1363.0,1503.0,1665.0,1478.0,1361.0
555,2006.0,2350.0,3746.0,4744.0,3879.0,3783.0
556,2946.0,3659.0,3002.0,4063.0,3720.0,3400.0
557,2043.0,2428.0,566.0,1010.0,737.0,774.0
558,2234.0,1422.0,2667.0,1280.0,2375.0,1154.0
559,969.0,274.0,0.0,0.0,0.0,0.0
560,1415.0,606.0,2132.0,650.0,1875.0,561.0
561,1681.0,792.0,1837.0,793.0,1747.0,660.0
562,1465.0,1011.0,1328.0,875.0,1495.0,830.0
563,1723.0,961.0,2763.0,1278.0,2546.0,1067.0
564,1485.0,884.0,1117.0,671.0,999.0,602.0
565,1685.0,829.0,2167.0,998.0,1989.0,861.0
566,1719.0,731.0,2362.0,842.0,2157.0,659.0
567,664.0,148.0,0.0,0.0,0.0,0.0
568,3479.0,2976.0,3932.0,3340.0,4295.0,2968.0
569,2516.0,2244.0,2127.0,1983.0,2004.0,1547.0
570,782.0,619.0,1084.0,836.0,1137.0,654.0
571,1558.0,1608.0,1777.0,1782.0,1590.0,1697.0
572,2915.0,3155.0,2949.0,3252.0,2584.0,2888.0
573,1732.0,2070.0,1540.0,1972.0,1588.0,1590.0
575,2347.0,3753.0,2298.0,4318.0,2322.0,4248.0
576,1077.0,1591.0,1006.0,1652.0,1015.0,1627.0
577,640.0,1225.0,662.0,1292.0,523.0,1306.0
578,1294.0,1978.0,1311.0,2145.0,1203.0,1909.0
579,1308.0,2187.0,1216.0,2381.0,1589.0,2102.0
580,1159.0,2168.0,1113.0,2231.0,933.0,2094.0
581,1696.0,2285.0,1627.0,2695.0,1884.0,2171.0
582,531.0,510.0,542.0,539.0,529.0,509.0
583,1660.0,1804.0,840.0,1296.0,851.0,1096.0
584,1183.0,1286.0,0.0,0.0,2180.0,1918.0
585,1418.0,1400.0,2352.0,3007.0,1418.0,1152.0
586,1465.0,1410.0,1365.0,1493.0,2090.0,1814.0
587,511.0,686.0,1312.0,1676.0,752.0,781.0
588,1115.0,1275.0,797.0,1134.0,907.0,803.0
589,1132.0,1122.0,600.0,747.0,555.0,702.0
590,1645.0,1692.0,1995.0,2172.0,1709.0,2101.0
591,1983.0,2975.0,1863.0,3502.0,2010.0,3204.0
592,1209.0,409.0,1740.0,459.0,1541.0,368.0
593,2178.0,425.0,1537.0,190.0,1220.0,184.0
594,1318.0,449.0,1235.0,365.0,1230.0,330.0
595,1501.0,240.0,1572.0,246.0,1397.0,224.0
596,2219.0,281.0,2094.0,251.0,1642.0,208.0
597,999.0,180.0,1083.0,129.0,886.0,123.0
598,2592.0,771.0,2868.0,734.0,2876.0,558.0
600,737.0,98.0,1539.0,143.0,1242.0,138.0
601,1416.0,348.0,1693.0,309.0,1702.0,289.0
602,0.0,0.0,1624.0,348.0,0.0,0.0
603,1688.0,150.0,1719.0,114.0,1428.0,126.0
604,1140.0,131.0,0.0,0.0,0.0,0.0
605,613.0,64.0,1243.0,84.0,985.0,73.0
606,914.0,200.0,989.0,161.0,1002.0,143.0
607,1602.0,399.0,0.0,0.0,2258.0,437.0
608,1250.0,63.0,1243.0,55.0,999.0,51.0
609,1082.0,69.0,0.0,0.0,0.0,0.0
610,786.0,218.0,1191.0,299.0,1121.0,228.0
611,0.0,0.0,0.0,0.0,792.0,115.0
612,1052.0,37.0,2984.0,188.0,1691.0,136.0
613,2106.0,427.0,1918.0,457.0,2143.0,263.0
614,1426.0,299.0,1294.0,251.0,0.0,0.0
616,2612.0,622.0,2513.0,691.0,2606.0,361.0
617,1515.0,141.0,0.0,0.0,1044.0,97.0
618,1064.0,261.0,1739.0,529.0,1792.0,423.0
619,3245.0,470.0,2634.0,220.0,2766.0,137.0
620,3057.0,1062.0,3036.0,1292.0,2740.0,656.0
621,1536.0,281.0,1649.0,308.0,1709.0,185.0
622,2343.0,685.0,2300.0,663.0,2552.0,471.0
624,1500.0,874.0,1269.0,697.0,1253.0,436.0
625,1967.0,325.0,1850.0,362.0,1992.0,199.0
626,1770.0,261.0,2253.0,346.0,2214.0,291.0
627,1988.0,216.0,1342.0,128.0,1354.0,126.0
628,749.0,136.0,910.0,70.0,861.0,83.0
629,0.0,0.0,2108.0,123.0,2365.0,118.0
631,2426.0,507.0,2634.0,859.0,2905.0,462.0
632,1522.0,246.0,1860.0,412.0,1914.0,209.0
633,1804.0,179.0,1683.0,195.0,1703.0,136.0
634,2475.0,243.0,1711.0,162.0,1673.0,145.0
636,0.0,0.0,182.0,21.0,1163.0,149.0
637,3299.0,346.0,1154.0,106.0,1119.0,80.0
638,1903.0,376.0,2083.0,355.0,2056.0,210.0
639,0.0,0.0,1359.0,364.0,1437.0,210.0
641,2688.0,517.0,1667.0,255.0,1603.0,220.0
642,2112.0,416.0,2206.0,330.0,1030.0,150.0
643,1433.0,237.0,1931.0,329.0,1874.0,236.0
645,5675.0,1358.0,1309.0,524.0,2470.0,509.0
646,0.0,0.0,1841.0,304.0,1834.0,206.0
647,1277.0,143.0,1935.0,215.0,2052.0,168.0
648,850.0,62.0,0.0,0.0,924.0,55.0
649,739.0,91.0,956.0,101.0,920.0,68.0
650,1664.0,364.0,3822.0,910.0,2678.0,350.0
651,5036.0,730.0,5596.0,968.0,4055.0,382.0
652,1685.0,147.0,2443.0,228.0,2319.0,166.0
653,1470.0,183.0,2163.0,323.0,2975.0,339.0
654,2284.0,574.0,3858.0,811.0,3167.0,491.0
655,1813.0,379.0,1674.0,311.0,1737.0,243.0
656,2658.0,679.0,2979.0,676.0,3042.0,489.0
657,2021.0,343.0,3619.0,604.0,3668.0,370.0
658,1927.0,258.0,1923.0,283.0,1937.0,172.0
659,1265.0,283.0,2061.0,480.0,1294.0,203.0
660,0.0,0.0,1948.0,600.0,2525.0,389.0
661,3714.0,1088.0,3450.0,947.0,3630.0,523.0
662,3481.0,897.0,1964.0,595.0,3652.0,507.0
663,2474.0,624.0,1637.0,475.0,1732.0,310.0
664,1625.0,433.0,1040.0,290.0,1117.0,152.0
665,1101.0,478.0,1070.0,502.0,1011.0,360.0
666,926.0,434.0,946.0,456.0,998.0,285.0
667,886.0,453.0,1621.0,910.0,1465.0,809.0
668,2597.0,475.0,2369.0,462.0,2643.0,285.0
669,729.0,95.0,1667.0,134.0,1259.0,139.0
670,1274.0,192.0,1314.0,186.0,1236.0,110.0
671,962.0,81.0,972.0,94.0,849.0,76.0
672,1249.0,172.0,1525.0,172.0,1399.0,134.0
673,2452.0,742.0,2339.0,900.0,3167.0,724.0
674,1737.0,540.0,1844.0,778.0,2669.0,565.0
675,54.0,19.0,59.0,20.0,57.0,25.0
676,1634.0,1230.0,1517.0,1284.0,1389.0,1339.0
677,1387.0,1171.0,1214.0,1225.0,962.0,1298.0
678,711.0,696.0,640.0,725.0,422.0,917.0
679,962.0,697.0,819.0,694.0,560.0,903.0
680,1212.0,949.0,1091.0,1023.0,812.0,1159.0
681,1064.0,1470.0,1116.0,1480.0,775.0,1709.0
682,649.0,903.0,612.0,897.0,469.0,930.0
683,716.0,769.0,686.0,737.0,493.0,847.0
684,605.0,704.0,574.0,711.0,423.0,817.0
685,412.0,711.0,378.0,741.0,262.0,811.0
686,745.0,941.0,704.0,1010.0,563.0,1055.0
687,681.0,1060.0,606.0,1046.0,447.0,1100.0
688,1101.0,1648.0,1048.0,1652.0,666.0,1942.0
689,640.0,870.0,608.0,786.0,398.0,888.0
690,1753.0,1989.0,1795.0,2134.0,1431.0,2373.0
691,641.0,777.0,555.0,816.0,402.0,909.0
692,1120.0,1660.0,1094.0,1702.0,790.0,1949.0
693,1264.0,1788.0,1247.0,1756.0,797.0,2091.0
694,978.0,1157.0,959.0,1349.0,654.0,1805.0
695,751.0,1435.0,718.0,1480.0,518.0,1678.0
696,494.0,576.0,462.0,564.0,378.0,653.0
697,987.0,974.0,987.0,994.0,671.0,1128.0
698,1293.0,959.0,1482.0,1178.0,1093.0,1366.0
699,888.0,253.0,801.0,239.0,515.0,414.0
700,835.0,671.0,772.0,700.0,520.0,855.0
701,1105.0,1274.0,1084.0,1290.0,814.0,1511.0
702,962.0,932.0,878.0,967.0,659.0,1162.0
703,1729.0,1422.0,1539.0,1241.0,1190.0,1505.0
704,1929.0,1371.0,1823.0,1384.0,1276.0,1669.0
705,2530.0,1187.0,2259.0,1255.0,1469.0,1888.0
706,708.0,690.0,765.0,689.0,430.0,769.0
707,635.0,766.0,532.0,846.0,339.0,974.0
708,543.0,561.0,462.0,622.0,279.0,764.0
709,627.0,673.0,527.0,684.0,333.0,863.0
710,813.0,858.0,747.0,892.0,541.0,1008.0
711,739.0,1073.0,758.0,1047.0,477.0,1251.0
712,872.0,1014.0,842.0,991.0,501.0,1278.0
713,844.0,805.0,773.0,757.0,556.0,854.0
714,1288.0,1587.0,1220.0,1533.0,793.0,1847.0
716,697.0,808.0,651.0,827.0,415.0,1054.0
717,719.0,746.0,658.0,746.0,492.0,877.0
718,1183.0,1200.0,1167.0,1205.0,839.0,1447.0
719,1059.0,1265.0,990.0,1281.0,704.0,1402.0
720,933.0,962.0,913.0,892.0,744.0,956.0
721,920.0,1287.0,879.0,1372.0,532.0,1340.0
722,1604.0,1728.0,1247.0,1308.0,1058.0,1586.0
723,282.0,253.0,313.0,255.0,256.0,283.0
724,1438.0,1227.0,1785.0,1506.0,1502.0,1622.0
725,784.0,673.0,738.0,642.0,473.0,866.0
726,506.0,1170.0,464.0,1206.0,251.0,1352.0
727,757.0,590.0,658.0,612.0,391.0,790.0
728,735.0,426.0,583.0,483.0,432.0,559.0
729,1102.0,699.0,1074.0,630.0,623.0,877.0
730,809.0,612.0,889.0,680.0,664.0,852.0
731,1129.0,935.0,929.0,882.0,678.0,1043.0
732,609.0,716.0,559.0,649.0,341.0,797.0
733,748.0,599.0,682.0,577.0,465.0,726.0
734,496.0,591.0,450.0,608.0,251.0,666.0
735,916.0,722.0,842.0,753.0,585.0,902.0
736,1946.0,1308.0,1921.0,1284.0,1549.0,1463.0
737,801.0,618.0,728.0,661.0,492.0,688.0
738,1427.0,710.0,1394.0,665.0,1036.0,781.0
739,419.0,525.0,369.0,561.0,237.0,634.0
740,552.0,753.0,490.0,745.0,316.0,906.0
741,1757.0,2358.0,1712.0,2428.0,1237.0,2836.0
742,1005.0,1075.0,1063.0,1008.0,708.0,1171.0
743,1125.0,1073.0,971.0,1118.0,622.0,1427.0
744,881.0,864.0,852.0,820.0,505.0,1050.0
745,916.0,1001.0,872.0,1008.0,587.0,1182.0
746,1310.0,1265.0,1283.0,1333.0,964.0,1516.0
747,932.0,816.0,900.0,884.0,514.0,1048.0
748,585.0,675.0,529.0,711.0,346.0,882.0
749,874.0,946.0,762.0,1005.0,516.0,1163.0
750,794.0,1002.0,639.0,1108.0,438.0,1239.0
751,2229.0,2155.0,1936.0,2116.0,790.0,1284.0
752,1040.0,940.0,1060.0,1006.0,697.0,920.0
753,0.0,0.0,0.0,0.0,679.0,974.0
754,656.0,848.0,593.0,946.0,378.0,1149.0
755,517.0,424.0,475.0,413.0,327.0,530.0
756,1015.0,1587.0,965.0,1645.0,586.0,1823.0
757,2016.0,2945.0,1761.0,2787.0,1322.0,3053.0
758,919.0,1035.0,915.0,1207.0,674.0,1360.0
759,940.0,1244.0,911.0,1204.0,696.0,1253.0
760,647.0,979.0,520.0,918.0,299.0,1013.0
761,906.0,1776.0,861.0,1827.0,569.0,2024.0
762,1062.0,1427.0,1035.0,1481.0,834.0,1629.0
763,788.0,488.0,731.0,491.0,529.0,557.0
764,648.0,355.0,545.0,380.0,401.0,434.0
765,626.0,526.0,544.0,562.0,371.0,712.0
766,500.0,565.0,465.0,633.0,296.0,747.0
767,629.0,509.0,507.0,621.0,282.0,825.0
768,556.0,685.0,482.0,753.0,276.0,924.0
769,662.0,980.0,589.0,1048.0,394.0,1132.0
770,612.0,766.0,555.0,884.0,333.0,951.0
771,532.0,750.0,474.0,830.0,291.0,984.0
772,389.0,697.0,340.0,770.0,245.0,813.0
773,1219.0,1810.0,1168.0,1931.0,892.0,1874.0
774,999.0,1050.0,928.0,1194.0,578.0,1308.0
775,1026.0,1969.0,1012.0,2000.0,694.0,2207.0
776,1021.0,1369.0,931.0,1431.0,545.0,1752.0
777,1052.0,921.0,947.0,951.0,702.0,1079.0
778,679.0,576.0,580.0,570.0,381.0,724.0
779,823.0,1108.0,778.0,1123.0,483.0,1336.0
780,779.0,794.0,721.0,838.0,387.0,1006.0
781,1062.0,1620.0,1021.0,1653.0,579.0,2025.0
782,970.0,1301.0,923.0,1278.0,622.0,1459.0
783,254.0,421.0,250.0,423.0,151.0,460.0
784,1598.0,1832.0,1528.0,1827.0,980.0,2158.0
785,720.0,654.0,695.0,634.0,450.0,797.0
786,775.0,385.0,755.0,346.0,532.0,448.0
787,693.0,836.0,657.0,790.0,395.0,993.0
788,742.0,1108.0,695.0,1102.0,449.0,1299.0
789,700.0,1255.0,661.0,1298.0,375.0,1630.0
790,1243.0,1883.0,1167.0,1987.0,1191.0,3494.0
791,484.0,759.0,440.0,826.0,201.0,1055.0
792,824.0,1335.0,703.0,1431.0,357.0,2053.0
793,1296.0,1452.0,1302.0,1425.0,430.0,722.0
794,512.0,572.0,503.0,561.0,248.0,787.0
795,746.0,1371.0,682.0,1529.0,386.0,1885.0
796,1292.0,591.0,2151.0,900.0,1500.0,1077.0
797,1230.0,615.0,1165.0,524.0,841.0,640.0
799,867.0,292.0,0.0,0.0,0.0,0.0
800,1303.0,526.0,1259.0,496.0,828.0,741.0
801,1089.0,664.0,1150.0,598.0,787.0,722.0
802,1421.0,905.0,1365.0,947.0,1112.0,1063.0
803,1555.0,990.0,1415.0,936.0,836.0,1274.0
804,563.0,523.0,559.0,533.0,321.0,687.0
805,1439.0,974.0,1333.0,1017.0,775.0,1439.0
806,846.0,995.0,732.0,987.0,444.0,1183.0
807,598.0,627.0,553.0,687.0,346.0,778.0
808,796.0,871.0,711.0,961.0,406.0,1161.0
809,951.0,822.0,896.0,856.0,543.0,1035.0
810,781.0,1070.0,741.0,1189.0,436.0,1384.0
811,1147.0,1537.0,1295.0,1663.0,1026.0,1907.0
812,1680.0,1156.0,1730.0,1128.0,1506.0,1218.0
813,2047.0,901.0,1864.0,920.0,1509.0,748.0
814,2326.0,1960.0,1318.0,1123.0,1164.0,970.0
815,832.0,780.0,1235.0,1380.0,1173.0,1351.0
816,1074.0,564.0,1469.0,811.0,1072.0,858.0
817,718.0,706.0,669.0,806.0,399.0,1090.0
818,696.0,825.0,565.0,969.0,310.0,1132.0
819,478.0,704.0,403.0,778.0,217.0,882.0
820,922.0,654.0,845.0,632.0,714.0,729.0
821,361.0,251.0,305.0,229.0,267.0,254.0
822,1069.0,1228.0,1006.0,1167.0,826.0,1212.0
823,902.0,441.0,791.0,500.0,551.0,622.0
824,593.0,354.0,430.0,405.0,341.0,451.0
825,634.0,409.0,509.0,479.0,372.0,626.0
826,434.0,255.0,913.0,513.0,844.0,428.0
827,582.0,407.0,671.0,340.0,569.0,337.0
828,601.0,419.0,825.0,449.0,690.0,461.0
829,1612.0,871.0,1102.0,600.0,1102.0,419.0
830,542.0,286.0,602.0,271.0,565.0,229.0
831,962.0,682.0,1343.0,860.0,1211.0,882.0
832,842.0,621.0,1007.0,828.0,963.0,905.0
833,471.0,432.0,841.0,686.0,766.0,733.0
834,1158.0,1528.0,1108.0,1332.0,994.0,1568.0
835,1369.0,1018.0,1290.0,1007.0,970.0,1042.0
836,1332.0,1232.0,932.0,912.0,855.0,934.0
837,1278.0,1196.0,1465.0,1415.0,1608.0,1146.0
838,856.0,885.0,756.0,772.0,738.0,691.0
839,1594.0,1798.0,1588.0,2022.0,1896.0,1750.0
840,1528.0,1329.0,1256.0,1074.0,1153.0,900.0
841,999.0,933.0,1185.0,1175.0,1102.0,1067.0
842,2564.0,2177.0,1266.0,878.0,1080.0,818.0
843,1901.0,1822.0,3083.0,3260.0,3212.0,2888.0
844,695.0,573.0,750.0,536.0,558.0,405.0
845,734.0,660.0,985.0,875.0,850.0,769.0
846,712.0,677.0,893.0,802.0,864.0,654.0
847,751.0,662.0,1350.0,1094.0,1201.0,936.0
848,1486.0,1352.0,885.0,883.0,792.0,753.0
849,1161.0,1248.0,1365.0,1527.0,1521.0,1436.0
850,993.0,740.0,1075.0,657.0,928.0,640.0
851,963.0,623.0,1077.0,752.0,1056.0,780.0
852,2525.0,2268.0,1704.0,1680.0,1747.0,1541.0
853,1255.0,1192.0,1312.0,1342.0,1073.0,1640.0
854,1711.0,2364.0,1677.0,2402.0,1421.0,2508.0
855,1535.0,1982.0,1521.0,1861.0,1083.0,2133.0
856,1359.0,1648.0,1317.0,1670.0,1031.0,1828.0
857,831.0,1281.0,935.0,1423.0,678.0,1598.0
858,1375.0,1041.0,1259.0,934.0,1145.0,849.0
859,580.0,844.0,487.0,918.0,338.0,1083.0
860,661.0,846.0,544.0,891.0,454.0,937.0
861,778.0,654.0,697.0,612.0,584.0,701.0
862,700.0,890.0,639.0,916.0,526.0,961.0
863,1021.0,1566.0,854.0,1651.0,669.0,1975.0
864,898.0,1373.0,752.0,1473.0,512.0,1743.0
865,619.0,742.0,526.0,748.0,385.0,874.0
866,981.0,1284.0,843.0,1372.0,606.0,1498.0
867,1119.0,1373.0,1069.0,1497.0,898.0,1495.0
868,999.0,1360.0,880.0,1364.0,732.0,1428.0
869,854.0,1150.0,738.0,1090.0,580.0,1135.0
870,743.0,835.0,673.0,918.0,589.0,940.0
871,866.0,1296.0,777.0,1367.0,551.0,1516.0
872,564.0,781.0,475.0,837.0,370.0,930.0
873,866.0,960.0,758.0,944.0,464.0,1182.0
874,626.0,674.0,571.0,711.0,426.0,821.0
875,981.0,1449.0,882.0,1551.0,655.0,1720.0
876,550.0,417.0,495.0,478.0,332.0,664.0
877,804.0,746.0,517.0,543.0,347.0,620.0
878,612.0,779.0,530.0,808.0,348.0,927.0
879,555.0,442.0,686.0,644.0,527.0,832.0
880,873.0,864.0,796.0,832.0,592.0,957.0
881,908.0,618.0,872.0,624.0,683.0,774.0
882,661.0,420.0,619.0,468.0,427.0,590.0
883,636.0,635.0,598.0,676.0,365.0,832.0
884,867.0,911.0,810.0,885.0,548.0,1021.0
885,1184.0,1165.0,1136.0,1170.0,688.0,1383.0
886,1015.0,1260.0,980.0,1256.0,666.0,1455.0
887,761.0,739.0,749.0,677.0,509.0,756.0
888,1052.0,1114.0,986.0,1089.0,694.0,1380.0
889,358.0,424.0,300.0,493.0,161.0,631.0
890,551.0,543.0,473.0,527.0,320.0,654.0
891,465.0,380.0,395.0,414.0,279.0,509.0
892,405.0,477.0,351.0,520.0,229.0,641.0
893,244.0,828.0,206.0,872.0,138.0,903.0
894,1075.0,873.0,1105.0,964.0,784.0,1103.0
895,430.0,319.0,405.0,413.0,280.0,549.0
896,494.0,546.0,414.0,558.0,308.0,640.0
897,653.0,694.0,506.0,721.0,305.0,923.0
898,758.0,776.0,584.0,882.0,364.0,986.0
899,1117.0,844.0,896.0,775.0,665.0,884.0
900,945.0,619.0,856.0,665.0,600.0,745.0
901,698.0,617.0,594.0,670.0,409.0,812.0
902,853.0,931.0,687.0,1020.0,491.0,1187.0
903,827.0,929.0,726.0,947.0,506.0,1150.0
904,1602.0,1408.0,1428.0,1401.0,1007.0,1723.0
905,818.0,706.0,734.0,758.0,516.0,910.0
906,522.0,603.0,473.0,615.0,296.0,727.0
907,375.0,352.0,346.0,368.0,287.0,434.0
908,2361.0,418.0,2290.0,409.0,2291.0,227.0
909,979.0,355.0,1674.0,465.0,1578.0,344.0
910,1795.0,475.0,1201.0,357.0,1198.0,183.0
911,3296.0,1250.0,4414.0,1462.0,4376.0,1083.0
912,1780.0,466.0,2255.0,552.0,2077.0,470.0
913,1405.0,330.0,1382.0,151.0,1135.0,184.0
914,1597.0,463.0,1351.0,315.0,1426.0,266.0
915,997.0,392.0,837.0,291.0,797.0,236.0
916,1576.0,809.0,1674.0,726.0,1460.0,666.0
917,1454.0,595.0,1602.0,550.0,1455.0,529.0
918,1185.0,369.0,1205.0,318.0,1103.0,299.0
919,1030.0,346.0,1194.0,323.0,1047.0,282.0
920,0.0,0.0,1233.0,192.0,1016.0,220.0
921,787.0,188.0,1283.0,256.0,1771.0,419.0
922,847.0,310.0,856.0,319.0,803.0,235.0
923,1162.0,280.0,168.0,42.0,145.0,29.0
924,554.0,122.0,524.0,100.0,421.0,117.0
925,987.0,314.0,1019.0,238.0,898.0,243.0
926,1560.0,349.0,406.0,56.0,343.0,47.0
927,1491.0,452.0,1929.0,445.0,1162.0,335.0
929,1971.0,476.0,2904.0,578.0,1704.0,375.0
930,493.0,184.0,0.0,0.0,1324.0,377.0
931,1670.0,675.0,1706.0,639.0,768.0,362.0
932,2056.0,446.0,2422.0,543.0,2640.0,374.0
933,1323.0,245.0,0.0,0.0,0.0,0.0
934,0.0,0.0,1605.0,285.0,1528.0,242.0
935,2347.0,511.0,2336.0,471.0,2168.0,344.0
936,992.0,263.0,995.0,240.0,1076.0,197.0
937,1474.0,304.0,1380.0,204.0,1171.0,188.0
938,854.0,139.0,935.0,150.0,798.0,129.0
939,842.0,170.0,1677.0,229.0,1327.0,224.0
940,826.0,98.0,0.0,0.0,0.0,0.0
941,463.0,100.0,37.0,9.0,24.0,12.0
942,600.0,182.0,0.0,0.0,0.0,0.0
944,1042.0,350.0,0.0,0.0,0.0,0.0
945,3372.0,810.0,3050.0,617.0,1508.0,282.0
946,1432.0,71.0,1057.0,56.0,915.0,66.0
948,809.0,222.0,827.0,70.0,741.0,64.0
949,1133.0,171.0,2092.0,285.0,1934.0,202.0
950,962.0,146.0,0.0,0.0,0.0,0.0
951,0.0,0.0,1645.0,322.0,1663.0,172.0
952,2065.0,569.0,2222.0,602.0,2464.0,520.0
953,1252.0,354.0,1320.0,310.0,1377.0,298.0
954,682.0,163.0,1329.0,234.0,1170.0,238.0
956,1758.0,509.0,1568.0,402.0,1417.0,361.0
957,1542.0,540.0,1633.0,468.0,1450.0,447.0
959,1680.0,661.0,1769.0,577.0,1481.0,559.0
960,2535.0,1381.0,1199.0,633.0,1255.0,421.0
961,1426.0,263.0,949.0,357.0,2390.0,459.0
962,1339.0,135.0,1269.0,162.0,1063.0,84.0
963,1652.0,350.0,1436.0,327.0,1452.0,161.0
964,0.0,0.0,873.0,167.0,880.0,114.0
965,1259.0,231.0,1100.0,277.0,247.0,35.0
966,2559.0,600.0,2368.0,641.0,2421.0,415.0
967,2030.0,438.0,1111.0,263.0,2012.0,306.0
969,1358.0,374.0,1408.0,415.0,1322.0,347.0
970,678.0,110.0,1758.0,301.0,1693.0,355.0
971,2802.0,1071.0,2599.0,960.0,2699.0,620.0
972,2384.0,789.0,1123.0,338.0,2856.0,572.0
973,1067.0,335.0,2985.0,1024.0,1298.0,267.0
974,2455.0,982.0,2383.0,932.0,1968.0,550.0
975,1684.0,599.0,1814.0,645.0,1845.0,599.0
977,1049.0,362.0,1424.0,401.0,1484.0,382.0
978,1191.0,402.0,1194.0,332.0,1121.0,276.0
979,1953.0,562.0,995.0,224.0,926.0,187.0
980,1034.0,255.0,1111.0,306.0,994.0,254.0
981,1844.0,683.0,1131.0,352.0,999.0,320.0
982,2059.0,844.0,2813.0,1049.0,2752.0,887.0
983,3187.0,1257.0,2441.0,1098.0,2517.0,715.0
984,2630.0,1096.0,2843.0,1171.0,2682.0,720.0
985,772.0,284.0,1134.0,307.0,1094.0,295.0
986,2694.0,2700.0,2580.0,2740.0,2473.0,2424.0
987,407.0,398.0,406.0,399.0,336.0,360.0
989,1349.0,1149.0,1241.0,1112.0,1156.0,961.0
990,0.0,0.0,198.0,166.0,170.0,136.0
991,3199.0,2584.0,3077.0,2407.0,2825.0,2196.0
992,1703.0,1249.0,1725.0,1381.0,1570.0,1315.0
993,2205.0,1956.0,2106.0,1841.0,1912.0,1712.0
995,1396.0,1795.0,1250.0,2018.0,1618.0,1470.0
996,1957.0,1925.0,1912.0,1920.0,1881.0,1573.0
997,2035.0,1705.0,2093.0,1701.0,1921.0,1518.0
998,2328.0,1831.0,1778.0,1438.0,1751.0,1131.0
999,1996.0,1407.0,2568.0,1817.0,2507.0,1411.0
1000,1306.0,1297.0,1278.0,1305.0,1240.0,1090.0
1001,1954.0,1808.0,1877.0,1865.0,1907.0,1427.0
1002,1236.0,1117.0,1142.0,1163.0,1254.0,917.0
1003,1083.0,821.0,1023.0,816.0,1008.0,675.0
1004,686.0,1046.0,615.0,1063.0,644.0,637.0
1005,1180.0,1108.0,1146.0,962.0,1264.0,778.0
1006,739.0,566.0,725.0,495.0,673.0,494.0
1007,758.0,464.0,743.0,415.0,619.0,412.0
1008,1092.0,922.0,1121.0,891.0,1057.0,750.0
1009,1081.0,995.0,1094.0,916.0,1084.0,810.0
1010,1069.0,678.0,1150.0,665.0,1227.0,508.0
1011,0.0,0.0,0.0,0.0,921.0,522.0
1012,1556.0,1254.0,3742.0,2749.0,2853.0,1762.0
1013,3786.0,2577.0,1219.0,962.0,1171.0,611.0
1014,0.0,0.0,2370.0,1591.0,1528.0,782.0
1015,2010.0,1578.0,0.0,0.0,913.0,604.0
1016,1455.0,806.0,1515.0,780.0,1566.0,536.0
1017,1490.0,1398.0,996.0,1046.0,1090.0,679.0
1018,2512.0,1674.0,1646.0,1028.0,1617.0,833.0
1019,2191.0,1521.0,2816.0,1645.0,2670.0,1270.0
1020,2183.0,1345.0,3038.0,2055.0,2964.0,1525.0
1021,1268.0,702.0,1318.0,651.0,1200.0,464.0
1023,1477.0,860.0,1514.0,798.0,1447.0,611.0
1024,1055.0,468.0,1085.0,427.0,1140.0,301.0
1025,1164.0,402.0,1103.0,373.0,1041.0,223.0
1026,999.0,368.0,935.0,326.0,917.0,245.0
1027,1227.0,695.0,1286.0,654.0,1148.0,570.0
1028,2024.0,1443.0,2055.0,1392.0,1884.0,1243.0
1029,634.0,316.0,599.0,307.0,578.0,262.0
1030,1513.0,983.0,1598.0,905.0,1464.0,799.0
1031,1962.0,1350.0,2034.0,1419.0,1828.0,1263.0
1032,1529.0,869.0,1300.0,723.0,1187.0,681.0
1033,893.0,658.0,974.0,769.0,971.0,681.0
1034,2219.0,1355.0,2102.0,1288.0,1942.0,1174.0
1035,1199.0,749.0,1608.0,972.0,1392.0,1028.0
1036,1065.0,857.0,1080.0,958.0,1226.0,887.0
1037,1444.0,909.0,1455.0,837.0,1163.0,595.0
1038,1762.0,1249.0,1815.0,1208.0,1573.0,1073.0
1040,1978.0,1368.0,1904.0,1406.0,1699.0,1313.0
1041,607.0,105.0,719.0,59.0,606.0,64.0
1042,1143.0,240.0,1103.0,232.0,1112.0,154.0
1043,2843.0,941.0,3804.0,1891.0,3787.0,1154.0
1044,903.0,336.0,890.0,313.0,786.0,254.0
1045,477.0,449.0,370.0,456.0,215.0,505.0
1046,643.0,534.0,558.0,522.0,325.0,636.0
1047,598.0,738.0,552.0,811.0,351.0,941.0
1048,1141.0,1347.0,741.0,922.0,522.0,1006.0
1049,0.0,0.0,371.0,385.0,227.0,435.0
1050,611.0,959.0,480.0,1130.0,291.0,1273.0
1051,542.0,726.0,514.0,765.0,286.0,880.0
1052,358.0,538.0,350.0,557.0,210.0,603.0
1053,599.0,798.0,509.0,847.0,299.0,886.0
1054,542.0,571.0,480.0,597.0,293.0,691.0
1055,551.0,506.0,523.0,498.0,292.0,669.0
1056,746.0,610.0,620.0,663.0,432.0,789.0
1057,859.0,723.0,724.0,782.0,480.0,969.0
1058,607.0,748.0,538.0,762.0,321.0,886.0
1059,1321.0,2115.0,1315.0,2301.0,967.0,2651.0
1060,1357.0,1500.0,1343.0,1562.0,1129.0,1662.0
1061,1076.0,1354.0,997.0,1410.0,602.0,1714.0
1062,1125.0,1559.0,1091.0,1607.0,736.0,1819.0
1063,1432.0,337.0,2288.0,828.0,934.0,42.0
1064,1217.0,695.0,778.0,529.0,2178.0,1108.0
1065,880.0,354.0,861.0,609.0,791.0,584.0
1066,1970.0,668.0,1075.0,494.0,1034.0,407.0
1067,2151.0,1087.0,2449.0,935.0,2220.0,773.0
1068,1512.0,1284.0,2604.0,2149.0,2048.0,2422.0
1069,1465.0,1222.0,0.0,0.0,0.0,0.0
1070,1212.0,1086.0,903.0,871.0,755.0,973.0
1071,663.0,462.0,1350.0,1089.0,1043.0,1273.0
1072,557.0,843.0,472.0,872.0,313.0,939.0
1073,1171.0,1213.0,1143.0,1198.0,855.0,1323.0
1074,351.0,719.0,331.0,740.0,205.0,829.0
1075,656.0,1033.0,591.0,972.0,380.0,1199.0
1076,453.0,619.0,377.0,645.0,247.0,837.0
1077,813.0,1117.0,729.0,1125.0,532.0,1322.0
1078,751.0,1123.0,678.0,1108.0,426.0,1399.0
1079,424.0,546.0,397.0,559.0,271.0,694.0
1080,2592.0,1422.0,2604.0,1377.0,2278.0,1220.0
1081,935.0,433.0,907.0,455.0,850.0,403.0
1082,2458.0,1350.0,3235.0,1718.0,2787.0,1708.0
1083,1975.0,1017.0,1711.0,1047.0,1546.0,962.0
1084,802.0,406.0,1060.0,544.0,1080.0,516.0
1085,2897.0,1446.0,2897.0,1467.0,2761.0,1355.0
1086,1108.0,697.0,1058.0,713.0,1103.0,565.0
1087,1083.0,413.0,1290.0,396.0,1138.0,353.0
1088,0.0,0.0,702.0,395.0,701.0,281.0
1089,1079.0,537.0,1169.0,360.0,956.0,365.0
1091,1020.0,302.0,0.0,0.0,952.0,351.0
1092,1263.0,367.0,0.0,0.0,0.0,0.0
1093,634.0,129.0,0.0,0.0,837.0,250.0
1094,1990.0,495.0,2216.0,539.0,0.0,0.0
1095,716.0,228.0,602.0,188.0,479.0,186.0
1098,657.0,203.0,574.0,212.0,572.0,194.0
1099,1977.0,1114.0,1890.0,1110.0,1621.0,1124.0
1102,789.0,303.0,737.0,287.0,595.0,395.0
1103,1100.0,386.0,1010.0,345.0,757.0,403.0
1106,1369.0,534.0,1234.0,488.0,992.0,582.0
1107,670.0,276.0,645.0,264.0,441.0,321.0
1108,1168.0,431.0,1122.0,400.0,807.0,569.0
1109,1234.0,546.0,1193.0,525.0,903.0,655.0
1110,537.0,308.0,563.0,303.0,399.0,398.0
1111,2914.0,1903.0,3024.0,2083.0,2631.0,2266.0
1112,1536.0,892.0,1503.0,894.0,1167.0,1090.0
1113,1565.0,1050.0,1474.0,1144.0,1301.0,1157.0
1114,2261.0,1736.0,2262.0,1870.0,1848.0,2113.0
1115,2075.0,1284.0,2021.0,1357.0,1511.0,1677.0
1116,1434.0,655.0,1380.0,656.0,976.0,909.0
1117,773.0,458.0,729.0,448.0,511.0,590.0
1118,1242.0,699.0,1155.0,758.0,884.0,982.0
1119,1774.0,975.0,1781.0,1024.0,1221.0,1351.0
1120,916.0,474.0,889.0,419.0,635.0,520.0
1121,1032.0,499.0,939.0,482.0,627.0,588.0
1122,1907.0,966.0,1809.0,938.0,1191.0,1222.0
1124,1796.0,731.0,1702.0,688.0,1161.0,963.0
1125,940.0,412.0,855.0,461.0,587.0,693.0
1126,1179.0,550.0,1118.0,578.0,815.0,746.0
1128,531.0,244.0,511.0,211.0,355.0,254.0
1129,2812.0,1466.0,2391.0,1396.0,1621.0,1600.0
1130,1161.0,430.0,1343.0,529.0,860.0,723.0
1131,1248.0,677.0,1130.0,738.0,809.0,951.0
1132,780.0,334.0,664.0,373.0,420.0,458.0
1133,385.0,209.0,375.0,249.0,266.0,309.0
1134,663.0,276.0,874.0,467.0,579.0,644.0
1135,909.0,495.0,556.0,375.0,312.0,530.0
1136,893.0,363.0,794.0,411.0,522.0,569.0
1137,553.0,349.0,492.0,348.0,319.0,479.0
1138,1108.0,643.0,1032.0,683.0,745.0,946.0
1139,1805.0,1053.0,1677.0,1100.0,1179.0,1390.0
1140,1236.0,827.0,1148.0,808.0,799.0,925.0
1141,1372.0,913.0,1265.0,901.0,963.0,1034.0
1142,1166.0,1070.0,1069.0,1072.0,807.0,1135.0
1143,2192.0,685.0,2284.0,640.0,1687.0,702.0
1144,2705.0,1181.0,2326.0,1070.0,2057.0,1038.0
1145,2435.0,900.0,2387.0,827.0,1848.0,921.0
1146,343.0,273.0,454.0,319.0,0.0,0.0
1147,1041.0,1283.0,1080.0,1435.0,798.0,762.0
1148,559.0,694.0,480.0,768.0,1680.0,1768.0
1149,2230.0,2256.0,2166.0,2257.0,1879.0,1720.0
1150,0.0,0.0,0.0,0.0,617.0,837.0
1151,2557.0,2948.0,2718.0,3337.0,2420.0,2317.0
1152,2767.0,2740.0,2816.0,3113.0,2896.0,2891.0
1153,2640.0,2745.0,2624.0,3178.0,2622.0,2875.0
1154,1259.0,1048.0,786.0,682.0,664.0,671.0
1155,438.0,462.0,911.0,913.0,754.0,966.0
1156,634.0,565.0,641.0,578.0,534.0,575.0
1157,1124.0,1448.0,1414.0,1788.0,1350.0,1751.0
1158,1377.0,1991.0,1392.0,2095.0,1131.0,2279.0
1159,1323.0,1890.0,1445.0,2260.0,1652.0,2232.0
1160,1868.0,2177.0,1911.0,2428.0,1759.0,2630.0
1161,1059.0,1556.0,1011.0,1623.0,955.0,1425.0
1162,1210.0,1519.0,1166.0,1542.0,1075.0,1523.0
1163,1784.0,3426.0,1725.0,3743.0,1569.0,3583.0
1164,1944.0,3501.0,2017.0,3866.0,1800.0,4239.0
1165,1265.0,1810.0,1267.0,1816.0,1076.0,2061.0
1166,1786.0,2392.0,1688.0,2582.0,1271.0,2843.0
1167,1997.0,3375.0,1927.0,3652.0,1296.0,4210.0
1168,1332.0,2192.0,1233.0,2212.0,825.0,2614.0
1169,1229.0,2357.0,1289.0,2511.0,856.0,2884.0
1170,2335.0,2964.0,2154.0,3045.0,1730.0,3117.0
1171,1818.0,2570.0,1843.0,2614.0,1381.0,2985.0
1172,1572.0,2482.0,1605.0,2795.0,1189.0,3215.0
1173,1714.0,2853.0,1616.0,3027.0,1127.0,3681.0
1174,2447.0,3235.0,2679.0,3925.0,2283.0,4187.0
1175,1107.0,1451.0,1341.0,1866.0,1057.0,1990.0
1176,1555.0,2072.0,1179.0,1761.0,953.0,1770.0
1177,851.0,589.0,851.0,555.0,728.0,599.0
1178,848.0,1458.0,825.0,1572.0,553.0,1736.0
1179,712.0,1049.0,690.0,1035.0,450.0,1121.0
1180,700.0,904.0,664.0,954.0,425.0,1089.0
1181,738.0,1081.0,737.0,1132.0,526.0,1247.0
1182,894.0,638.0,1261.0,879.0,936.0,812.0
1183,2537.0,1461.0,1742.0,1198.0,1521.0,1045.0
1184,2151.0,2051.0,2248.0,2260.0,2010.0,2173.0
1186,1626.0,1495.0,1557.0,1406.0,1205.0,1564.0
1187,1011.0,957.0,792.0,675.0,600.0,743.0
1188,549.0,459.0,761.0,563.0,513.0,650.0
1189,477.0,457.0,609.0,568.0,474.0,539.0
1190,431.0,377.0,0.0,0.0,0.0,0.0
1191,1936.0,1591.0,2051.0,1696.0,1628.0,1674.0
1192,2610.0,2724.0,2630.0,2797.0,2269.0,3101.0
1193,1658.0,2123.0,1662.0,2596.0,1426.0,2765.0
1194,2183.0,2603.0,1763.0,2242.0,1519.0,2566.0
1195,1253.0,2035.0,1167.0,2141.0,779.0,2548.0
1196,808.0,1123.0,742.0,1231.0,502.0,1507.0
1197,574.0,1031.0,524.0,1130.0,355.0,1453.0
1198,474.0,937.0,413.0,1043.0,220.0,1356.0
1199,500.0,1302.0,421.0,1355.0,216.0,1561.0
1200,654.0,1050.0,590.0,1110.0,436.0,1325.0
1201,783.0,907.0,688.0,1013.0,395.0,1138.0
1202,847.0,1141.0,829.0,1240.0,573.0,1371.0
1203,1318.0,2328.0,1282.0,2506.0,802.0,2942.0
1204,1458.0,2058.0,1368.0,2242.0,853.0,2712.0
1205,2049.0,1615.0,1932.0,1643.0,1567.0,1690.0
1206,1496.0,2168.0,1378.0,2185.0,1005.0,2478.0
1207,2158.0,2489.0,1891.0,2551.0,1394.0,2650.0
1208,1507.0,2156.0,1438.0,2335.0,1246.0,2638.0
1209,1020.0,1869.0,966.0,1962.0,613.0,2317.0
1210,1094.0,633.0,846.0,448.0,518.0,300.0
1211,985.0,1464.0,945.0,1480.0,585.0,1746.0
1212,1832.0,2090.0,1883.0,2176.0,1439.0,2312.0
1213,1378.0,1534.0,1147.0,1318.0,871.0,1432.0
1214,894.0,795.0,1065.0,900.0,763.0,1086.0
1215,721.0,921.0,678.0,949.0,394.0,1170.0
1216,1349.0,1406.0,1344.0,1425.0,1044.0,1519.0
1217,817.0,971.0,667.0,837.0,529.0,866.0
1218,1040.0,887.0,977.0,818.0,614.0,1067.0
1219,596.0,789.0,545.0,802.0,392.0,885.0
1220,1696.0,1121.0,1659.0,1172.0,1376.0,1092.0
1221,489.0,800.0,538.0,792.0,348.0,823.0
1222,684.0,614.0,657.0,641.0,393.0,766.0
1223,931.0,687.0,899.0,691.0,592.0,893.0
1224,542.0,439.0,543.0,447.0,287.0,666.0
1225,750.0,444.0,652.0,469.0,407.0,637.0
1226,623.0,910.0,622.0,853.0,357.0,1078.0
1227,473.0,715.0,442.0,700.0,257.0,856.0
1228,758.0,667.0,650.0,668.0,357.0,896.0
1229,827.0,984.0,731.0,1000.0,431.0,1333.0
1230,489.0,587.0,435.0,614.0,243.0,798.0
1231,785.0,947.0,682.0,972.0,399.0,1126.0
1232,867.0,1251.0,818.0,1327.0,482.0,1674.0
1233,455.0,576.0,439.0,585.0,257.0,724.0
1234,632.0,557.0,615.0,524.0,417.0,631.0
1235,411.0,376.0,328.0,337.0,214.0,419.0
1236,867.0,561.0,804.0,611.0,645.0,662.0
1237,1141.0,1059.0,1060.0,1120.0,711.0,1368.0
1238,1290.0,1034.0,1240.0,1045.0,978.0,1193.0
1239,982.0,1364.0,952.0,1369.0,634.0,1532.0
1240,679.0,1005.0,680.0,1007.0,459.0,1150.0
1241,687.0,912.0,679.0,897.0,439.0,1084.0
1242,803.0,984.0,712.0,1042.0,452.0,1274.0
1243,1363.0,2073.0,1145.0,2112.0,776.0,2440.0
1244,716.0,1071.0,635.0,989.0,459.0,1132.0
1245,849.0,946.0,890.0,938.0,539.0,1149.0
1246,647.0,772.0,635.0,795.0,381.0,956.0
1247,853.0,1386.0,843.0,1392.0,487.0,1544.0
1248,1279.0,1378.0,1275.0,1324.0,964.0,1482.0
1249,773.0,729.0,727.0,667.0,467.0,836.0
1250,891.0,935.0,851.0,910.0,673.0,1048.0
1251,845.0,889.0,786.0,962.0,619.0,1002.0
1252,922.0,1274.0,863.0,1327.0,786.0,1271.0
1253,1916.0,2402.0,1826.0,2614.0,1687.0,2736.0
1254,1463.0,1667.0,1933.0,2566.0,1724.0,2577.0
1255,1724.0,2373.0,1350.0,2046.0,1358.0,1940.0
1256,1219.0,1363.0,1202.0,1385.0,1052.0,1344.0
1257,1297.0,1148.0,1252.0,1205.0,1225.0,1042.0
1258,281.0,463.0,235.0,524.0,272.0,428.0
1259,2038.0,1849.0,1970.0,1963.0,1909.0,1641.0
1260,1349.0,1167.0,1356.0,1177.0,1233.0,1030.0
1261,1207.0,1597.0,1134.0,1726.0,1091.0,1548.0
1262,793.0,874.0,757.0,904.0,615.0,681.0
1263,1204.0,1452.0,1215.0,1621.0,1241.0,1401.0
1264,1060.0,1042.0,964.0,1059.0,1046.0,1139.0
1265,1451.0,1341.0,1186.0,1274.0,1342.0,1330.0
1266,1545.0,1039.0,1834.0,1293.0,1759.0,1082.0
1267,1933.0,1637.0,2024.0,1900.0,1980.0,1712.0
1268,1210.0,638.0,990.0,550.0,893.0,527.0
1269,2346.0,2713.0,2296.0,3057.0,2289.0,2764.0
1270,585.0,402.0,529.0,401.0,472.0,409.0
1271,593.0,544.0,613.0,575.0,583.0,597.0
1274,2051.0,1598.0,2123.0,1636.0,1906.0,1592.0
1275,1307.0,883.0,1283.0,904.0,1072.0,860.0
1276,1387.0,1157.0,1685.0,1353.0,1530.0,1234.0
1277,1644.0,1363.0,1517.0,1157.0,1292.0,1124.0
1278,1534.0,1025.0,1603.0,1050.0,1322.0,1003.0
1279,997.0,586.0,907.0,518.0,774.0,565.0
1280,1574.0,955.0,1354.0,865.0,1115.0,734.0
1281,1008.0,726.0,1046.0,739.0,757.0,800.0
1282,1445.0,1202.0,1426.0,1258.0,1512.0,1020.0
1283,1016.0,886.0,1159.0,1038.0,1168.0,815.0
1284,1057.0,1123.0,1249.0,1462.0,1339.0,1147.0
1285,1648.0,1100.0,2188.0,1522.0,2112.0,1351.0
1286,1527.0,1136.0,1298.0,1015.0,1286.0,852.0
1287,1290.0,1084.0,963.0,883.0,980.0,733.0
1288,3085.0,2707.0,1497.0,1289.0,1485.0,1037.0
1289,0.0,0.0,1351.0,1391.0,1428.0,1082.0
1290,1585.0,1342.0,1610.0,1590.0,1963.0,1544.0
1291,3741.0,4322.0,4157.0,5472.0,5431.0,4971.0
1292,1230.0,1120.0,1126.0,1138.0,1058.0,1067.0
1293,1546.0,1551.0,1475.0,1679.0,1447.0,1484.0
1294,2705.0,2248.0,2459.0,2152.0,2374.0,2038.0
1295,2128.0,1885.0,2462.0,2218.0,2188.0,2238.0
1296,1592.0,1230.0,1061.0,915.0,870.0,941.0
1297,1696.0,1636.0,2122.0,1970.0,1784.0,1813.0
1298,1510.0,1099.0,1253.0,868.0,936.0,955.0
1299,2102.0,1561.0,2663.0,2016.0,2108.0,2180.0
1300,883.0,773.0,864.0,831.0,604.0,834.0
1301,1039.0,801.0,997.0,756.0,799.0,880.0
1302,640.0,952.0,633.0,930.0,411.0,1054.0
1303,810.0,951.0,632.0,1042.0,429.0,1190.0
1304,740.0,835.0,626.0,842.0,464.0,939.0
1305,2395.0,1832.0,2113.0,1981.0,1464.0,2131.0
1306,1593.0,980.0,1456.0,1022.0,1080.0,1201.0
1307,1688.0,1106.0,1562.0,1093.0,1283.0,906.0
1308,1247.0,564.0,1100.0,556.0,890.0,641.0
1309,1991.0,960.0,2351.0,1340.0,1894.0,1153.0
1310,1282.0,541.0,1302.0,847.0,1117.0,799.0
1311,1557.0,720.0,1539.0,769.0,1116.0,928.0
1312,2490.0,2140.0,1623.0,1676.0,1238.0,1805.0
1313,946.0,977.0,814.0,1014.0,498.0,1157.0
1314,1119.0,1155.0,1120.0,1182.0,786.0,1401.0
1315,2626.0,3941.0,2736.0,4426.0,2327.0,5086.0
1317,2709.0,2940.0,0.0,0.0,2007.0,3534.0
1318,767.0,1100.0,3345.0,4331.0,468.0,1277.0
1319,1218.0,1761.0,1174.0,1904.0,858.0,2212.0
1320,1399.0,1602.0,1265.0,1701.0,951.0,1940.0
1321,1026.0,1346.0,947.0,1377.0,683.0,1468.0
1322,1782.0,2215.0,1764.0,2297.0,1422.0,2429.0
1323,1602.0,2077.0,1465.0,2094.0,1191.0,2088.0
1324,1608.0,2514.0,1424.0,2683.0,1110.0,2907.0
1325,1845.0,3043.0,1825.0,3206.0,1501.0,3393.0
1326,3255.0,4993.0,3254.0,5557.0,2809.0,5485.0
1327,1657.0,2281.0,1617.0,2394.0,1268.0,2310.0
1328,1783.0,2785.0,1811.0,2961.0,1586.0,3003.0
1329,1426.0,2227.0,1434.0,2444.0,990.0,2684.0
1330,771.0,1330.0,717.0,1356.0,466.0,1498.0
1331,869.0,1624.0,843.0,1620.0,573.0,1757.0
1332,1062.0,731.0,913.0,810.0,625.0,881.0
1333,586.0,707.0,524.0,699.0,329.0,790.0
1334,687.0,648.0,619.0,708.0,345.0,925.0
1335,481.0,493.0,409.0,589.0,225.0,736.0
