rn,D12,R12,D16,R16
0,2888,2144,2988,1886
1,5206,1238,4658,1222
2,987,570,996,528
5,1982,596,1831,637
6,526,1318,679,1059
7,2038,3376,2242,2950
8,483,899,523,874
9,550,549,607,569
10,339,755,381,771
11,1770,1078,1664,938
13,924,1731,1054,1800
14,941,432,834,423
15,753,683,741,671
16,667,1147,716,1183
17,1145,995,1047,1061
18,559,1195,602,1314
19,2098,2045,2445,2240
21,950,1459,954,1464
22,1280,880,1142,1037
23,365,1358,327,1448
24,627,1951,577,2043
25,832,1437,995,1485
26,1660,2726,1950,2830
27,881,1380,1036,1160
28,1380,2088,1782,2045
29,429,1936,403,2004
31,488,1661,411,1865
32,425,1593,450,1670
33,1852,3604,1828,3854
34,479,763,550,853
35,1078,1666,1085,1771
36,607,1744,720,2772
37,298,1088,480,2414
38,463,1161,361,1328
39,1085,1753,1680,4017
40,1024,2340,1264,4840
41,1286,4084,2496,9225
42,2006,6590,1804,7200
43,882,2578,706,2816
44,827,1431,1376,3326
45,312,667,795,2229
46,1142,518,798,526
47,412,336,634,475
48,2766,4437,3300,6102
49,1314,399,971,250
50,3630,1862,1984,1086
51,4242,1509,4077,2013
52,3895,8210,3345,9905
53,876,2001,873,2418
54,1320,2772,1112,3154
55,633,1025,579,1204
56,4252,8976,3492,9072
57,1360,2538,1046,3132
58,2788,6860,2696,7680
59,1017,2217,975,2520
60,1380,4264,1068,4500
61,480,3232,264,3508
62,2430,8150,2290,8845
63,2054,2520,2112,2552
64,1492,2372,1432,2564
65,590,252,569,189
66,5664,2847,5844,2961
67,3279,5610,3069,5892
68,736,3544,540,3908
69,2535,8172,1965,9204
70,780,2228,892,2428
71,578,447,460,402
72,2060,1630,1624,1694
73,829,1276,771,1063
74,5256,6320,4212,6244
75,4545,2100,3711,2130
76,3872,632,3330,688
77,3254,1512,2996,1620
78,1180,2118,914,2356
79,1320,1498,1130,1878
80,2754,2852,2372,3224
81,9436,6124,8456,6196
82,3636,5313,3249,5271
83,2306,780,2200,1126
85,3934,3764,4306,5382
86,918,1328,998,1527
87,1270,714,1420,1567
88,675,887,0,0
91,2588,5136,2364,5848
92,665,1325,779,1638
93,989,1916,1510,2390
94,1087,1604,1319,2164
95,744,1050,891,1391
97,558,1060,593,1289
99,1760,3134,1758,3512
100,663,1472,568,1723
102,740,1145,663,1464
103,648,1176,594,1521
104,245,361,129,403
105,1546,2005,1483,2511
106,879,2000,809,2232
107,976,1738,903,2099
109,1023,2137,1070,2300
111,1051,2232,1189,2799
113,363,765,296,925
114,874,1377,748,1703
115,955,687,714,780
117,926,89,1065,98
118,1275,345,1362,427
119,2376,221,1751,150
120,1206,269,1118,187
121,835,234,904,242
122,5188,1158,5336,772
123,3254,598,3596,666
124,823,211,1563,270
125,1325,50,1240,104
126,1206,306,1541,254
127,5274,1116,5998,1158
128,3660,2104,3798,2230
129,1453,350,1428,371
130,3248,2120,3860,2314
131,1104,775,1174,666
132,944,590,1022,494
133,2586,1308,3204,1216
134,2922,1622,3404,1584
135,486,395,493,288
136,3852,2172,3720,2046
137,6280,2430,6636,2124
138,552,1021,1000,936
139,1191,440,1450,436
141,4770,4522,6508,4624
142,3348,3566,3562,3292
143,2598,2172,3300,1946
144,2376,2948,3406,3378
145,3098,3112,3458,3696
146,1141,1707,1214,2141
148,1085,1852,873,1766
149,0,0,200,353
150,4496,5190,4506,4968
151,726,551,847,654
152,3222,4929,3339,5394
153,795,1221,720,1302
154,1400,1677,2532,3052
156,923,1179,764,1241
157,1107,1242,1188,1155
158,2250,2388,2602,2092
159,895,1155,987,1265
160,673,1292,751,1536
161,3036,4188,2732,4890
162,626,970,615,1268
163,8565,7263,8421,7080
164,4314,3084,3196,3186
165,2868,2720,2898,2732
166,5226,4008,5211,3837
167,617,675,637,725
168,1968,1982,2226,1668
169,3486,5254,3248,4766
171,4437,6075,4779,6180
172,452,699,519,866
173,1758,3006,1332,3548
174,984,1334,822,1570
175,5331,5394,4539,6402
176,857,1194,665,1511
177,1564,2438,1124,3274
178,826,404,777,460
179,2236,1740,2076,1968
180,728,1195,596,1454
181,3486,6282,3069,7233
182,3753,7356,3117,8277
183,378,1222,252,1506
184,227,704,188,747
186,2442,9981,1779,11364
187,846,1906,558,2304
188,1524,2962,1126,3458
189,202,310,125,401
190,2274,2422,2020,2806
191,3636,5656,4790,6836
192,1380,5030,1488,7036
193,2854,3564,2902,3992
194,944,634,959,635
195,977,914,1009,830
196,536,447,522,423
198,4275,5601,4479,5553
199,875,1452,837,1133
200,617,1229,659,1049
201,802,1869,890,1716
202,1648,2008,1783,1961
203,1818,1835,1640,1427
204,2844,5104,2856,4330
205,3264,5316,3894,6128
206,932,1271,1171,1418
207,779,2322,1078,3746
208,313,1274,357,2069
209,622,1892,665,2586
210,144,543,172,1096
211,836,342,893,414
212,251,173,310,212
213,471,875,614,1122
214,5442,2970,6801,3810
215,520,790,606,1034
216,1642,2948,1842,3488
217,829,811,755,600
218,548,861,596,802
219,3202,3094,3316,3356
220,2348,3588,1902,3428
223,990,1744,999,1606
224,3436,6362,3852,5400
226,4320,6786,4154,6582
227,178,540,188,508
229,699,578,725,760
230,2762,3954,2322,5008
231,422,790,356,709
232,4638,7098,3990,8355
233,536,1343,657,2461
234,443,1107,0,0
235,2352,6514,1432,7044
236,358,1263,285,1382
237,606,1664,396,2072
238,446,787,344,977
239,630,1860,412,2346
241,1976,5734,1820,6612
242,395,858,229,939
243,551,917,400,1169
244,319,790,182,774
245,640,1330,593,1582
246,353,867,222,1050
247,322,650,254,607
248,554,1426,682,1830
249,293,1304,238,1179
250,806,2890,834,2968
251,1236,1974,1224,1900
253,482,289,557,273
254,676,895,605,998
255,826,1185,612,1033
259,734,1812,700,1621
261,690,1159,485,944
265,1854,4988,1924,5122
267,362,1259,326,1408
268,440,1607,306,1449
269,655,1420,573,1726
270,89,563,67,638
271,152,529,179,638
272,312,935,290,1157
274,354,1101,413,1459
275,204,829,282,1090
277,590,1375,628,1729
279,144,245,155,365
280,396,972,529,1036
281,341,993,342,1026
284,0,0,51,273
285,965,568,858,597
286,2402,2006,2120,1994
287,768,1275,654,1356
288,881,520,819,595
289,574,841,528,972
290,2877,4161,3476,6024
291,604,1796,511,2026
292,1942,4776,1772,5126
293,1153,2830,985,3146
294,845,1109,745,1162
295,418,1226,401,1306
296,676,1401,702,1391
298,738,1393,634,1412
299,3462,4570,3162,4872
300,2246,2120,2020,2390
301,1948,3568,2188,3066
302,431,1232,479,1212
303,479,845,520,766
304,2088,1728,1878,1908
305,5580,1353,4191,1572
306,603,878,492,889
307,291,448,253,485
308,854,1887,802,2122
309,4011,4095,3321,4461
310,732,1428,611,1586
311,755,1213,596,1603
312,472,1798,352,1983
314,274,846,241,986
315,2414,7350,2314,8314
316,3038,5162,2490,5682
317,369,1227,257,1392
319,2868,6794,2378,7442
320,791,1970,707,2172
321,365,1141,299,1252
322,1117,658,1846,675
323,9684,6531,11217,7020
325,1781,717,2103,719
326,3290,2852,3190,3018
327,857,714,1104,669
328,1465,895,1747,790
329,734,1249,759,1374
330,3573,8751,3099,9273
331,3254,4252,2276,3292
332,1456,1280,2430,1553
333,1086,1224,1086,1330
334,2164,1272,2477,1400
335,1893,4836,1392,5511
336,204,653,158,757
337,306,1342,268,1524
338,3519,8310,2901,9429
339,666,1740,692,2116
340,1731,5271,1536,6276
341,614,1890,558,2390
342,3710,1986,3490,2074
343,514,614,374,696
344,3555,6843,2610,6831
345,1536,4794,1407,5214
346,6402,14250,5388,16194
347,794,3338,626,3862
348,368,1095,281,1274
349,1686,2778,1450,3108
350,801,1265,706,1398
351,518,1565,426,1773
352,1229,1745,1107,1971
353,1119,1618,1030,1784
354,320,812,242,982
355,613,1311,496,1541
356,901,862,812,899
357,768,788,0,0
358,0,0,1604,1561
359,1888,1721,4742,4096
360,726,448,0,0
361,857,1033,1814,1982
362,1557,836,890,438
363,414,1296,343,1446
364,241,715,190,809
365,125,319,825,2346
366,1394,3029,1020,2616
368,1983,2277,1448,3306
369,2570,2384,2150,2710
370,530,187,427,206
371,651,651,320,756
372,2600,1734,1976,1970
373,682,776,605,774
374,2796,3105,2442,3573
375,1022,677,1087,663
376,854,1356,646,1382
377,4275,3525,3690,3660
378,1312,2544,966,2960
379,982,3992,676,4294
380,2644,2244,2374,2286
381,2176,5272,1584,7028
382,931,1769,752,1504
383,114,583,36,322
384,2757,4866,3513,6612
385,4191,4500,3468,4866
386,537,621,348,454
387,1068,1548,1285,1770
388,773,2187,700,1990
389,2828,4470,2032,3866
390,3964,3136,3796,3020
391,752,793,616,714
392,1230,427,1139,326
393,3210,4732,2456,3640
394,823,406,933,574
395,1940,5640,1704,5210
396,3394,6882,3884,8372
397,729,1327,1808,3349
400,1031,1260,0,0
402,957,659,962,1073
403,1286,137,1260,139
404,414,289,367,308
405,2374,2912,2368,2842
406,3675,7965,3999,7260
407,318,697,341,596
408,1338,1760,1352,1576
409,386,438,347,396
410,1762,44,1354,47
411,1557,23,1281,30
412,1319,118,1077,133
413,4484,3980,4028,4218
414,413,484,335,518
415,3504,3950,3368,3886
416,844,602,840,609
417,1579,638,1530,698
418,2776,1960,2568,2028
419,595,486,509,426
420,970,562,879,537
421,772,600,683,566
422,814,519,694,500
423,466,366,517,330
424,1031,427,898,410
425,4868,3602,4462,3260
426,518,151,450,246
428,1638,170,1440,190
429,1710,251,1455,246
430,1879,947,1961,895
431,4922,4714,4824,4644
432,4200,1836,3924,1640
433,4328,4244,4716,4168
434,224,623,206,650
435,1740,2884,1570,2982
436,755,1865,797,2216
437,268,606,204,622
438,1003,1867,1045,2152
439,2608,3472,2392,3734
440,667,1262,820,1415
441,873,793,825,851
442,4688,4562,4930,5224
443,4268,4524,4666,4492
444,1084,527,912,474
445,10572,6126,10677,6057
446,1324,472,1244,417
447,1817,196,1683,208
448,1011,599,936,532
449,3892,1362,3558,1402
450,5240,1234,5222,1204
451,4618,1982,4342,1984
452,1793,463,1648,466
454,1504,508,1393,520
455,6918,1924,7060,1834
459,1020,705,687,760
465,1320,337,1115,320
466,1235,332,1051,335
467,777,1367,737,1451
468,675,8,480,19
471,75,147,46,197
472,254,590,169,877
473,794,2170,687,2612
474,1154,2858,850,3220
475,724,1414,610,1654
476,1984,3326,1626,4108
478,79,92,75,113
479,4281,6891,4608,7176
480,780,1088,703,1214
481,1381,1609,1349,1984
482,895,1093,832,1362
483,679,921,742,936
484,84,218,40,288
486,3000,3858,2844,4266
487,186,528,166,577
488,200,242,169,288
489,168,145,175,193
490,345,1318,436,1203
491,534,2554,573,2892
492,805,2111,696,2082
493,378,1692,319,1762
494,400,1366,344,1414
495,862,2723,904,3008
496,725,2299,840,2544
497,409,1242,452,1316
498,406,1714,348,2046
499,420,1337,320,1478
500,312,1335,274,1353
501,301,1447,288,1585
503,3352,4150,3184,4124
504,966,207,729,217
505,1868,5282,1682,5534
506,597,740,561,768
507,415,1775,351,1871
508,145,442,104,498
509,2316,6852,2061,7992
510,2184,1606,2026,1694
511,1828,1274,1416,1382
512,3866,1742,3176,1778
513,453,288,382,311
514,476,1139,409,1204
515,514,1598,364,1847
516,386,1306,276,1561
517,656,2162,509,2506
518,490,1118,369,1297
519,521,1319,401,1698
520,1142,5424,808,6116
521,144,931,96,1172
522,772,3254,644,3946
523,688,2700,476,3258
524,2532,7152,1887,8307
525,354,1414,380,1387
526,1704,5870,1682,5980
527,317,832,269,881
528,2452,3346,2168,3632
529,428,1044,367,1178
530,1566,3106,1180,3524
531,870,2610,754,2982
532,538,564,526,574
533,3800,1832,3890,2036
534,683,465,501,436
535,203,550,146,568
536,4456,10564,3640,11188
537,306,885,229,1057
538,1698,1100,1546,1204
539,1489,1275,1412,1205
540,578,292,513,325
541,2066,1972,2072,2152
542,4118,234,4214,166
543,1724,320,1625,257
544,2360,289,2966,344
545,5716,686,6976,656
546,1458,140,1474,128
547,1537,320,1799,238
548,1537,247,1956,261
550,5600,840,6430,588
551,1753,103,2391,132
553,6140,442,6640,376
554,1986,61,2780,121
555,2439,57,2577,68
556,739,21,975,49
557,0,0,2014,15
558,19719,1287,24260,1600
559,1354,18,1567,37
560,1616,244,2664,310
562,1092,176,1637,128
564,806,1010,876,836
565,1724,1437,1503,878
566,2007,1180,2461,1056
567,2530,1290,2902,908
568,2373,1565,2333,1298
569,10912,4104,10378,3088
571,2119,509,2484,492
573,2210,1242,2385,1158
574,2285,259,2681,219
576,3091,509,3111,446
577,2443,1000,2519,833
578,2069,1339,2339,1120
579,810,915,708,874
580,1467,482,1480,401
581,1994,1214,2188,920
582,5790,78,5978,134
583,3756,1434,3134,1082
584,1820,460,2594,359
586,3586,1672,2652,961
587,8468,2788,9356,2664
588,2235,1135,2658,908
590,1637,793,1776,575
591,3208,830,2995,552
592,1583,521,1689,465
593,2813,1000,2757,674
594,1807,372,1700,329
595,3033,424,3041,306
598,4094,6204,3772,6556
600,1076,12,1491,41
601,3062,906,3297,942
602,1399,19,1130,21
603,7224,2050,6208,1944
604,1160,34,964,40
605,873,225,780,296
606,2722,958,2454,1044
607,302,203,226,167
608,10464,4044,10860,3834
610,2916,1666,2644,1374
611,843,868,991,701
612,388,489,399,562
613,1446,2684,864,2542
614,794,486,689,454
615,1694,2366,1288,2550
617,1217,41,982,61
618,3664,38,3286,62
620,810,23,660,23
621,754,5,640,10
622,1163,0,853,19
623,1373,138,1374,195
624,1940,13,1677,28
626,927,333,1101,290
627,6399,3246,7170,2574
628,847,236,1005,243
629,757,595,866,429
630,1340,979,1690,634
631,4380,366,3920,380
632,4712,1912,4684,1986
633,5534,70,4684,98
634,616,0,506,14
635,1244,73,1061,85
636,5022,270,4550,288
637,3434,466,3230,508
638,1068,305,1137,278
640,5050,2440,4868,2358
641,991,739,1028,585
642,5424,4404,5967,3483
643,428,991,593,688
645,2002,2528,2328,1838
646,3916,3418,4414,2626
647,2814,3620,3084,2888
648,1276,346,1198,320
649,7412,1344,7082,1178
650,905,531,1057,331
651,458,1049,417,1128
652,889,796,802,741
653,969,702,1010,690
654,612,836,561,911
655,540,932,573,999
656,1932,4188,1916,4380
657,334,924,291,1071
658,1133,494,1001,511
660,1738,1294,1829,1449
662,870,1941,861,1897
664,790,1276,637,1481
665,598,1907,550,2070
666,2204,4374,2292,4752
667,472,1082,458,1083
668,2430,4732,2470,4490
669,617,857,537,863
671,1074,1691,1128,1734
673,2154,1274,2294,1303
674,1239,2005,1395,2043
675,412,927,462,939
676,2338,5684,2474,5604
678,1936,3606,1984,3552
680,880,930,849,1033
682,986,224,919,235
683,3284,2984,3504,3130
685,1778,1120,1873,1076
686,1953,1611,2395,1693
688,1044,830,1219,827
689,938,525,988,486
690,1525,1273,1597,1157
691,4000,2314,4092,2088
692,908,1062,971,954
694,5238,7824,6276,5910
695,881,1250,994,897
696,640,836,714,712
697,4701,10662,5400,9765
698,621,1604,664,1564
699,2900,5950,3352,5738
701,3770,5858,4232,5372
702,1371,2467,1517,2299
703,802,1540,982,1547
704,676,1284,702,1186
705,486,1075,592,1164
707,913,1416,990,1306
708,992,1628,1168,1637
709,2468,1710,2206,1946
710,1472,2174,1252,2372
711,927,564,878,561
712,3274,1672,3018,1564
713,1115,974,1050,1160
714,1400,565,1321,605
715,1141,1655,1309,2038
716,3266,5468,3210,6228
717,2758,4462,2632,5072
718,789,1042,774,1143
719,696,478,640,514
720,1498,3164,1486,3512
721,559,1432,535,1825
722,698,959,877,1109
724,790,1660,669,2020
725,433,1966,350,2403
726,426,1164,216,1290
727,442,1021,397,1073
729,733,1175,704,1261
730,420,1339,283,1424
731,214,825,216,979
732,568,1251,330,900
733,806,2392,381,1604
734,600,1385,377,975
735,613,1540,574,1778
740,802,1610,787,1651
744,689,1170,649,1261
745,550,1105,397,1218
746,834,1342,684,1590
747,2538,5442,2320,6676
748,660,382,771,386
750,1090,411,924,397
751,698,904,673,1059
752,739,1879,610,2215
754,1090,1829,1050,2237
755,881,245,956,307
756,733,14,850,43
758,638,1044,649,1304
761,945,1126,846,1489
762,938,1418,1098,2042
763,919,2097,948,2501
764,673,1969,527,2042
766,1093,1785,1176,1988
768,777,1525,885,2201
769,3538,4532,3524,4684
771,2204,1900,2572,1964
772,768,784,637,730
774,2400,1760,2784,1590
776,745,1240,846,1167
777,1046,577,964,636
780,572,1455,610,1521
783,556,1642,448,1763
784,1055,1768,775,1742
785,1014,1867,885,2190
786,4113,3744,3267,4221
787,413,341,401,353
788,1996,1944,1786,2224
789,460,1638,366,1780
790,488,1048,322,1297
791,401,883,263,1096
792,2320,2112,1974,2400
793,563,581,495,628
794,2830,1954,2698,2052
796,14712,5624,13524,5264
797,796,807,701,825
798,1102,2108,1136,2463
799,1165,1531,1225,1790
800,1588,1480,1655,1599
801,941,1657,869,1878
802,1190,802,1111,866
805,1784,2048,1486,2024
806,569,627,673,679
807,1602,1846,1398,1854
808,5160,5736,4692,5476
809,1469,70,1252,80
810,1046,325,939,327
811,533,218,588,232
812,364,664,512,534
814,2708,3446,3154,2664
815,735,365,798,309
816,8760,4725,9435,3450
817,640,318,701,236
818,650,174,705,147
819,6290,1196,7290,1194
820,790,275,870,230
821,877,69,818,67
822,6368,26,4734,50
823,1763,13,1511,33
824,1790,17,1534,29
825,7402,232,5886,240
826,1267,12,1056,22
827,1916,33,1808,60
828,1146,258,1480,273
829,889,394,835,342
830,1717,363,1590,342
831,1672,291,1637,300
832,1681,369,1526,335
833,5064,4929,5838,4068
834,801,614,882,460
835,521,481,585,420
836,533,600,580,502
837,657,690,708,532
838,6009,7710,6873,6288
839,2552,3308,2944,2576
840,645,135,681,130
841,1440,126,1165,114
842,638,382,622,348
843,1106,228,1279,189
844,3626,1120,3376,952
845,966,274,940,264
846,1148,270,1129,254
847,6354,746,6228,1032
848,1194,286,1092,273
849,1313,1223,1420,993
850,1313,357,1236,340
851,4830,78,4108,180
853,6240,244,5274,326
854,6602,2142,6802,2330
855,1984,126,1881,129
856,6476,1668,6262,1712
857,1152,180,980,164
858,2576,1064,2380,996
859,3525,6726,4221,5691
860,1316,21,980,29
861,995,71,846,78
862,474,605,494,539
863,764,34,623,48
864,845,205,748,190
865,1424,126,1275,150
866,668,659,700,574
867,756,344,770,324
868,1678,2160,1804,2078
869,464,472,474,436
870,3820,810,3644,722
871,1242,1752,1476,1614
873,975,572,1005,555
874,1279,200,1174,208
875,1574,3208,1732,3388
876,1886,2776,1802,3046
877,3704,4424,4236,4674
878,794,1077,772,1049
879,1020,630,1103,574
880,4608,2066,5016,1966
881,2770,5778,3118,6226
882,4638,2406,5310,1992
883,992,860,1072,745
884,748,485,773,412
885,3242,5382,4066,4580
886,12188,12856,13036,10392
887,1958,5158,2454,4842
888,703,2011,743,2045
889,674,1848,840,1890
890,2974,6014,3256,5952
891,854,1216,948,1196
892,499,462,525,349
893,606,623,688,558
894,2040,3024,2212,2764
895,548,685,632,571
896,2352,2520,2672,2182
897,1440,420,1378,397
898,791,489,723,384
899,7230,4842,7191,4209
900,9486,5094,10074,4671
901,297,1290,433,1381
902,905,2046,1373,2218
904,2488,3362,2900,2940
905,2124,3492,2296,3190
906,953,1737,1062,1498
907,633,836,718,810
908,1126,927,1240,930
910,914,613,1074,695
911,807,602,875,571
912,578,782,619,749
913,798,1281,900,1193
914,1178,800,1196,755
915,478,1202,562,1157
916,1539,953,1804,945
917,3362,3796,3632,3084
918,3378,3110,3374,2736
919,212,794,211,794
920,2540,2484,2448,2498
921,276,1186,253,1210
922,2444,2576,2756,2610
923,538,1508,476,1482
924,1356,5062,1212,5356
925,4332,9171,4431,8844
926,3404,4378,4086,4582
927,412,726,496,641
928,663,96,732,278
929,1370,1960,1182,1587
930,2502,3954,2247,4200
931,6366,5157,7068,8328
932,481,134,456,153
933,3050,2238,2790,2592
934,348,575,294,613
935,5373,3117,4938,3618
936,6244,360,6654,578
937,3312,656,6280,740
938,1410,374,1212,422
939,6942,2238,2900,1302
941,1731,1501,1916,1672
942,1390,1944,1545,2089
944,1224,2820,1056,3331
945,873,1906,893,2161
946,1346,799,1362,1012
947,0,0,612,545
948,0,0,893,1517
949,1295,1691,0,0
952,1675,2736,1355,2132
955,1250,3082,1101,3553
957,1130,1800,1086,1926
961,1861,2632,1554,2311
963,1769,2812,1876,2984
966,1782,1837,1481,2375
967,97,80,76,112
968,482,682,374,788
969,3336,5121,2892,6432
970,1578,2124,1298,2676
971,1096,2034,810,2294
972,4800,6408,4434,7836
973,5202,5862,4749,7080
974,897,1286,847,1593
975,2566,2918,2354,3340
976,2955,2820,2715,3564
977,514,507,448,627
978,598,605,545,634
979,581,667,488,901
980,1204,2718,1032,3148
981,244,500,188,609
982,8,13,4,12
983,1434,2758,1390,3338
984,2206,5892,2194,6654
987,591,1324,795,1688
988,1718,2714,1798,3298
989,748,1480,751,1566
990,1126,1622,1235,1676
991,690,1296,750,1353
992,793,1700,763,1805
993,592,1259,585,1297
994,489,1066,513,1105
995,1534,2654,1676,2762
996,2262,3195,1680,2834
997,1548,1407,1704,1600
998,1642,1464,1662,1448
999,1232,2178,1262,2424
1000,548,984,477,1090
1001,830,1518,1067,1516
1002,2692,5162,2840,5246
1003,579,736,667,708
1004,550,936,647,909
1005,2276,4108,2512,4158
1006,503,867,467,1015
1007,253,568,244,622
1008,422,1291,436,1399
1010,10460,2908,8864,3108
1011,2202,674,1848,728
1012,3438,2640,3363,2805
1013,3370,1766,2894,1692
1014,2578,344,2390,340
1015,1413,460,1328,488
1016,3358,2878,1905,1717
1017,888,1239,804,1359
1018,1608,1592,1488,1760
1019,433,147,344,188
1020,9472,4320,8612,4600
1021,333,472,282,547
1022,1814,786,1462,1152
1023,1251,793,1435,855
1024,2048,2648,1480,2820
1025,5385,6125,4745,6910
1026,932,995,894,1057
1027,1609,784,1273,881
1028,1457,781,1174,903
1029,1199,957,1082,1010
1030,958,1179,915,1198
1031,1106,1551,1042,1551
1034,731,1041,593,1142
1035,586,1168,520,1332
1037,175,594,149,699
1038,559,979,460,1121
1039,690,2908,588,3136
1040,864,3426,710,3744
1041,976,2590,934,2719
1042,806,2263,701,2486
1044,528,1534,415,1694
1046,482,1571,395,1772
1051,1169,3099,1458,3829
1052,1401,3363,1379,3740
1053,578,1108,466,1278
1054,890,1889,737,2363
1056,1696,1975,1464,2272
1060,798,1919,1014,2162
1061,702,2230,696,2238
1062,1497,4503,1897,4808
1066,1833,3130,1679,3537
1067,1390,2314,1394,2704
1069,1241,2615,1354,2818
1070,942,807,881,955
1071,498,488,379,648
1072,2494,2606,3306,4488
1073,3336,2674,3018,3166
1074,1210,1538,1052,1928
1075,4344,3304,4736,4156
1076,550,726,462,960
1077,299,697,302,813
1078,382,831,407,846
1079,979,2041,899,2403
1080,1101,1680,1330,1964
1081,2488,5964,2146,6854
1082,3478,6364,4018,7184
1083,3080,3526,3448,4262
1084,876,782,1013,827
1085,876,1885,799,2212
1086,2234,7122,2100,8904
1087,746,395,999,442
1088,510,416,578,478
1090,922,1182,1016,1452
1091,594,746,752,984
1092,2798,3566,3642,4320
1093,2728,3492,2666,4020
1094,3704,3984,3904,4950
1095,3298,5688,3394,6104
1096,2428,3748,2740,4732
1097,808,1272,755,1403
1098,1069,2300,973,2372
1099,1734,5454,1730,5738
1100,1538,3048,832,1426
1101,1930,5740,1696,6244
1102,3010,6390,3630,8480
1103,800,2144,839,2494
1104,713,442,602,432
1105,595,291,588,345
1106,1008,3402,762,3483
1109,782,803,835,885
1111,2049,777,2324,797
1112,1419,1126,1493,1169
1113,1018,908,978,966
1115,1235,1422,1138,1749
1116,1046,1803,818,1745
1117,3278,6558,3008,6160
1118,645,1331,573,1645
1119,962,1705,801,1671
1120,792,835,721,821
1121,2782,1202,2326,1268
1122,655,9,522,0
1123,3218,44,2448,48
1124,1340,162,1168,163
1125,736,305,709,217
1126,700,224,678,157
1127,3412,3496,3536,2760
1128,2196,2230,2226,2170
1129,768,2207,828,2139
1130,349,789,355,833
1131,1473,1358,1228,1317
1132,3620,15520,3665,16650
1133,766,1451,715,1500
1134,1362,4647,1425,5097
1135,1904,1808,1774,1920
1136,375,479,482,589
1137,463,1210,458,1398
1138,2082,4904,1959,5511
1139,1454,2274,2286,7146
1140,419,1137,332,1697
1141,170,653,0,0
1142,1237,2692,986,3504
1143,731,1568,1230,3232
1144,1792,4672,1326,5374
1145,310,1243,416,1420
1146,1612,4228,1684,5662
1147,216,552,265,725
1148,356,968,339,1245
1149,531,1150,500,1392
1150,426,1095,538,1560
1151,1864,4780,2272,5764
1152,422,1174,388,1409
1153,556,1558,360,1842
1154,1468,2876,1198,3520
1155,3021,5358,2355,6480
1156,1536,1488,1252,1824
1158,2272,4756,1764,5820
1159,319,537,233,645
1160,1508,3082,1304,3750
1161,2757,6204,1977,8190
1162,280,761,204,920
1163,435,776,532,1121
1164,786,2052,608,2704
1165,471,714,364,775
1166,5500,9816,4816,11464
1167,1394,2726,1520,3740
1168,91,340,100,363
1169,976,1664,500,908
1170,143,375,148,396
1171,2246,4232,1920,4940
1172,1743,2265,1416,2877
1173,1054,888,756,1306
1174,326,459,312,527
1175,2006,2188,1662,2632
1176,2588,3090,2580,3852
1177,606,946,516,1185
1178,1706,2566,1270,2610
1179,758,628,803,536
1180,7428,3932,6944,3444
1181,1820,804,1472,824
1182,1402,2880,1186,2922
1183,2992,1236,2798,1232
1187,2697,1679,3777,1578
1188,1716,507,1754,446
1189,1598,122,1477,146
1192,1404,549,1808,476
1193,1101,605,1379,463
1194,3684,1484,3846,1238
1195,1309,169,1263,201
1196,1332,364,1705,393
1197,1960,184,1703,150
1198,901,345,926,327
1199,1621,116,1398,98
1200,5350,1416,5098,1288
1201,1550,60,1293,75
1202,2171,142,1908,153
1203,1205,418,1126,355
1204,858,183,822,161
1205,845,334,899,288
1206,1402,226,1223,211
1209,1436,427,1507,364
1210,1026,303,1018,282
1212,1184,462,1188,431
1213,1237,236,1171,216
1214,3786,1548,3450,1364
1215,6320,676,5630,622
1216,620,259,506,232
1217,1202,374,1104,317
1218,1571,669,1630,639
1219,1257,1094,1244,1071
1220,1470,210,1283,180
1221,888,312,768,313
1222,1236,249,1198,270
1223,726,221,689,203
1224,1028,201,891,209
1225,1141,240,1049,237
1226,2948,3200,3496,2388
1227,2260,2688,2488,2146
1228,2624,2308,2788,1810
1229,820,372,897,343
1230,2786,3504,3770,2662
1231,1315,100,1209,104
1232,1232,650,1683,521
1235,490,673,691,417
1236,2222,4336,3308,3132
1237,397,940,617,647
1238,558,994,594,664
1239,4608,7293,6165,5466
1240,427,1056,679,742
1241,2380,3916,3442,3146
1242,2976,3878,3588,3082
1243,1678,3636,2426,2724
1244,2476,3746,2940,3392
1245,2876,4772,3734,3732
1246,894,1252,1072,1019
1247,1185,1917,1392,1581
1248,995,1547,1185,1266
1249,972,1204,1059,932
1250,466,880,643,710
1251,909,1098,1063,963
1252,789,551,870,429
1253,734,855,850,651
1254,937,1279,1133,1009
1255,2420,1868,2984,2078
1257,6546,576,5518,658
1259,893,466,938,490
1260,3610,3698,4556,2784
1261,932,567,1060,434
1262,3814,3568,4830,2382
1263,1161,948,1593,695
1264,2343,820,3230,1302
1266,1993,57,1655,75
1267,969,266,977,301
1268,2111,404,1939,390
1269,1739,177,1394,207
1271,1843,33,1545,61
1272,1546,49,1493,70
1273,2213,175,1968,161
1274,1105,75,1110,155
1275,1757,249,1600,233
1276,1757,159,1446,173
1278,2463,455,2342,452
1280,1594,127,1514,143
1282,1804,11,1449,29
1283,1754,83,1554,97
1284,1216,5,1051,31
1285,1931,27,1802,112
1287,1124,15,932,32
1289,1788,77,1480,110
1290,2030,56,1725,78
1293,2190,66,1909,78
1294,2353,29,2045,41
1295,2739,288,2814,347
1296,2367,246,2019,233
1298,2017,655,2307,700
1299,3909,628,3980,588
1300,1306,890,1466,718
1301,2048,483,2151,419
1302,5988,3180,6592,2624
1305,3888,2815,4285,2422
1307,1537,655,1714,639
1309,4988,1409,5338,1188
1311,2588,460,2348,367
1313,1854,322,1788,283
1315,2031,444,2264,527
1316,2060,646,2461,807
1318,2099,551,2249,553
1320,2598,557,3124,577
1321,2824,602,3069,553
1325,1391,814,1644,794
1326,2834,872,2955,773
1328,2845,1459,3227,1409
1329,581,1052,651,1089
1330,1505,1672,1692,1587
1331,1288,1043,1360,978
1332,680,1435,873,1432
1333,687,1385,703,1247
1334,898,2146,1040,2150
1336,829,1930,986,2164
1337,2235,837,2130,800
1339,9165,5172,9534,4602
1340,899,917,980,875
1341,567,690,612,619
1342,940,2063,1264,1648
1343,576,1120,738,917
1344,1772,2215,2040,2136
1345,516,598,696,752
1347,1083,873,1138,877
1348,909,221,812,173
1349,869,1410,1043,1133
1350,572,228,594,231
1351,994,964,1037,843
1353,1218,2134,1501,1662
1354,972,1873,1159,1538
1355,1067,1437,1158,1290
1356,604,1026,683,867
1357,1566,1210,1803,1157
1358,1594,2321,1909,1879
1359,3042,3492,4087,3134
1360,1156,1460,1375,1223
1361,1029,1625,1239,1264
1363,1586,2152,1772,1964
1364,1039,1551,1197,1328
1367,1387,2749,1818,2181
1368,926,1732,1200,1309
1370,584,553,715,711
1371,2814,1302,3597,1414
1372,3397,2197,4107,2192
1375,2309,2196,3222,2412
1379,6498,2304,7524,2254
1381,2241,1423,2418,1308
1383,1009,783,1056,781
1384,4888,1900,4900,1818
1385,2775,1890,3092,1738
1388,2787,1405,2949,1292
1389,1553,859,1580,800
1390,3344,1057,3705,970
1393,3896,1449,5025,1563
1394,4120,374,3704,395
1396,1089,2368,1286,2279
1397,466,1751,688,1519
1399,1310,2460,1750,2621
1400,1452,2233,1816,2397
1401,1539,2580,1797,2242
1403,1440,1944,1488,1827
1404,2054,2336,2312,2368
1406,1489,1944,2091,2211
1408,1290,2220,1491,2226
1409,2200,1591,2652,1361
1410,1044,2046,1586,1807
1411,2166,2770,2592,3106
1413,1204,2208,1465,2084
1417,1124,5840,512,3892
1418,1248,4389,963,4263
1419,312,691,278,669
1420,824,2187,869,3219
1421,1490,2780,1416,2670
1422,2619,3969,2724,5445
1423,1350,4281,1119,5403
1424,2412,1054,2082,972
1425,922,1304,768,1398
1426,3429,3333,2763,3177
1427,349,1089,251,1141
1428,1554,4896,1022,4450
1429,366,939,436,980
1430,1694,3400,2024,4884
1432,777,1291,620,1420
1433,2292,4784,1960,4948
1434,2416,5544,2388,6436
1435,1486,2008,1592,2068
1436,5208,11295,4293,9972
1437,4422,7968,4596,7350
1438,425,1261,404,1121
1439,1675,653,1786,795
1440,1140,2420,1398,2840
1441,970,1734,957,1568
1442,858,956,934,998
1443,909,1060,1033,1279
1444,925,1223,975,1363
1445,2080,261,1847,280
1447,11880,2076,13876,2036
1448,4382,3330,4528,3080
1449,1455,1619,568,1468
1450,2884,4936,4772,6364
1451,1981,1326,1741,1191
1452,640,299,0,0
1453,2898,1420,4178,1954
1454,1892,4254,2214,4438
1455,3276,2228,3374,2622
1456,934,851,1050,852
1458,2950,3858,3358,3826
1459,953,1445,914,1491
1460,2086,5456,1924,5740
1461,1338,1897,880,1349
1462,3646,5394,3094,5790
1464,1714,457,1690,426
1465,2406,619,2274,582
1466,724,603,752,520
1467,860,280,945,399
1468,1226,752,1368,882
1469,1023,1713,1273,1499
1471,1539,1230,1480,1269
1472,1029,579,1005,638
1473,971,400,702,393
1475,2467,95,1935,141
1476,1363,189,1203,197
1477,2075,382,1938,344
1478,1315,1179,1146,1256
1479,704,1146,660,1288
1480,602,632,566,671
1481,4524,4598,4446,4854
1482,1461,2258,1647,2553
1483,831,1231,860,1193
1484,864,1660,1065,1647
1485,2368,5960,3282,5664
1486,1453,2487,1675,2600
1487,1633,2748,1906,2662
1488,501,583,526,564
1489,5156,5258,5722,5156
1491,1244,2219,1455,2125
1493,1005,1248,1107,1240
1494,1228,1380,1309,1336
1495,1836,2624,2025,2583
1496,824,1007,802,883
1498,5726,7716,7068,10006
1499,790,1386,861,1290
1500,1057,1664,1202,2178
1501,4126,6708,4454,7530
1502,543,916,1457,2217
1503,809,977,0,0
1504,480,743,531,815
1505,3340,6820,2249,3519
1506,853,1092,804,1186
1507,512,830,563,939
1508,13762,11669,10339,12649
1509,8200,3270,6770,3365
1510,5373,1086,5199,1074
1511,966,318,1083,396
1512,619,431,269,283
1514,300,725,325,889
1515,967,1631,928,1977
1517,968,4336,812,5022
1518,1940,3866,1376,4216
1519,437,1057,565,1549
1520,904,2486,815,2907
1521,735,1970,552,2378
1522,1059,1215,853,1622
1528,2742,4880,2412,5960
1530,3182,5138,3144,6726
1531,1708,1713,2297,2096
1532,818,1677,856,1625
1537,1577,1869,1608,1758
1539,1972,2402,2230,3844
1540,0,0,998,1108
1541,1802,4644,1420,5218
1542,919,174,846,183
1543,3532,7758,2324,7048
1545,1635,372,1597,327
1546,6558,674,7250,692
1547,1575,360,1534,258
1548,4314,380,3896,376
1549,939,274,903,183
1550,2468,2458,3318,2768
1551,3084,5110,4318,5354
1552,1235,1124,1068,1087
1553,1178,931,1290,1018
1554,18840,8720,20704,7948
1555,6096,4606,5920,3228
1557,5302,1988,5728,1680
1558,6452,3900,7580,3788
1559,1712,749,1568,557
1560,2421,430,3126,104
1561,1158,259,1841,213
1562,607,127,693,99
1563,4824,1572,5578,1108
1564,911,259,1062,183
1565,3196,876,5046,774
1566,3822,1062,4170,714
1567,1376,247,1358,169
1568,2056,558,2517,418
1569,11463,3105,14061,2226
1570,6178,1282,6502,870
1571,1048,448,1239,263
1572,2376,487,2154,305
1573,1479,4128,1377,4584
1574,3312,2684,2812,2724
1575,1406,2344,1250,2444
1576,617,826,654,821
1577,2248,2448,2970,2850
1578,5478,1346,6822,2250
1579,1819,467,3774,873
1580,517,177,0,0
1582,1340,1751,1017,2078
1583,2006,1962,1990,2358
1584,1150,1366,1246,1442
1585,778,1396,589,1389
1586,1770,3088,1344,3374
1588,661,1298,759,1681
1589,636,1203,678,1634
1590,2724,5946,2842,6798
1591,1730,4812,1970,6214
1592,607,582,561,703
1593,1076,658,1058,706
1594,2085,3300,1881,3675
1596,582,681,486,788
1597,1009,1110,852,1183
1598,2134,1324,1968,1590
1599,1296,986,1172,1162
1600,381,632,349,724
1601,569,1139,528,1455
1603,608,676,508,771
1604,2712,2682,2241,2937
1605,684,1210,592,1273
1606,4338,4473,3876,5088
1607,518,775,474,844
1608,1589,1195,2940,2414
1609,4646,3670,6528,5745
1610,574,1105,544,1211
1611,1306,2916,1646,3574
1612,1315,2637,2108,5050
1613,654,453,498,644
1614,1057,856,947,746
1615,1516,1004,1758,1257
1616,798,1195,661,1168
1617,5174,5198,5582,4684
1618,724,467,973,866
1619,3892,4232,4198,4126
1620,1061,1173,1196,1085
1621,5860,1584,6860,1852
1622,1127,470,1654,419
1623,1575,1079,1817,885
1624,1579,175,1613,263
1625,5180,978,6160,1186
1626,637,44,546,38
1627,3672,5010,3776,5166
1629,931,1696,892,1819
1630,2406,3364,2838,3928
1631,2562,4694,2734,4626
1632,315,667,260,704
1634,3632,3536,3372,3312
1635,644,787,754,962
1636,805,1168,646,920
1637,1355,714,795,565
1638,3332,3934,3024,3802
1639,616,915,587,870
1640,3906,4898,3656,5060
1641,5768,5332,2740,3592
1642,644,762,412,660
1643,1883,915,1996,882
1644,3984,3662,3842,3700
1645,651,1127,598,1241
1646,595,1124,604,1120
1647,620,993,543,1079
1648,1286,2758,1000,3322
1650,1214,2038,1280,2206
1651,1134,986,1067,998
1652,609,1702,0,0
1653,845,1460,1412,4170
1655,485,833,0,0
1656,611,351,1302,1465
1657,560,1024,1490,2982
1658,757,1447,2638,4702
1659,311,1583,267,1856
1660,262,1401,190,1711
1661,333,1359,901,4061
1662,722,2778,609,4959
1663,514,1686,464,2068
1664,363,1266,389,2082
1665,497,2298,645,3684
1666,2226,5840,1678,4854
1667,741,2480,986,4722
1668,1089,1684,663,1193
1669,298,1253,0,0
1670,252,1201,390,2526
1671,496,1450,309,1301
1672,739,3675,1174,6632
1673,1005,2822,1620,5658
1674,1448,6874,2554,14026
1676,621,2116,2250,8826
1677,250,1015,0,0
1678,286,990,0,0
1679,268,910,0,0
1680,641,230,691,260
1681,2919,3495,2460,4122
1682,2304,3876,1804,3720
1683,201,396,133,506
1684,1774,842,1616,995
1686,1538,1478,1116,1542
1687,1536,1796,1120,2146
1688,1564,1845,1350,2054
1689,3752,2474,3360,2830
1691,1115,826,0,0
1692,646,681,1083,997
1693,3068,2082,2326,2338
1694,1442,836,1022,1302
1695,1225,504,2272,974
1696,2692,1742,1452,2940
1697,2276,1480,1388,2532
1698,1167,500,804,658
1699,1037,659,618,885
1701,466,301,363,414
1702,849,472,594,755
1703,423,372,324,501
1704,1592,206,1448,306
1705,326,66,492,79
1706,363,607,324,562
1708,317,262,267,277
1710,2350,3838,2308,3300
1711,410,460,378,457
1712,1370,2216,1178,2648
1713,745,1190,422,1413
1714,1290,2088,1220,2206
1715,2304,2802,1902,3411
1716,1201,575,2352,1380
1717,657,348,547,526
1718,1948,816,1562,1248
1719,3236,876,2818,1230
1720,2207,411,1242,472
1721,410,234,231,408
1722,857,1711,706,1913
1724,634,830,516,880
1725,1102,1624,961,1640
1727,1075,1571,901,1691
1728,972,1482,819,1462
1729,929,1697,757,1905
1731,1658,2705,1407,2865
1734,664,1891,622,2165
1735,1868,5220,1638,5690
1736,1114,2299,991,2470
1737,3260,2339,2813,2336
1738,1269,1479,1118,1608
1740,1429,1721,1409,1691
1742,454,1268,389,1359
1743,1384,583,1167,610
1744,1232,568,1101,668
1745,3072,1920,3002,2014
1746,1203,11,1000,18
1747,3302,2996,3098,2800
1748,890,583,781,698
1749,688,30,500,46
1750,1678,4602,1408,5168
1751,237,956,186,1084
1752,654,2486,398,2904
1753,1354,5554,978,6234
1754,2438,7084,1966,7714
1755,246,1036,170,1248
1756,1646,4286,1448,4782
1757,750,1490,638,1603
1758,671,1148,539,1263
1760,606,590,577,669
1761,2278,3418,2068,3654
1762,1015,806,931,811
1763,171,997,117,1153
1764,1686,2266,1600,2420
1765,250,1096,183,1211
1766,639,2019,542,2140
1767,716,1937,611,2117
1768,327,1257,215,1505
1769,481,2098,402,2276
1770,854,2586,674,2928
1771,3465,6300,2880,7152
1773,2331,8274,1815,9432
1774,1748,4252,1376,5022
1775,561,888,595,995
1776,192,724,149,809
1777,830,1557,719,1599
1778,2902,3462,2352,4194
1780,4116,4416,3334,4882
1781,431,815,351,952
1782,887,2518,608,3053
1784,1664,3936,1258,4642
1785,473,1653,325,1949
1786,1688,2080,1756,2402
1787,1396,2968,1136,3126
1788,2074,6764,1254,4776
1789,1488,3494,1094,4266
1790,2930,1738,2578,2090
1791,886,2424,846,2600
1792,7180,7256,7812,7696
1793,1083,415,968,489
1794,1810,1906,1568,2046
1795,3096,3264,2976,3417
1796,1137,448,1076,546
1797,1180,1404,839,1137
1798,987,1041,854,834
1799,1635,238,1215,180
1800,217,134,266,217
1801,2714,1546,2454,2042
1802,2290,2282,2630,3192
1803,3388,2200,3196,2534
1804,1032,3828,758,3244
1805,1284,2868,1038,3536
1806,1396,2564,966,2366
1807,229,576,208,757
1808,131,387,115,605
1809,822,4730,622,4872
1810,312,1280,269,1927
1811,479,1814,315,1859
1812,1830,6064,1036,5644
1813,348,1032,237,922
1814,1642,2910,1610,3750
1815,9104,7432,9856,10108
1816,1284,2926,942,3322
1817,1618,3568,1296,4904
1818,638,2718,472,3172
1819,3048,7860,2784,10148
1820,1676,4152,1280,4784
1821,430,1175,306,1211
1822,1418,4122,932,4056
1823,267,953,176,1018
1824,1242,3948,978,3974
1825,5004,7520,3992,7576
1826,254,682,195,854
1827,622,2340,580,2782
1828,403,662,308,875
1829,842,2266,660,2696
1830,420,740,392,753
1831,1446,2176,1286,2292
1832,563,739,465,846
1833,507,916,401,1112
1835,376,949,287,1131
1836,1494,3818,1152,4846
1837,196,576,170,706
1838,275,875,230,1088
1839,1512,1868,1322,1950
1840,301,830,249,923
1842,3213,6039,2508,7596
1843,256,543,224,624
1844,307,1189,196,1477
1845,748,1756,552,2248
1846,256,680,196,734
1847,1160,2802,1090,3192
1848,904,640,780,682
1849,2408,2998,1942,3848
1850,304,517,282,572
1851,206,320,163,387
1853,656,988,559,1196
1854,4917,4665,4548,4923
1855,2476,2020,2640,1948
1856,1678,2846,1692,2948
1857,3723,4743,3936,5016
1858,1218,2938,1028,3366
1859,1208,3216,982,3760
1860,4155,4210,3560,4445
1861,260,1414,235,1628
1862,1118,5350,1060,6006
1863,610,1582,609,1668
1864,246,1402,205,1558
1865,848,1859,1038,2327
1866,915,1240,871,1353
1867,750,1249,713,1290
1868,3230,5580,3180,6056
1869,394,1021,420,1038
1870,269,824,330,816
1871,3218,5406,3834,6146
1872,333,601,274,642
1874,1002,1850,1122,1846
1875,717,1892,929,1784
1876,1780,3526,1748,3684
1877,1353,1426,1447,1693
1878,2838,5248,2768,5818
1879,456,771,448,825
1880,2450,500,1896,546
1881,2966,1224,2690,1240
1882,443,917,432,1083
1883,834,123,690,145
1884,448,305,406,309
1885,3698,4292,3162,4672
1886,396,915,323,1011
1887,4677,6378,3858,7122
1888,359,868,279,1046
1889,1478,4732,1324,5348
1890,947,1965,1144,2529
1891,788,1315,806,1540
1893,2646,7218,3806,6344
1894,3486,7166,4786,8060
1896,2132,6274,2904,6356
1897,694,1898,952,2055
1898,560,1412,841,1957
1899,943,1273,1128,1560
1900,542,1158,524,1081
1901,287,1443,306,1411
1902,1221,750,1147,753
1903,1573,876,1440,901
1904,785,1008,768,1037
1905,411,150,366,120
1906,5792,2998,5378,2550
1907,700,292,648,289
1908,5036,662,4498,588
1909,380,141,338,150
1910,4486,2622,4066,2742
1911,1278,1265,1135,1375
1913,8658,4167,11664,3498
1914,6404,2288,7282,1870
1915,1230,364,1474,352
1916,1693,23,1683,46
1917,1312,121,1920,166
1918,5272,232,7474,192
1919,2766,588,4050,524
1922,1764,948,3266,1438
1924,4806,2766,6082,2130
1925,1107,1245,1349,1173
1926,1126,666,1115,560
1927,7173,7536,9786,6276
1928,723,1475,987,1279
1929,4290,3064,5608,2894
1930,2515,492,3180,468
1931,2540,138,3132,186
1932,1425,47,1577,66
1933,1477,69,1843,96
1934,2071,69,2734,103
1935,2028,1141,2423,1097
1936,2556,1188,3148,1102
1937,2134,1332,2189,1014
1938,5930,2458,6832,2060
1939,6652,2850,7692,2506
1941,2321,572,2449,507
1943,1844,1408,2125,1448
1944,1392,909,1727,862
1945,1444,1008,1503,866
1946,1310,950,1388,730
1947,1230,687,1327,583
1948,2630,2680,2806,2124
1949,3452,2940,4230,2928
1950,761,967,1192,1074
1951,1573,1063,1506,970
1952,2392,290,2064,230
1953,1457,770,1227,495
1954,1444,557,1532,560
1955,4870,2462,5698,2364
1956,9420,8145,10065,7335
1957,3522,3052,3730,3046
1958,2458,540,2651,558
1959,10314,1724,13058,1602
1960,781,989,981,1023
1961,1167,922,1372,949
1963,1268,2510,1381,2695
1964,1183,1969,1122,1863
1965,4856,6862,5038,6642
1967,1474,1494,1881,1489
1968,822,1011,1410,947
1969,1764,1976,1862,1780
1970,1430,2108,1628,2119
1972,1362,1638,1663,1701
1974,950,1191,1070,1482
1975,1589,1217,1772,1286
1976,4744,5010,5974,6114
1977,1197,1950,1189,2388
1978,1277,2076,1554,2393
1979,764,1165,872,1194
1980,1024,1518,1013,1411
1981,1753,2612,2010,2404
1982,767,1267,974,1212
1983,4756,4514,5986,5542
1984,3752,3756,6232,5970
1986,638,859,968,1120
1988,1318,1423,1439,1351
1989,1416,1217,1782,1067
1990,1392,1282,1744,1141
1992,1786,1546,2382,1533
1993,4674,4918,4384,4674
1994,975,1245,1606,1648
1995,1359,1557,1516,1369
1997,1463,1527,1519,1367
1998,1515,1201,1917,1275
1999,953,1056,1128,1141
2000,1052,1030,1189,1097
2001,1183,872,1317,1090
2002,1329,1405,1599,1346
2003,794,724,936,594
2004,1430,1123,1631,1067
2005,1433,1121,1574,1238
2007,1044,1032,1279,1072
2008,1211,971,1583,982
2009,1164,813,1558,830
2010,918,1238,1327,1392
2011,4114,3056,5102,2650
2012,1137,791,1727,721
2013,1109,596,1275,682
2014,1312,948,1452,929
2015,857,720,1003,703
2016,3940,2466,4652,2742
2017,3544,1590,3942,1496
2018,1293,917,1737,1051
2019,1000,1097,1243,1109
2020,1044,941,1259,1000
2021,1216,843,1686,938
2022,1277,917,1615,979
2023,5892,4364,3336,1678
2024,3080,1874,2843,1295
2025,3442,3302,3743,2621
2028,1658,1180,1974,1192
2031,1077,596,1394,574
2033,5638,3572,5148,3014
2034,2554,1633,2369,1157
2035,1644,1562,1689,1136
2036,1030,893,1051,855
2037,1405,616,1243,451
2038,6136,4982,8364,4992
2039,745,653,647,611
2040,1197,585,1080,484
2042,2145,1807,1804,1358
2043,1827,1974,1606,1461
2044,824,1019,958,883
2045,1112,1353,1378,1288
2046,2640,2858,2147,1606
2047,833,533,971,627
2048,2093,1505,2244,1224
2049,1334,980,1240,749
2050,1068,815,1025,627
2051,545,655,654,608
2052,1891,2835,1984,2409
2053,1098,1837,900,1362
2055,1277,1538,1436,1360
2056,2986,5222,3526,4982
2057,3774,7852,4494,8086
2058,3852,2372,4148,2042
2059,1844,904,1830,848
2060,797,713,910,661
2061,871,681,948,650
2063,972,1117,1057,1021
2064,907,1160,964,1099
2065,8044,8834,6814,5648
2066,6964,2344,8360,1916
2067,1060,538,1484,585
2068,4652,4424,4364,3554
2069,1271,557,1285,463
2071,8594,2572,10044,2442
2072,2036,1340,2603,1109
2073,1474,366,2067,325
2074,5050,4632,5160,3922
2075,734,956,872,890
2076,5830,4774,6082,4122
2078,1677,1262,1942,1116
2080,2696,1677,2882,1461
2082,923,1900,974,1646
2083,1153,1557,1099,1277
2084,1153,967,1211,970
2085,1030,1234,913,1152
2086,3408,4718,3756,4242
2087,5150,5708,5256,4734
2088,2140,2464,2247,2469
2089,1334,2019,916,1314
2090,2096,3082,2000,2414
2091,1063,1425,756,1111
2092,6478,5110,3390,2470
2094,394,685,355,537
2095,5688,5028,4082,3424
2096,2019,867,2474,816
2097,3395,2323,3141,1540
2099,244,355,247,363
2100,1094,1676,990,1684
2101,2152,476,2000,512
2102,7436,3232,6928,3268
2103,3842,990,3498,974
2104,1298,424,1212,432
2105,2324,2412,1890,2542
2106,5058,3123,4824,2784
2107,2006,1134,1956,1134
2108,3288,4554,3015,4053
2109,2298,4084,1886,3930
2110,1025,1014,1361,1061
2111,900,858,1087,782
2112,5937,2865,7701,2607
2114,800,424,948,496
2115,586,1229,436,867
2116,2510,3128,2624,3060
2117,1132,977,1231,995
2118,1259,1061,1068,872
2119,2434,2764,3028,3926
2120,1184,1654,1312,1872
2121,490,1135,409,1006
2122,2384,5994,2358,6724
2123,826,1623,782,1790
2125,913,1952,843,1751
2127,2496,7020,1862,5498
2129,742,776,742,726
2130,774,222,973,275
2131,818,1312,1102,1522
2132,1296,307,810,213
2133,1972,3710,1334,2934
2134,774,1011,632,1227
2135,889,611,1013,780
2136,514,2584,421,2781
2137,1930,6042,1490,7146
2138,490,1220,373,1064
2139,993,406,904,400
2140,7287,5844,6006,4854
2141,654,468,693,489
2142,9036,1491,9192,1626
2143,862,64,965,85
2144,3908,798,3720,720
2145,754,287,912,376
2147,2826,8874,1737,8787
2148,848,2902,758,3402
2149,1198,3606,884,4056
2150,454,1898,346,2062
2151,1618,3990,1384,4516
2152,531,529,577,582
2153,3159,6144,2631,6819
2154,165,411,115,525
2155,455,1360,342,1465
2156,988,1766,770,2298
2157,1288,2200,1020,2850
2158,2370,6537,2142,7566
2160,4000,11336,3356,15404
2161,3458,384,3310,334
2162,851,31,764,35
2163,976,382,829,352
2164,1405,1176,1150,619
2165,1710,3374,1638,2684
2166,2484,3802,2524,3104
2167,4632,3614,4136,2216
2168,1206,71,959,52
2169,513,4,501,5
2170,4948,182,4738,142
2171,500,1353,597,1670
2172,545,415,700,677
2173,418,355,570,712
2174,916,783,829,1103
2175,1326,1352,1219,1535
2176,1832,2526,1499,1665
2177,713,1892,693,1929
2178,499,866,519,1453
2179,544,1058,648,1472
2180,1616,5720,1530,6428
2181,674,3268,522,3738
2182,533,1456,365,1701
2183,1534,4396,1338,4728
2184,2157,6429,1584,7419
2185,460,1194,343,1022
2186,326,1089,224,1231
2187,614,634,596,766
2188,1544,2428,1226,2846
2189,1154,1334,816,1790
2190,4422,5736,3519,6768
2191,1629,2553,1218,3135
