rn,state,cid,tract,pop,white,black,hispanic,total_vap,black_vap,hispanic_vap
0,35,1,107,2441.0,2313.0,32.0,481.0,2077,32,359
1,35,1,108,2991.0,2360.0,31.0,783.0,2327,31,584
2,35,1,109,2514.0,1903.0,86.0,555.0,2010,51,380
3,35,1,110,4136.0,3311.0,61.0,1372.0,3182,61,964
4,35,1,111,2793.0,2271.0,26.0,685.0,2191,26,562
5,35,1,112,2020.0,1742.0,62.0,375.0,1715,40,223
6,35,1,113,3520.0,2440.0,298.0,1018.0,2711,197,792
7,35,1,114,3210.0,2660.0,120.0,1362.0,2663,33,1097
8,35,1,115,3364.0,2419.0,238.0,978.0,2721,164,721
9,35,1,116,3065.0,2709.0,49.0,813.0,2392,49,517
10,35,1,117,2332.0,1840.0,56.0,690.0,1991,56,545
11,35,1,118,2608.0,2217.0,10.0,625.0,2176,10,596
12,35,1,119,1853.0,1627.0,70.0,504.0,1487,62,344
13,35,1,120,2638.0,1998.0,163.0,936.0,1989,102,624
14,35,1,121,6016.0,4603.0,420.0,2130.0,4788,302,1511
15,35,1,122,4120.0,3463.0,147.0,1471.0,3368,147,1055
16,35,1,123,4418.0,3355.0,116.0,1748.0,3536,116,1220
17,35,1,124,3649.0,2570.0,315.0,1373.0,3020,174,1117
18,35,1,125,3822.0,3282.0,32.0,972.0,3207,16,704
19,35,1,126,2739.0,2249.0,105.0,784.0,2222,88,520
20,35,1,127,3096.0,2437.0,51.0,1189.0,2414,51,829
21,35,1,128,3212.0,2036.0,165.0,1126.0,2497,124,767
22,35,1,129,4244.0,2936.0,404.0,1692.0,3486,339,1208
23,35,1,203,1891.0,1372.0,78.0,583.0,1560,76,443
24,35,1,204,2914.0,2166.0,82.0,1000.0,2388,54,741
25,35,1,205,2832.0,2437.0,108.0,1637.0,2294,108,1170
26,35,1,206,2988.0,2320.0,171.0,1089.0,2271,108,654
27,35,1,207,3093.0,2325.0,181.0,1303.0,2477,68,952
28,35,1,208,2690.0,1999.0,46.0,1524.0,2254,46,1195
29,35,1,300,5574.0,4282.0,95.0,1171.0,4916,73,935
30,35,1,401,4534.0,3509.0,100.0,1218.0,3682,66,895
31,35,1,402,3459.0,3007.0,123.0,836.0,2940,76,714
32,35,1,501,3070.0,1944.0,38.0,1241.0,2632,31,844
33,35,1,502,4611.0,3714.0,178.0,787.0,4215,168,661
34,35,1,601,3644.0,2611.0,301.0,992.0,3074,197,753
35,35,1,603,5581.0,3535.0,95.0,4130.0,3916,41,2851
36,35,1,604,4379.0,2389.0,108.0,2735.0,3399,98,1947
37,35,1,704,3574.0,2712.0,79.0,1446.0,2910,63,1085
38,35,1,707,6300.0,4154.0,464.0,4252.0,4455,414,2745
39,35,1,708,5646.0,3745.0,175.0,2504.0,4316,95,1739
40,35,1,710,6830.0,5395.0,167.0,2274.0,5418,153,1383
41,35,1,711,4740.0,3755.0,56.0,1110.0,3806,56,832
42,35,1,712,4313.0,2918.0,240.0,1648.0,3291,179,1073
43,35,1,713,6574.0,3872.0,715.0,2983.0,4527,513,1977
44,35,1,714,4714.0,3176.0,207.0,1704.0,3773,158,1244
45,35,1,801,4025.0,2939.0,389.0,609.0,2839,322,401
46,35,1,901,7191.0,3729.0,277.0,4970.0,5146,212,3406
47,35,1,903,5422.0,3602.0,382.0,2188.0,4380,330,1595
48,35,1,904,4172.0,2591.0,82.0,2005.0,3405,74,1498
49,35,1,1101,4351.0,3337.0,89.0,1052.0,3697,60,924
50,35,1,1102,3089.0,2263.0,157.0,1389.0,2270,107,842
51,35,1,1200,7195.0,4563.0,349.0,3753.0,5516,335,2421
52,35,1,1300,4415.0,2029.0,83.0,4173.0,3253,83,3032
53,35,1,1400,2782.0,1582.0,11.0,2290.0,2225,11,1736
54,35,1,1500,2395.0,1593.0,71.0,1322.0,1990,65,937
55,35,1,1600,2480.0,1735.0,27.0,529.0,2292,27,471
56,35,1,1700,4697.0,3491.0,75.0,1292.0,4240,75,1137
57,35,1,1800,2169.0,1182.0,76.0,857.0,2137,76,838
58,35,1,1900,1126.0,933.0,29.0,294.0,1046,29,262
59,35,1,2000,2127.0,1324.0,74.0,1269.0,1660,48,891
60,35,1,2100,1188.0,792.0,86.0,394.0,1070,86,352
61,35,1,2200,3145.0,2299.0,31.0,1368.0,2671,31,1038
62,35,1,2300,7944.0,4575.0,133.0,7113.0,5690,57,4990
63,35,1,2401,5114.0,3093.0,165.0,4092.0,3764,80,2908
64,35,1,2402,7184.0,3792.0,335.0,6272.0,5293,136,4617
65,35,1,2500,2600.0,1870.0,28.0,1791.0,2005,28,1338
66,35,1,2600,1022.0,820.0,0.0,535.0,907,0,465
67,35,1,2700,3747.0,2822.0,23.0,1850.0,3186,23,1499
68,35,1,2900,3984.0,2764.0,45.0,2518.0,3178,45,1931
69,35,1,3001,4798.0,3075.0,158.0,2898.0,3686,113,2042
70,35,1,3002,4126.0,3384.0,61.0,2234.0,3406,31,1801
71,35,1,3100,2700.0,2279.0,42.0,1157.0,2195,23,967
72,35,1,3201,2815.0,2276.0,58.0,1651.0,2349,46,1427
73,35,1,3202,6268.0,3525.0,12.0,4666.0,4496,12,3070
74,35,1,3400,4572.0,2793.0,258.0,2795.0,3094,224,1531
75,35,1,3501,5319.0,4465.0,39.0,3014.0,4261,28,2363
76,35,1,3502,5512.0,4711.0,0.0,1990.0,4589,0,1559
77,35,1,3600,6595.0,5423.0,18.0,3652.0,4986,18,2380
78,35,1,3707,4346.0,3430.0,30.0,1429.0,3725,27,1119
79,35,1,3712,5315.0,4401.0,354.0,1585.0,4122,146,1091
80,35,1,3714,7726.0,5686.0,383.0,3442.0,6754,367,3012
81,35,1,3715,3931.0,3367.0,29.0,923.0,3251,23,635
82,35,1,3717,5135.0,3710.0,38.0,1436.0,4212,38,993
83,35,1,3718,2605.0,1945.0,154.0,654.0,2160,148,374
84,35,1,3719,6045.0,4499.0,212.0,1957.0,4981,100,1624
85,35,1,3721,6265.0,5377.0,64.0,869.0,5297,35,632
86,35,1,3722,6579.0,5000.0,113.0,2021.0,4759,58,1402
87,35,1,3723,5775.0,4497.0,581.0,1720.0,4846,459,1222
88,35,1,3724,3427.0,2754.0,221.0,829.0,2778,118,686
89,35,1,3725,4529.0,3840.0,103.0,1586.0,3770,92,1250
90,35,1,3726,2502.0,2085.0,8.0,493.0,1975,8,390
91,35,1,3728,4314.0,3375.0,99.0,1319.0,3664,62,1094
92,35,1,3729,1886.0,1670.0,2.0,240.0,1542,2,161
93,35,1,3730,4674.0,3816.0,132.0,868.0,3601,132,550
94,35,1,3731,3776.0,3452.0,0.0,783.0,2888,0,443
95,35,1,3732,7575.0,6232.0,82.0,1683.0,5300,60,994
96,35,1,3733,3841.0,2368.0,303.0,2159.0,2676,214,1334
97,35,1,3735,6576.0,4947.0,112.0,3417.0,4942,111,2443
98,35,1,3736,2062.0,1433.0,55.0,962.0,1485,48,650
99,35,1,3737,2731.0,2327.0,0.0,583.0,2189,0,371
100,35,1,3738,5247.0,4362.0,0.0,1065.0,4251,0,783
101,35,1,3803,3037.0,2898.0,10.0,571.0,2563,10,368
102,35,1,3804,5858.0,5138.0,37.0,1247.0,4771,37,907
103,35,1,3805,2258.0,2100.0,0.0,907.0,1911,0,670
104,35,1,3806,3496.0,3266.0,0.0,755.0,2996,0,696
105,35,1,3807,4063.0,3741.0,8.0,1212.0,3405,8,874
106,35,1,4001,5094.0,3749.0,127.0,3979.0,3775,89,2732
107,35,1,4300,5300.0,3410.0,29.0,4123.0,4021,29,3053
108,35,1,4401,2955.0,1956.0,0.0,2711.0,2287,0,2062
109,35,1,4402,4726.0,3477.0,47.0,3666.0,3404,12,2542
110,35,1,4501,3956.0,2561.0,29.0,3351.0,3193,29,2666
111,35,1,4502,4230.0,1621.0,68.0,3671.0,3078,68,2558
112,35,1,4602,4342.0,3070.0,24.0,3271.0,3314,24,2464
113,35,1,4603,3496.0,2433.0,52.0,2824.0,2785,52,2199
114,35,1,4604,5842.0,4092.0,69.0,4477.0,4328,52,3246
115,35,1,4712,7256.0,4694.0,84.0,5736.0,4812,56,3729
116,35,1,4713,6758.0,4730.0,152.0,5720.0,4581,152,3704
117,35,1,4715,5335.0,2818.0,123.0,4381.0,3695,101,2877
118,35,1,4716,2216.0,1665.0,62.0,881.0,1903,62,746
119,35,1,4717,8537.0,6553.0,156.0,4152.0,6433,156,2817
120,35,1,4720,3674.0,2910.0,21.0,1316.0,2925,21,976
121,35,1,4722,4886.0,3649.0,97.0,1762.0,3951,97,1381
122,35,1,4723,6996.0,5874.0,99.0,2987.0,5482,56,2455
123,35,1,4724,3041.0,2647.0,27.0,1448.0,2460,27,1160
124,35,1,4725,3852.0,3220.0,0.0,2152.0,2958,0,1482
125,35,1,4726,2367.0,1813.0,55.0,1072.0,1828,19,781
126,35,1,4727,1954.0,1626.0,25.0,957.0,1571,25,734
127,35,1,4728,5167.0,3810.0,264.0,2104.0,3960,221,1233
128,35,1,4729,3849.0,3029.0,118.0,2113.0,3049,75,1535
129,35,1,4733,7886.0,4463.0,216.0,6883.0,5146,173,4397
130,35,1,4734,7619.0,4707.0,67.0,6541.0,5243,28,4305
131,35,1,4735,2073.0,1049.0,83.0,1870.0,1366,63,1180
132,35,1,4736,1663.0,809.0,22.0,1434.0,929,13,787
133,35,1,4737,6365.0,3811.0,227.0,5062.0,3538,117,2537
134,35,1,4738,5239.0,2734.0,267.0,4074.0,3264,105,2394
135,35,1,4739,7044.0,4028.0,497.0,5820.0,4811,422,3791
136,35,1,4740,7326.0,3945.0,296.0,6272.0,5130,207,4318
137,35,1,4741,7362.0,3922.0,204.0,5807.0,5040,204,3902
138,35,1,4742,7067.0,4855.0,62.0,3784.0,5250,62,2741
139,35,1,4743,3610.0,2676.0,100.0,1836.0,2265,75,997
140,35,1,4744,5692.0,4297.0,181.0,3258.0,4077,136,2122
141,35,1,4745,6633.0,5078.0,332.0,2856.0,4705,237,1747
142,35,1,4746,8805.0,6207.0,351.0,4614.0,6233,91,3052
143,35,1,4747,5357.0,4276.0,401.0,2292.0,3784,193,1443
144,35,1,4748,9939.0,8454.0,251.0,4057.0,6478,229,2364
145,35,1,4749,4420.0,2574.0,122.0,2603.0,3327,111,1769
146,35,1,4750,6358.0,4471.0,356.0,3682.0,4646,258,2479
147,35,1,4751,2578.0,2172.0,8.0,859.0,1918,8,608
148,35,1,4752,4096.0,2626.0,139.0,1856.0,3162,103,1406
149,35,1,4753,3815.0,2830.0,123.0,1580.0,2721,78,984
150,35,1,940500,3069.0,2793.0,0.0,259.0,2660,0,208
151,35,1,940600,10714.0,6443.0,304.0,5236.0,7909,297,3825
152,35,1,940700,2789.0,136.0,0.0,412.0,2032,0,258
153,35,3,976400,3583.0,3455.0,24.0,629.0,2905,24,580
154,35,5,201,3924.0,2947.0,49.0,2220.0,2773,46,1404
155,35,5,202,3550.0,2515.0,209.0,1858.0,2595,106,1275
156,35,5,300,6308.0,4765.0,93.0,3269.0,4746,93,2051
157,35,5,400,4180.0,2967.0,79.0,2788.0,2993,79,1838
158,35,5,500,2029.0,1358.0,54.0,1407.0,1243,45,799
159,35,5,600,5083.0,3922.0,57.0,4160.0,3770,57,2984
160,35,5,700,4621.0,3447.0,284.0,2570.0,3384,198,1738
161,35,5,800,5744.0,4470.0,182.0,3331.0,4122,119,1992
162,35,5,900,3015.0,2551.0,0.0,1542.0,2404,0,1102
163,35,5,1001,5388.0,4497.0,0.0,1605.0,4031,0,1044
164,35,5,1002,4289.0,3932.0,14.0,1269.0,3314,14,808
165,35,5,1101,6315.0,5312.0,50.0,4335.0,4126,50,2585
166,35,5,1102,3947.0,3527.0,9.0,739.0,2995,0,599
167,35,5,1200,1475.0,1336.0,5.0,628.0,1186,5,461
168,35,5,1300,3063.0,2471.0,65.0,2189.0,2193,65,1432
169,35,5,1400,2880.0,2353.0,0.0,1747.0,2081,0,1207
170,35,6,941500,3019.0,45.0,0.0,81.0,2223,0,45
171,35,6,945800,2057.0,200.0,18.0,123.0,1489,0,79
172,35,6,946100,3912.0,85.0,0.0,186.0,3118,0,148
173,35,6,974201,5013.0,2498.0,80.0,2964.0,3478,71,2178
174,35,6,974202,3245.0,1855.0,51.0,1651.0,2319,51,1138
175,35,6,974400,3699.0,2169.0,30.0,2307.0,2927,30,1747
176,35,6,974700,6437.0,5026.0,99.0,2955.0,5210,99,2399
177,35,7,950500,4193.0,3809.0,34.0,2315.0,3298,21,1671
178,35,7,950600,3342.0,2711.0,3.0,2025.0,2650,3,1422
179,35,7,950700,5462.0,4592.0,17.0,1981.0,4551,16,1620
180,35,9,100,5248.0,2390.0,653.0,3770.0,3407,418,2391
181,35,9,201,4450.0,2996.0,246.0,1792.0,3337,176,1110
182,35,9,202,4018.0,2112.0,284.0,2261.0,3142,245,1572
183,35,9,301,6272.0,4325.0,639.0,2494.0,4890,542,1505
184,35,9,303,3931.0,3078.0,268.0,852.0,2919,153,524
185,35,9,304,6780.0,5780.0,242.0,691.0,5159,224,667
186,35,9,400,4754.0,3110.0,307.0,2791.0,3269,204,1706
187,35,9,500,2182.0,1226.0,103.0,1439.0,1587,71,988
188,35,9,601,1227.0,1158.0,2.0,52.0,948,2,32
189,35,9,602,4615.0,4025.0,108.0,1016.0,3229,76,637
190,35,9,603,4445.0,3144.0,170.0,2372.0,3031,73,1331
191,35,9,900,2575.0,1835.0,185.0,622.0,1854,156,451
192,35,11,960100,2020.0,1617.0,0.0,911.0,1583,0,664
193,35,13,102,4135.0,3653.0,72.0,2670.0,3151,72,1838
194,35,13,103,5138.0,4741.0,38.0,3575.0,3356,38,1983
195,35,13,104,5534.0,5010.0,115.0,2634.0,4023,95,1674
196,35,13,201,6188.0,5486.0,243.0,4351.0,4742,177,3075
197,35,13,202,5864.0,5348.0,146.0,3933.0,4170,146,2557
198,35,13,300,3964.0,3461.0,42.0,2301.0,3131,42,1672
199,35,13,401,3111.0,2727.0,0.0,2426.0,2568,0,1892
200,35,13,402,5992.0,5256.0,106.0,4607.0,4339,106,3164
201,35,13,500,2397.0,2113.0,18.0,1436.0,2118,18,1259
202,35,13,600,2570.0,2229.0,9.0,1982.0,2123,9,1581
203,35,13,700,5367.0,4920.0,84.0,3785.0,3880,72,2585
204,35,13,800,3268.0,2784.0,176.0,1623.0,2634,176,1216
205,35,13,900,6942.0,6021.0,242.0,3467.0,5721,240,2798
206,35,13,1000,3276.0,2406.0,281.0,1440.0,2973,274,1305
207,35,13,1102,3368.0,3163.0,33.0,2048.0,2831,33,1622
208,35,13,1103,4329.0,4020.0,20.0,2737.0,3375,9,2019
209,35,13,1104,5418.0,4977.0,48.0,4166.0,4032,25,2969
210,35,13,1201,15615.0,12253.0,704.0,6679.0,11815,452,4596
211,35,13,1203,4928.0,4052.0,177.0,2147.0,3882,177,1625
212,35,13,1204,4195.0,4083.0,36.0,1112.0,3466,36,773
213,35,13,1205,4287.0,3635.0,49.0,1353.0,3693,40,1133
214,35,13,1303,7427.0,6798.0,93.0,3926.0,5745,70,2753
215,35,13,1304,7581.0,6258.0,109.0,5367.0,4983,109,3342
216,35,13,1305,5451.0,5035.0,103.0,3647.0,3791,37,2397
217,35,13,1306,10445.0,9473.0,105.0,5944.0,7565,0,3901
218,35,13,1307,6536.0,6149.0,88.0,4401.0,4770,88,2948
219,35,13,1400,4795.0,4535.0,0.0,4020.0,3259,0,2547
220,35,13,1500,6068.0,5284.0,51.0,2673.0,5410,51,2283
221,35,13,1600,2968.0,2555.0,0.0,2514.0,2116,0,1745
222,35,13,1701,7393.0,6650.0,97.0,5696.0,5161,97,3715
223,35,13,1702,1736.0,1626.0,0.0,1429.0,1353,0,1063
224,35,13,1703,3749.0,3458.0,20.0,2796.0,2737,15,1910
225,35,13,1705,3369.0,3234.0,0.0,3325.0,2403,0,2385
226,35,13,1706,3818.0,3518.0,0.0,3792.0,2673,0,2647
227,35,13,1707,5810.0,5504.0,0.0,5745.0,3825,0,3760
228,35,13,1801,5703.0,5462.0,0.0,4683.0,4327,0,3513
229,35,13,1802,7236.0,6964.0,50.0,6921.0,4420,26,4176
230,35,13,1804,6761.0,6025.0,0.0,5247.0,4665,0,3478
231,35,13,1805,3360.0,3020.0,0.0,3315.0,2408,0,2381
232,35,13,1806,6304.0,5550.0,0.0,6183.0,3971,0,3900
233,35,13,1900,1567.0,1115.0,347.0,199.0,1080,203,159
234,35,15,100,1752.0,1646.0,43.0,724.0,1322,43,516
235,35,15,200,5221.0,4740.0,158.0,887.0,4120,117,542
236,35,15,300,5876.0,5443.0,8.0,2230.0,4304,8,1527
237,35,15,401,3672.0,3391.0,13.0,1197.0,2668,0,751
238,35,15,402,4672.0,4219.0,109.0,2756.0,3275,87,1889
239,35,15,500,3010.0,2481.0,170.0,2073.0,2133,108,1398
240,35,15,600,5354.0,4719.0,116.0,2941.0,3988,116,2080
241,35,15,700,5672.0,5239.0,0.0,2109.0,4449,0,1530
242,35,15,800,2178.0,2010.0,0.0,1461.0,1709,0,1069
243,35,15,900,4517.0,3839.0,46.0,1963.0,3591,46,1389
244,35,15,1000,6837.0,5909.0,74.0,4505.0,4804,74,2936
245,35,15,1100,6880.0,6219.0,0.0,2712.0,4782,0,1599
246,35,17,964100,2362.0,2115.0,0.0,426.0,1928,0,319
247,35,17,964200,1782.0,1665.0,0.0,292.0,1428,0,159
248,35,17,964300,6499.0,6004.0,63.0,3321.0,5151,49,2381
249,35,17,964400,4340.0,3438.0,7.0,2993.0,3309,7,2115
250,35,17,964500,2927.0,2503.0,106.0,1923.0,2105,15,1316
251,35,17,964600,3248.0,2658.0,8.0,2459.0,2499,8,1877
252,35,17,964700,6051.0,5742.0,0.0,2036.0,4856,0,1433
253,35,17,964800,1910.0,1817.0,0.0,871.0,1537,0,622
254,35,19,961600,4526.0,3809.0,71.0,3498.0,3606,71,2684
255,35,21,100,565.0,525.0,0.0,218.0,468,0,199
256,35,23,970000,1928.0,1833.0,0.0,498.0,1528,0,388
257,35,23,970200,2715.0,2402.0,12.0,2134.0,2008,12,1537
258,35,25,100,3167.0,2762.0,57.0,2241.0,2263,57,1610
259,35,25,200,3869.0,3484.0,37.0,2759.0,2663,37,1806
260,35,25,300,4025.0,3483.0,328.0,3275.0,2585,273,1932
261,35,25,400,3264.0,2281.0,460.0,2059.0,1942,289,1143
262,35,25,502,6702.0,5587.0,571.0,2933.0,4609,436,1677
263,35,25,503,3639.0,3320.0,157.0,1537.0,2819,97,1092
264,35,25,504,3556.0,3048.0,158.0,878.0,2634,116,587
265,35,25,600,6958.0,6272.0,92.0,3869.0,4870,92,2391
266,35,25,701,1692.0,1640.0,8.0,475.0,1270,8,291
267,35,25,702,3320.0,3045.0,135.0,1738.0,2686,135,1398
268,35,25,703,2854.0,2495.0,176.0,976.0,2048,132,586
269,35,25,704,3007.0,2702.0,0.0,1071.0,2113,0,731
270,35,25,800,3353.0,3168.0,0.0,1729.0,2459,0,1131
271,35,25,900,2288.0,2166.0,0.0,1131.0,1718,0,788
272,35,25,1003,4517.0,3972.0,25.0,3009.0,2986,25,1715
273,35,25,1004,3796.0,3266.0,61.0,2828.0,2600,61,1714
274,35,25,1005,3690.0,2777.0,87.0,2716.0,2362,50,1603
275,35,25,1100,4452.0,4039.0,0.0,1928.0,3186,0,1210
276,35,27,960200,1610.0,1371.0,7.0,588.0,1462,7,508
277,35,27,960300,2423.0,2181.0,57.0,510.0,2103,42,387
278,35,27,960400,7173.0,6241.0,0.0,3068.0,5598,0,2208
279,35,27,960600,6506.0,5463.0,60.0,1226.0,5332,19,754
280,35,27,960800,2219.0,1825.0,0.0,820.0,1717,0,529
281,35,28,100,3607.0,3194.0,0.0,433.0,2816,0,262
282,35,28,200,4992.0,4235.0,13.0,880.0,3710,13,558
283,35,28,400,3413.0,2788.0,31.0,680.0,2865,31,523
284,35,28,500,5927.0,5337.0,43.0,912.0,4338,28,636
285,35,29,100,5038.0,4336.0,0.0,3044.0,3889,0,2101
286,35,29,200,4409.0,4002.0,32.0,3163.0,3161,16,2079
287,35,29,300,2446.0,2112.0,68.0,1524.0,1873,27,1044
288,35,29,400,5391.0,5139.0,0.0,2984.0,3759,0,1949
289,35,29,500,4625.0,4066.0,63.0,2845.0,3343,63,1727
290,35,29,600,2880.0,2525.0,128.0,2338.0,2178,22,1775
291,35,31,940300,9642.0,49.0,0.0,324.0,7468,0,236
292,35,31,940500,1768.0,105.0,4.0,18.0,1061,4,13
293,35,31,943500,3817.0,125.0,101.0,47.0,2791,43,17
294,35,31,943600,5787.0,111.0,48.0,57.0,4005,48,21
295,35,31,943700,3933.0,46.0,0.0,37.0,2888,0,9
296,35,31,943800,6296.0,126.0,20.0,128.0,4477,20,96
297,35,31,943901,4950.0,569.0,0.0,226.0,3697,0,197
298,35,31,943902,3209.0,82.0,0.0,227.0,2069,0,80
299,35,31,944000,2177.0,33.0,0.0,39.0,1447,0,27
300,35,31,945200,6057.0,2066.0,137.0,2122.0,3822,40,1080
301,35,31,945300,3325.0,1452.0,23.0,1837.0,2164,19,1322
302,35,31,945400,2945.0,1519.0,50.0,1092.0,1926,50,762
303,35,31,945500,5824.0,3475.0,178.0,1693.0,4155,84,1033
304,35,31,945600,6023.0,1805.0,20.0,1919.0,3524,12,1127
305,35,31,945700,2255.0,154.0,22.0,101.0,1593,22,58
306,35,31,946000,5095.0,398.0,0.0,395.0,3606,0,334
307,35,31,973100,895.0,415.0,0.0,41.0,714,0,41
308,35,33,955200,4660.0,2966.0,6.0,3838.0,3591,6,2924
309,35,35,100,1756.0,1195.0,104.0,937.0,1378,95,749
310,35,35,200,1831.0,1105.0,147.0,853.0,1478,147,608
311,35,35,303,2042.0,1765.0,40.0,763.0,1626,31,482
312,35,35,304,3317.0,2713.0,253.0,747.0,2396,76,439
313,35,35,305,3999.0,2253.0,541.0,1579.0,3066,427,1002
314,35,35,306,3099.0,2575.0,171.0,777.0,2437,148,446
315,35,35,401,4732.0,4024.0,110.0,1345.0,3907,110,914
316,35,35,402,7509.0,6358.0,177.0,1346.0,5954,138,952
317,35,35,500,5587.0,4165.0,285.0,2737.0,4074,266,1459
318,35,35,601,4221.0,3229.0,523.0,585.0,2653,376,314
319,35,35,602,2887.0,2547.0,15.0,541.0,2363,15,463
320,35,35,603,3197.0,2912.0,0.0,585.0,2323,0,437
321,35,35,700,5567.0,4560.0,20.0,2365.0,4420,0,1665
322,35,35,901,2472.0,2253.0,3.0,255.0,2272,3,202
323,35,35,902,9552.0,7803.0,23.0,7925.0,6898,23,5478
324,35,35,940000,3550.0,156.0,10.0,267.0,2268,10,188
325,35,37,958601,3084.0,2601.0,154.0,1390.0,2371,112,932
326,35,37,958602,2792.0,2567.0,38.0,1625.0,2201,38,1245
327,35,37,958900,2822.0,2660.0,0.0,816.0,2294,0,571
328,35,39,100,2744.0,1988.0,0.0,2275.0,2224,0,1833
329,35,39,200,3760.0,3271.0,41.0,2954.0,3041,41,2427
330,35,39,300,6470.0,5233.0,14.0,5803.0,4351,14,3714
331,35,39,400,4558.0,3459.0,2.0,3602.0,3692,2,2861
332,35,39,500,3589.0,2941.0,44.0,2497.0,3032,18,2018
333,35,39,940700,3584.0,1766.0,47.0,3069.0,2664,23,2240
334,35,39,940800,4985.0,1994.0,16.0,3035.0,3821,10,2250
335,35,39,941000,3215.0,267.0,35.0,279.0,2065,35,172
336,35,39,944100,7044.0,4055.0,11.0,5030.0,5336,11,3743
337,35,41,100,4592.0,3747.0,82.0,1402.0,3439,82,858
338,35,41,200,3736.0,2004.0,128.0,2768.0,2572,88,1761
339,35,41,300,4631.0,3566.0,257.0,1272.0,3669,201,952
340,35,41,401,3045.0,2462.0,12.0,1257.0,2245,0,809
341,35,41,402,3904.0,2865.0,18.0,1283.0,2871,18,903
342,35,43,10503,3370.0,1593.0,24.0,2401.0,2529,12,1779
343,35,43,10601,4458.0,3911.0,1.0,1317.0,3563,1,1040
344,35,43,10602,3997.0,3357.0,41.0,1131.0,3415,41,846
345,35,43,10702,6864.0,5750.0,53.0,2198.0,5694,53,1704
346,35,43,10703,9613.0,7909.0,339.0,3832.0,7150,285,2614
347,35,43,10705,5563.0,4628.0,78.0,2254.0,4214,78,1537
348,35,43,10712,5368.0,4266.0,153.0,2267.0,3896,140,1516
349,35,43,10713,5220.0,3912.0,89.0,2495.0,3885,89,1657
350,35,43,10714,5005.0,4334.0,203.0,1544.0,3645,131,956
351,35,43,10715,3452.0,2924.0,141.0,1019.0,2953,106,741
352,35,43,10716,6143.0,5537.0,104.0,1603.0,5356,59,1393
353,35,43,10717,9462.0,7397.0,38.0,3788.0,6661,38,2438
354,35,43,10718,5098.0,4068.0,29.0,1962.0,3683,22,1306
355,35,43,10719,3867.0,3272.0,48.0,1722.0,3197,5,1392
356,35,43,10720,8621.0,6780.0,625.0,3272.0,6071,329,2243
357,35,43,10721,4388.0,3041.0,300.0,1841.0,3169,192,1371
358,35,43,10722,5380.0,3879.0,184.0,2533.0,3707,184,1429
359,35,43,10723,10984.0,7934.0,1061.0,5587.0,6761,272,2916
360,35,43,10900,1922.0,1089.0,22.0,1120.0,1507,22,817
361,35,43,11000,1970.0,963.0,28.0,661.0,1527,20,484
362,35,43,11100,6636.0,5050.0,24.0,1224.0,5730,24,931
363,35,43,11200,2733.0,1403.0,0.0,455.0,2070,0,320
364,35,43,940200,3578.0,190.0,0.0,215.0,2621,0,162
365,35,43,940300,0.0,0.0,0.0,0.0,0,0,0
366,35,43,940500,4196.0,1751.0,45.0,3320.0,3150,37,2450
367,35,43,940600,1983.0,15.0,8.0,5.0,1443,4,5
368,35,43,940700,4442.0,636.0,0.0,531.0,3102,0,453
369,35,43,940900,2325.0,19.0,0.0,60.0,1531,0,35
370,35,45,100,4323.0,2254.0,0.0,1637.0,3188,0,1130
371,35,45,201,4700.0,4113.0,55.0,903.0,3409,34,547
372,35,45,202,5164.0,4263.0,64.0,771.0,3779,64,407
373,35,45,204,2347.0,1678.0,12.0,673.0,1649,12,423
374,35,45,205,6564.0,3805.0,0.0,2117.0,4317,0,1147
375,35,45,301,4284.0,2791.0,161.0,487.0,3161,96,376
376,35,45,302,3313.0,2749.0,0.0,525.0,2489,0,260
377,35,45,401,5487.0,4049.0,67.0,1284.0,4078,47,728
378,35,45,402,3052.0,1405.0,33.0,488.0,2420,33,413
379,35,45,503,3426.0,1116.0,35.0,1048.0,2193,21,496
380,35,45,504,1986.0,1034.0,72.0,172.0,1452,0,166
381,35,45,505,5925.0,1938.0,0.0,739.0,4217,0,358
382,35,45,607,4089.0,2077.0,14.0,1084.0,3155,14,716
383,35,45,608,5780.0,4468.0,37.0,670.0,4337,37,414
384,35,45,609,1341.0,1237.0,5.0,300.0,972,5,234
385,35,45,610,3907.0,3159.0,0.0,1024.0,3009,0,592
386,35,45,611,3612.0,3123.0,9.0,454.0,2846,9,362
387,35,45,612,2350.0,1938.0,0.0,546.0,1645,0,347
388,35,45,613,3993.0,3131.0,0.0,1091.0,2940,0,687
389,35,45,702,929.0,824.0,0.0,307.0,737,0,237
390,35,45,705,3506.0,2393.0,5.0,1227.0,2477,0,842
391,35,45,706,3176.0,2409.0,0.0,1685.0,2504,0,1217
392,35,45,707,4647.0,2526.0,42.0,1351.0,3353,42,878
393,35,45,708,5124.0,2916.0,7.0,1736.0,3422,0,1048
394,35,45,900,2198.0,1573.0,5.0,987.0,1736,5,688
395,35,45,942801,2615.0,43.0,22.0,6.0,1987,14,6
396,35,45,942802,6409.0,274.0,5.0,96.0,4545,5,21
397,35,45,942803,2764.0,38.0,13.0,15.0,1685,0,0
398,35,45,942900,4346.0,49.0,15.0,65.0,3184,15,36
399,35,45,943000,4724.0,47.0,13.0,158.0,3250,13,49
400,35,45,943100,1583.0,26.0,0.0,38.0,1197,0,12
401,35,45,943201,4879.0,870.0,0.0,307.0,3551,0,210
402,35,45,943300,2590.0,2127.0,0.0,513.0,1866,0,373
403,35,47,957200,4283.0,2361.0,84.0,3612.0,3013,42,2518
404,35,47,957300,3147.0,1897.0,202.0,1784.0,2610,142,1468
405,35,47,957400,4184.0,2861.0,24.0,3450.0,3504,6,2847
406,35,47,957500,4178.0,2630.0,65.0,2735.0,3264,20,2015
407,35,47,957600,5924.0,3073.0,93.0,4771.0,4627,18,3560
408,35,47,957700,2229.0,834.0,0.0,1722.0,1935,0,1564
409,35,47,957800,4723.0,2501.0,53.0,3986.0,3813,23,3130
410,35,49,101,3996.0,3670.0,55.0,677.0,3817,55,673
411,35,49,200,3823.0,3471.0,25.0,1041.0,3269,20,810
412,35,49,300,1326.0,1175.0,14.0,418.0,1230,14,387
413,35,49,400,331.0,322.0,4.0,69.0,325,4,63
414,35,49,500,2002.0,1899.0,33.0,359.0,1842,33,326
415,35,49,600,2262.0,2038.0,0.0,483.0,1898,0,366
416,35,49,700,1683.0,1335.0,43.0,503.0,1567,43,483
417,35,49,800,2927.0,2473.0,0.0,1408.0,2356,0,1051
418,35,49,900,3311.0,2856.0,0.0,1809.0,2854,0,1461
419,35,49,1001,2343.0,1961.0,18.0,745.0,2037,18,646
420,35,49,1002,3788.0,3242.0,19.0,2595.0,2779,19,1637
421,35,49,1102,3385.0,2888.0,51.0,1226.0,2797,47,892
422,35,49,1103,1973.0,1585.0,34.0,1077.0,1547,34,781
423,35,49,1105,2561.0,2101.0,29.0,1249.0,2187,29,1022
424,35,49,1106,3018.0,2672.0,0.0,2074.0,2291,0,1497
425,35,49,1107,4650.0,3999.0,15.0,2587.0,3711,15,1911
426,35,49,1202,5713.0,4253.0,135.0,4215.0,4133,103,2757
427,35,49,1203,2700.0,2269.0,0.0,1868.0,1945,0,1275
428,35,49,1204,5604.0,4201.0,30.0,4749.0,4344,30,3548
429,35,49,1205,5259.0,4315.0,19.0,4744.0,3687,19,3279
430,35,49,1301,1561.0,1117.0,3.0,923.0,1225,3,666
431,35,49,1302,2901.0,2244.0,52.0,2410.0,1997,44,1566
432,35,49,1303,7466.0,6158.0,131.0,5485.0,4911,44,3251
433,35,49,1304,805.0,552.0,0.0,700.0,589,0,484
434,35,49,10102,4335.0,3056.0,0.0,3539.0,3456,0,2754
435,35,49,10203,1274.0,1096.0,0.0,351.0,1159,0,316
436,35,49,10204,2244.0,2111.0,0.0,443.0,2064,0,378
437,35,49,10304,3122.0,2621.0,27.0,1469.0,2602,27,1116
438,35,49,10308,2459.0,1976.0,2.0,1884.0,1825,2,1302
439,35,49,10309,2360.0,2131.0,0.0,412.0,1830,0,326
440,35,49,10310,1215.0,1142.0,0.0,242.0,1080,0,226
441,35,49,10311,3749.0,3267.0,16.0,883.0,2987,16,603
442,35,49,10312,4363.0,4126.0,0.0,1136.0,3432,0,750
443,35,49,10314,2174.0,1876.0,30.0,1100.0,1687,30,778
444,35,49,10315,2876.0,2396.0,13.0,1255.0,2352,13,1006
445,35,49,10316,1370.0,1169.0,8.0,619.0,1170,8,497
446,35,49,10400,3302.0,2820.0,39.0,576.0,2936,39,412
447,35,49,10500,1731.0,1619.0,0.0,492.0,1524,0,387
448,35,49,10601,6130.0,5181.0,51.0,3886.0,4655,41,2698
449,35,49,10602,3159.0,2907.0,9.0,383.0,2795,9,357
450,35,49,10603,2260.0,1893.0,11.0,1216.0,1928,6,950
451,35,49,10700,5780.0,5348.0,121.0,716.0,5110,121,661
452,35,49,10800,2617.0,2501.0,0.0,1100.0,2167,0,831
453,35,49,10900,2617.0,2298.0,12.0,1527.0,2035,12,1060
454,35,49,940300,1970.0,1042.0,10.0,1070.0,1516,6,759
455,35,49,940400,1261.0,855.0,0.0,516.0,999,0,355
456,35,49,940500,1683.0,1033.0,7.0,1045.0,1283,7,795
457,35,49,940600,3673.0,2696.0,19.0,2575.0,2737,19,1809
458,35,49,940900,2962.0,1902.0,21.0,2514.0,2218,21,1848
459,35,49,980000,1034.0,601.0,43.0,768.0,1007,43,741
460,35,51,962200,3220.0,2954.0,0.0,911.0,2728,0,646
461,35,51,962300,3506.0,3154.0,53.0,980.0,2957,53,787
462,35,51,962401,2152.0,1999.0,0.0,314.0,1893,0,285
463,35,51,962402,2737.0,2508.0,0.0,1175.0,2198,0,738
464,35,53,940000,843.0,28.0,0.0,21.0,768,0,21
465,35,53,978100,5054.0,4256.0,41.0,2395.0,3795,41,1822
466,35,53,978200,1268.0,1078.0,0.0,395.0,1110,0,336
467,35,53,978301,3021.0,2637.0,5.0,2019.0,2360,5,1500
468,35,53,978302,3195.0,2705.0,8.0,1397.0,2418,8,890
469,35,53,978303,4113.0,3465.0,77.0,2371.0,2913,64,1638
470,35,55,940000,1832.0,1053.0,0.0,1512.0,1524,0,1258
471,35,55,940100,8796.0,5628.0,25.0,4355.0,7004,25,3180
472,35,55,952100,5174.0,3839.0,0.0,2603.0,4416,0,2042
473,35,55,952300,2584.0,1694.0,20.0,1452.0,2029,20,1017
474,35,55,952600,8575.0,6499.0,94.0,5446.0,6383,94,3826
475,35,55,952700,5982.0,4551.0,36.0,3140.0,5243,36,2671
476,35,57,963201,4047.0,3462.0,147.0,940.0,3294,147,643
477,35,57,963202,3375.0,2964.0,0.0,1413.0,2574,0,1065
478,35,57,963600,5814.0,5466.0,42.0,2577.0,4589,42,1857
479,35,57,963700,2617.0,2302.0,12.0,1514.0,1946,12,966
480,35,59,950200,4339.0,3432.0,123.0,1771.0,3500,74,1394
481,35,61,940300,1026.0,17.0,0.0,32.0,829,0,22
482,35,61,970101,4813.0,3041.0,0.0,3690.0,3019,0,2195
483,35,61,970102,6656.0,5228.0,110.0,3627.0,5420,32,2904
484,35,61,970200,3864.0,3070.0,0.0,1636.0,3028,0,1095
485,35,61,970301,7393.0,4581.0,0.0,5812.0,5119,0,3863
486,35,61,970302,3028.0,1959.0,64.0,1918.0,2221,46,1299
487,35,61,970303,6622.0,5426.0,0.0,4053.0,5404,0,3147
488,35,61,970401,4690.0,3809.0,64.0,2786.0,3454,64,2034
489,35,61,970404,5069.0,4370.0,182.0,3031.0,3741,182,1827
490,35,61,970405,3164.0,2297.0,66.0,1407.0,2381,66,974
491,35,61,970700,6207.0,4416.0,117.0,3501.0,4968,117,2560
492,35,61,970800,4854.0,4067.0,43.0,3210.0,3551,43,2222
493,35,61,970901,4899.0,3897.0,10.0,3266.0,3539,10,2326
494,35,61,970902,2185.0,1535.0,28.0,1421.0,1816,28,1173
495,35,61,971000,5189.0,4087.0,74.0,2394.0,3929,0,1684
496,35,61,971100,1441.0,1108.0,27.0,708.0,1003,21,438
497,35,61,971300,2037.0,1582.0,27.0,792.0,1570,27,648
498,35,61,971400,3160.0,2467.0,47.0,1877.0,2220,33,1247
