rn,state,cid,tract,pop,white,black,hispanic
0,51,1,90100,2930.0,2751.0,77.0,38.0
1,51,1,90200,6505.0,4809.0,1669.0,331.0
2,51,1,90300,2458.0,1808.0,522.0,164.0
3,51,1,90400,6328.0,3382.0,2459.0,1534.0
4,51,1,90500,2501.0,1722.0,749.0,237.0
5,51,1,90600,3584.0,2864.0,668.0,30.0
6,51,1,90700,4995.0,2952.0,1853.0,367.0
7,51,1,90800,3814.0,2233.0,1499.0,208.0
8,51,1,980100,0.0,0.0,0.0,0.0
9,51,1,980200,0.0,0.0,0.0,0.0
10,51,1,990100,0.0,0.0,0.0,0.0
11,51,3,10100,5423.0,4809.0,332.0,55.0
12,51,3,10201,4536.0,3575.0,528.0,519.0
13,51,3,10202,3155.0,2897.0,82.0,154.0
14,51,3,10300,8833.0,7201.0,430.0,386.0
15,51,3,10401,4516.0,3876.0,499.0,2.0
16,51,3,10402,3245.0,3067.0,123.0,95.0
17,51,3,10500,5238.0,4176.0,762.0,14.0
18,51,3,10601,5841.0,4742.0,649.0,274.0
19,51,3,10602,3341.0,2746.0,344.0,33.0
20,51,3,10700,5788.0,3709.0,1471.0,741.0
21,51,3,10800,4736.0,3383.0,786.0,289.0
22,51,3,10901,1835.0,1164.0,78.0,92.0
23,51,3,10902,3229.0,2061.0,296.0,210.0
24,51,3,10903,3838.0,2737.0,370.0,263.0
25,51,3,11000,6071.0,5603.0,246.0,84.0
26,51,3,11100,8077.0,7052.0,345.0,112.0
27,51,3,11201,3870.0,3627.0,37.0,233.0
28,51,3,11202,3361.0,2655.0,355.0,274.0
29,51,3,11301,5648.0,5262.0,302.0,58.0
30,51,3,11302,4267.0,3025.0,554.0,1395.0
31,51,3,11303,3749.0,3115.0,296.0,322.0
32,51,3,11400,4511.0,3577.0,773.0,246.0
33,51,5,70100,4079.0,3405.0,478.0,147.0
34,51,5,80100,2930.0,2808.0,95.0,0.0
35,51,5,80201,2691.0,2565.0,105.0,60.0
36,51,5,80202,2674.0,2530.0,144.0,13.0
37,51,5,80301,2211.0,2166.0,23.0,3.0
38,51,5,80302,1481.0,1430.0,5.0,9.0
39,51,7,930100,7289.0,5122.0,1917.0,130.0
40,51,7,930200,5488.0,4249.0,1191.0,0.0
41,51,9,10100,5040.0,4217.0,615.0,174.0
42,51,9,10200,7596.0,5831.0,1421.0,213.0
43,51,9,10300,3674.0,3192.0,315.0,26.0
44,51,9,10401,3697.0,2793.0,783.0,47.0
45,51,9,10402,3066.0,2331.0,477.0,80.0
46,51,9,10502,339.0,265.0,65.0,0.0
47,51,9,10503,2321.0,1666.0,570.0,118.0
48,51,9,10504,3534.0,2483.0,767.0,21.0
49,51,9,10600,2881.0,1923.0,900.0,8.0
50,51,11,40100,6542.0,4958.0,1454.0,69.0
51,51,11,40200,4486.0,3474.0,906.0,63.0
52,51,11,40300,4180.0,3355.0,725.0,53.0
53,51,13,100100,5083.0,4423.0,52.0,217.0
54,51,13,100200,6848.0,6296.0,39.0,434.0
55,51,13,100300,6017.0,5636.0,90.0,118.0
56,51,13,100400,3919.0,3666.0,17.0,381.0
57,51,13,100500,4799.0,3833.0,73.0,563.0
58,51,13,100600,3268.0,2647.0,249.0,485.0
59,51,13,100700,5680.0,4381.0,120.0,550.0
60,51,13,100800,1617.0,817.0,482.0,220.0
61,51,13,100900,4755.0,3864.0,191.0,539.0
62,51,13,101000,3274.0,2690.0,183.0,139.0
63,51,13,101100,5772.0,5238.0,4.0,234.0
64,51,13,101200,4405.0,3119.0,194.0,952.0
65,51,13,101300,6902.0,5551.0,66.0,494.0
66,51,13,101401,1355.0,1102.0,147.0,69.0
67,51,13,101402,3046.0,2352.0,91.0,204.0
68,51,13,101403,5515.0,4299.0,148.0,408.0
69,51,13,101404,4638.0,3467.0,182.0,520.0
70,51,13,101500,7394.0,6287.0,271.0,748.0
71,51,13,101601,1328.0,1077.0,14.0,208.0
72,51,13,101602,1674.0,1324.0,84.0,234.0
73,51,13,101603,3621.0,2655.0,377.0,226.0
74,51,13,101701,3490.0,2743.0,293.0,684.0
75,51,13,101702,4757.0,3291.0,162.0,659.0
76,51,13,101703,1984.0,1664.0,155.0,42.0
77,51,13,101801,2684.0,2132.0,23.0,143.0
78,51,13,101802,6818.0,4594.0,194.0,1380.0
79,51,13,101803,4070.0,3169.0,225.0,480.0
80,51,13,101900,3277.0,3010.0,46.0,223.0
81,51,13,102001,3240.0,1880.0,52.0,1666.0
82,51,13,102002,1479.0,932.0,93.0,168.0
83,51,13,102003,3979.0,2470.0,753.0,914.0
84,51,13,102100,2534.0,1713.0,133.0,379.0
85,51,13,102200,7730.0,2632.0,1747.0,3975.0
86,51,13,102301,1641.0,1320.0,176.0,257.0
87,51,13,102302,4230.0,2911.0,73.0,1626.0
88,51,13,102400,3321.0,2511.0,371.0,362.0
89,51,13,102500,5437.0,3921.0,810.0,505.0
90,51,13,102600,3428.0,1980.0,297.0,1067.0
91,51,13,102701,3812.0,1284.0,1006.0,1620.0
92,51,13,102702,2246.0,1441.0,223.0,756.0
93,51,13,102801,8329.0,4052.0,1501.0,2978.0
94,51,13,102802,1317.0,1145.0,76.0,181.0
95,51,13,102901,2697.0,2325.0,98.0,191.0
96,51,13,102902,4373.0,3203.0,237.0,743.0
97,51,13,103000,3326.0,3010.0,99.0,340.0
98,51,13,103100,6823.0,3030.0,2632.0,1870.0
99,51,13,103200,5519.0,3335.0,633.0,761.0
100,51,13,103300,2331.0,1041.0,937.0,140.0
101,51,13,103401,1020.0,818.0,136.0,50.0
102,51,13,103402,5483.0,3682.0,420.0,215.0
103,51,13,103501,3087.0,2083.0,81.0,207.0
104,51,13,103502,3503.0,2331.0,570.0,368.0
105,51,13,103503,3426.0,2419.0,382.0,294.0
106,51,13,103601,2528.0,2226.0,16.0,108.0
107,51,13,103602,1363.0,768.0,33.0,69.0
108,51,13,103700,2596.0,2341.0,48.0,354.0
109,51,13,103800,5133.0,3221.0,1131.0,911.0
110,51,13,980100,16.0,16.0,0.0,0.0
111,51,13,980200,8.0,8.0,0.0,0.0
112,51,15,70100,5089.0,3738.0,1157.0,173.0
113,51,15,70200,3442.0,3190.0,30.0,240.0
114,51,15,70300,6406.0,6074.0,86.0,210.0
115,51,15,70400,5308.0,5105.0,124.0,94.0
116,51,15,70500,5641.0,5518.0,23.0,48.0
117,51,15,70600,9300.0,8463.0,397.0,239.0
118,51,15,70700,6237.0,5861.0,209.0,58.0
119,51,15,70800,5963.0,5714.0,92.0,10.0
120,51,15,70900,4731.0,4421.0,232.0,84.0
121,51,15,71000,5562.0,5326.0,187.0,58.0
122,51,15,71101,4503.0,4144.0,161.0,191.0
123,51,15,71102,5886.0,5782.0,82.0,97.0
124,51,15,71200,5985.0,5606.0,216.0,247.0
125,51,17,920100,4583.0,4310.0,157.0,159.0
126,51,19,30101,6547.0,6221.0,216.0,85.0
127,51,19,30103,6354.0,5675.0,170.0,37.0
128,51,19,30104,4302.0,3901.0,262.0,89.0
129,51,19,30201,8713.0,8098.0,428.0,257.0
130,51,19,30202,5799.0,5280.0,353.0,237.0
131,51,19,30300,3454.0,3171.0,210.0,2.0
132,51,19,30401,3002.0,2630.0,256.0,44.0
133,51,19,30402,6962.0,5801.0,929.0,89.0
134,51,19,30501,5013.0,4453.0,406.0,154.0
135,51,19,30503,2262.0,2212.0,22.0,48.0
136,51,19,30504,2243.0,2132.0,111.0,14.0
137,51,19,30601,3396.0,3222.0,113.0,109.0
138,51,19,30602,3815.0,3725.0,0.0,53.0
139,51,19,30603,2762.0,2593.0,33.0,83.0
140,51,19,30604,2922.0,2840.0,0.0,56.0
141,51,19,30605,2705.0,2649.0,50.0,32.0
142,51,19,50100,6212.0,4232.0,1885.0,72.0
143,51,21,40100,4077.0,3719.0,335.0,73.0
144,51,21,40200,2585.0,2558.0,0.0,15.0
145,51,23,40100,3456.0,3084.0,337.0,70.0
146,51,23,40200,4061.0,3881.0,101.0,7.0
147,51,23,40301,3024.0,2710.0,192.0,15.0
148,51,23,40302,7504.0,7314.0,101.0,60.0
149,51,23,40401,2334.0,2194.0,70.0,48.0
150,51,23,40402,5019.0,4595.0,189.0,253.0
151,51,23,40501,6429.0,6120.0,119.0,0.0
152,51,23,40502,1328.0,1271.0,37.0,14.0
153,51,25,930100,3660.0,1385.0,2133.0,15.0
154,51,25,930201,2271.0,581.0,1603.0,32.0
155,51,25,930202,1613.0,333.0,1204.0,62.0
156,51,25,930203,4328.0,1502.0,2766.0,205.0
157,51,25,930300,5058.0,3293.0,1738.0,12.0
158,51,27,10100,4807.0,4627.0,131.0,26.0
159,51,27,10200,3208.0,3147.0,0.0,0.0
160,51,27,10300,3166.0,3152.0,0.0,19.0
161,51,27,10400,2431.0,2324.0,75.0,0.0
162,51,27,10500,1510.0,1374.0,0.0,0.0
163,51,27,10600,4150.0,3659.0,421.0,29.0
164,51,27,10700,4214.0,4164.0,0.0,0.0
165,51,29,930101,4283.0,2981.0,1158.0,108.0
166,51,29,930102,2924.0,1394.0,1520.0,12.0
167,51,29,930201,5338.0,2891.0,2223.0,85.0
168,51,29,930202,4523.0,3239.0,982.0,162.0
169,51,31,20101,5811.0,4379.0,1161.0,357.0
170,51,31,20102,4366.0,3910.0,294.0,19.0
171,51,31,20200,4590.0,3928.0,497.0,0.0
172,51,31,20300,4122.0,3490.0,135.0,59.0
173,51,31,20401,5539.0,4554.0,698.0,134.0
174,51,31,20402,2928.0,2661.0,188.0,5.0
175,51,31,20403,5889.0,5351.0,488.0,110.0
176,51,31,20500,7497.0,6197.0,1180.0,98.0
177,51,31,20600,3661.0,3259.0,230.0,100.0
178,51,31,20700,3464.0,2361.0,894.0,123.0
179,51,31,20800,3300.0,2441.0,705.0,26.0
180,51,31,20900,3845.0,2469.0,1220.0,23.0
181,51,33,30100,5350.0,3622.0,1325.0,507.0
182,51,33,30201,2690.0,1649.0,940.0,60.0
183,51,33,30202,1601.0,1176.0,367.0,0.0
184,51,33,30300,3161.0,2150.0,813.0,94.0
185,51,33,30400,1709.0,1273.0,340.0,29.0
186,51,33,30500,11896.0,8093.0,3393.0,425.0
187,51,33,30600,2942.0,1425.0,1409.0,48.0
188,51,35,80100,3694.0,3694.0,0.0,137.0
189,51,35,80200,4523.0,4500.0,11.0,13.0
190,51,35,80300,4810.0,4727.0,47.0,255.0
191,51,35,80400,5386.0,5191.0,103.0,198.0
192,51,35,80500,4666.0,4504.0,34.0,160.0
193,51,35,80601,2073.0,2049.0,0.0,5.0
194,51,35,80602,4704.0,4520.0,82.0,108.0
195,51,36,600100,2859.0,1425.0,1225.0,59.0
196,51,36,600200,2383.0,692.0,1230.0,31.0
197,51,36,600300,1876.0,875.0,977.0,29.0
198,51,37,930100,5372.0,3456.0,1816.0,20.0
199,51,37,930200,2963.0,1964.0,955.0,50.0
200,51,37,930300,3978.0,2830.0,1105.0,21.0
201,51,41,100106,3092.0,2648.0,216.0,175.0
202,51,41,100107,2029.0,1006.0,787.0,251.0
203,51,41,100205,8135.0,2813.0,3801.0,2460.0
204,51,41,100206,5011.0,2778.0,1745.0,628.0
205,51,41,100208,2642.0,2164.0,211.0,196.0
206,51,41,100209,6227.0,3980.0,1920.0,454.0
207,51,41,100210,1534.0,759.0,606.0,117.0
208,51,41,100300,2287.0,1394.0,645.0,597.0
209,51,41,100403,5669.0,3750.0,1038.0,482.0
210,51,41,100404,2493.0,1737.0,395.0,1369.0
211,51,41,100405,2545.0,1522.0,525.0,1208.0
212,51,41,100406,1175.0,455.0,536.0,181.0
213,51,41,100407,3177.0,1968.0,856.0,361.0
214,51,41,100409,6712.0,5384.0,910.0,474.0
215,51,41,100410,2017.0,1046.0,865.0,29.0
216,51,41,100505,5357.0,3672.0,1474.0,186.0
217,51,41,100506,7026.0,4510.0,1851.0,1117.0
218,51,41,100507,6361.0,4241.0,1753.0,292.0
219,51,41,100508,5085.0,2737.0,1978.0,159.0
220,51,41,100509,6928.0,4963.0,1595.0,334.0
221,51,41,100510,3726.0,2568.0,744.0,327.0
222,51,41,100600,3285.0,303.0,2931.0,122.0
223,51,41,100701,5067.0,2501.0,2423.0,359.0
224,51,41,100702,1978.0,1175.0,726.0,90.0
225,51,41,100703,7667.0,6167.0,1359.0,208.0
226,51,41,100804,4409.0,1844.0,1838.0,157.0
227,51,41,100805,6079.0,2277.0,3086.0,1165.0
228,51,41,100806,3542.0,1215.0,1740.0,681.0
229,51,41,100807,1516.0,993.0,425.0,228.0
230,51,41,100812,5857.0,4166.0,1110.0,702.0
231,51,41,100814,3775.0,2224.0,920.0,702.0
232,51,41,100815,3969.0,2578.0,973.0,70.0
233,51,41,100816,4908.0,3449.0,1115.0,315.0
234,51,41,100817,3595.0,2021.0,1206.0,324.0
235,51,41,100818,4021.0,1702.0,1931.0,279.0
236,51,41,100819,6892.0,2456.0,4090.0,1071.0
237,51,41,100820,2992.0,834.0,1665.0,293.0
238,51,41,100821,4818.0,3904.0,774.0,123.0
239,51,41,100822,4778.0,4066.0,579.0,74.0
240,51,41,100823,5724.0,4006.0,1487.0,233.0
241,51,41,100902,3894.0,3627.0,140.0,39.0
242,51,41,100907,2784.0,2285.0,257.0,510.0
243,51,41,100910,5408.0,3643.0,1302.0,316.0
244,51,41,100912,6477.0,5311.0,836.0,119.0
245,51,41,100915,4051.0,2898.0,692.0,167.0
246,51,41,100919,6883.0,5212.0,787.0,665.0
247,51,41,100920,1134.0,804.0,135.0,150.0
248,51,41,100921,6591.0,4624.0,1329.0,553.0
249,51,41,100922,5144.0,3004.0,1394.0,483.0
250,51,41,100923,2350.0,1428.0,843.0,180.0
251,51,41,100924,4486.0,3997.0,192.0,136.0
252,51,41,100926,6013.0,5061.0,348.0,208.0
253,51,41,100927,8096.0,6262.0,612.0,331.0
254,51,41,100928,5865.0,4540.0,780.0,255.0
255,51,41,100929,6803.0,5557.0,624.0,212.0
256,51,41,100930,3401.0,2936.0,358.0,68.0
257,51,41,100931,5640.0,4742.0,551.0,120.0
258,51,41,100932,3832.0,2913.0,448.0,113.0
259,51,41,100933,2624.0,1816.0,682.0,188.0
260,51,41,100934,7656.0,4336.0,2309.0,369.0
261,51,41,100935,3800.0,3504.0,60.0,22.0
262,51,41,100936,3950.0,3710.0,130.0,87.0
263,51,41,101003,5750.0,4867.0,551.0,122.0
264,51,41,101004,4813.0,4125.0,416.0,72.0
265,51,41,101007,6231.0,5427.0,355.0,236.0
266,51,41,101008,4613.0,3929.0,373.0,38.0
267,51,41,101009,6006.0,4874.0,644.0,310.0
268,51,41,101010,7970.0,6813.0,910.0,71.0
269,51,41,101011,3206.0,2653.0,276.0,220.0
270,51,41,101012,5235.0,3822.0,924.0,446.0
271,51,41,101013,3370.0,2844.0,458.0,24.0
272,51,43,10100,8420.0,7199.0,596.0,403.0
273,51,43,10200,2873.0,2496.0,181.0,131.0
274,51,43,10300,3006.0,2993.0,7.0,47.0
275,51,45,50100,5212.0,5002.0,8.0,1.0
276,51,47,930101,4546.0,3811.0,400.0,516.0
277,51,47,930102,8090.0,7102.0,333.0,198.0
278,51,47,930201,7339.0,6192.0,940.0,719.0
279,51,47,930202,6201.0,5299.0,576.0,407.0
280,51,47,930300,6223.0,3553.0,1634.0,916.0
281,51,47,930400,5077.0,4040.0,634.0,464.0
282,51,47,930501,5372.0,3769.0,1360.0,407.0
283,51,47,930502,5576.0,3652.0,1072.0,740.0
284,51,49,930100,6259.0,4082.0,2022.0,0.0
285,51,49,930200,3600.0,2131.0,1246.0,12.0
286,51,51,40100,4554.0,4459.0,59.0,16.0
287,51,51,40200,2657.0,2531.0,61.0,67.0
288,51,51,40300,5077.0,5047.0,19.0,31.0
289,51,51,40400,3175.0,3175.0,0.0,4.0
290,51,53,840100,5630.0,4059.0,1503.0,10.0
291,51,53,840200,4490.0,3809.0,575.0,357.0
292,51,53,840300,6259.0,3322.0,2692.0,300.0
293,51,53,840400,1136.0,677.0,416.0,47.0
294,51,53,840500,3181.0,1983.0,1082.0,57.0
295,51,53,840600,7414.0,4275.0,2998.0,21.0
296,51,53,980100,0.0,0.0,0.0,0.0
297,51,57,950600,3609.0,1674.0,1787.0,0.0
298,51,57,950700,4107.0,2184.0,1826.0,7.0
299,51,57,950800,3435.0,2358.0,963.0,52.0
300,51,59,415100,3694.0,3123.0,125.0,616.0
301,51,59,415200,3027.0,2633.0,110.0,129.0
302,51,59,415300,3647.0,2446.0,279.0,975.0
303,51,59,415401,5869.0,3172.0,1552.0,2280.0
304,51,59,415402,2995.0,2009.0,603.0,298.0
305,51,59,415500,6067.0,4385.0,1249.0,662.0
306,51,59,415600,2776.0,2595.0,34.0,116.0
307,51,59,415700,3810.0,3479.0,81.0,243.0
308,51,59,415800,5004.0,4480.0,0.0,319.0
309,51,59,415900,3201.0,2377.0,162.0,532.0
310,51,59,416000,5725.0,3523.0,1216.0,1264.0
311,51,59,416100,3713.0,2990.0,276.0,214.0
312,51,59,416200,5367.0,3035.0,1225.0,950.0
313,51,59,416300,1983.0,1823.0,70.0,45.0
314,51,59,420100,3724.0,1942.0,646.0,1087.0
315,51,59,420201,4008.0,1903.0,811.0,569.0
316,51,59,420202,2068.0,1392.0,425.0,147.0
317,51,59,420203,2591.0,1838.0,309.0,197.0
318,51,59,420300,5744.0,3779.0,495.0,1108.0
319,51,59,420400,3370.0,1721.0,658.0,744.0
320,51,59,420501,1745.0,1248.0,374.0,112.0
321,51,59,420502,1920.0,1047.0,259.0,490.0
322,51,59,420503,3027.0,1693.0,842.0,678.0
323,51,59,420600,4491.0,2216.0,793.0,1110.0
324,51,59,420700,4199.0,3046.0,323.0,738.0
325,51,59,420800,4093.0,2447.0,609.0,1022.0
326,51,59,421001,2916.0,1539.0,515.0,637.0
327,51,59,421002,5008.0,2574.0,1097.0,484.0
328,51,59,421101,6354.0,3564.0,1284.0,608.0
329,51,59,421102,4221.0,2667.0,574.0,648.0
330,51,59,421103,5020.0,3192.0,865.0,290.0
331,51,59,421200,2093.0,1772.0,103.0,152.0
332,51,59,421300,3962.0,2800.0,381.0,539.0
333,51,59,421400,8796.0,2878.0,1350.0,3070.0
334,51,59,421500,6858.0,3243.0,1485.0,2776.0
335,51,59,421600,6486.0,2851.0,2123.0,3001.0
336,51,59,421701,5352.0,1907.0,1522.0,2425.0
337,51,59,421702,4236.0,1880.0,898.0,1481.0
338,51,59,421800,6392.0,2947.0,1935.0,1791.0
339,51,59,421900,3234.0,1933.0,804.0,506.0
340,51,59,422000,3805.0,2039.0,863.0,419.0
341,51,59,422101,6874.0,2806.0,1970.0,1393.0
342,51,59,422102,7111.0,2073.0,2690.0,993.0
343,51,59,422201,3463.0,1593.0,445.0,274.0
344,51,59,422202,5740.0,1940.0,1552.0,412.0
345,51,59,422301,3081.0,1929.0,510.0,362.0
346,51,59,422302,5394.0,3435.0,731.0,361.0
347,51,59,422401,2352.0,1416.0,447.0,150.0
348,51,59,422402,5182.0,3085.0,1220.0,583.0
349,51,59,422403,2618.0,2107.0,351.0,177.0
350,51,59,430101,4711.0,3845.0,91.0,400.0
351,51,59,430102,3013.0,1441.0,494.0,372.0
352,51,59,430201,4204.0,3096.0,124.0,364.0
353,51,59,430202,5237.0,3912.0,170.0,526.0
354,51,59,430203,2721.0,1917.0,90.0,189.0
355,51,59,430400,7127.0,4725.0,173.0,1250.0
356,51,59,430500,1747.0,1285.0,65.0,113.0
357,51,59,430600,7406.0,3612.0,405.0,3393.0
358,51,59,430700,3064.0,1696.0,251.0,866.0
359,51,59,430801,4590.0,3583.0,180.0,662.0
360,51,59,430802,4007.0,2958.0,455.0,800.0
361,51,59,430901,4312.0,2395.0,615.0,521.0
362,51,59,430902,3690.0,2235.0,180.0,504.0
363,51,59,431001,5069.0,3172.0,321.0,1175.0
364,51,59,431002,2097.0,942.0,475.0,168.0
365,51,59,431300,4233.0,3079.0,205.0,254.0
366,51,59,431400,4702.0,2776.0,551.0,424.0
367,51,59,431500,5286.0,4021.0,416.0,499.0
368,51,59,431600,7710.0,4719.0,829.0,665.0
369,51,59,431801,4291.0,3150.0,165.0,793.0
370,51,59,431802,3308.0,2279.0,130.0,454.0
371,51,59,431900,3083.0,2174.0,95.0,345.0
372,51,59,432000,3532.0,2382.0,402.0,438.0
373,51,59,432100,3682.0,2826.0,76.0,553.0
374,51,59,432201,2505.0,1384.0,265.0,561.0
375,51,59,432202,4798.0,3129.0,332.0,798.0
376,51,59,432300,5232.0,3691.0,82.0,807.0
377,51,59,432401,3720.0,2840.0,146.0,334.0
378,51,59,432402,5182.0,4102.0,293.0,595.0
379,51,59,432500,5498.0,4345.0,359.0,306.0
380,51,59,432600,4666.0,3443.0,365.0,570.0
381,51,59,432701,3312.0,2278.0,626.0,399.0
382,51,59,432702,4453.0,2413.0,909.0,917.0
383,51,59,432800,2289.0,1361.0,347.0,299.0
384,51,59,440100,7531.0,5686.0,73.0,647.0
385,51,59,440201,2612.0,1288.0,292.0,655.0
386,51,59,440202,6107.0,3607.0,737.0,655.0
387,51,59,440300,2776.0,2190.0,104.0,66.0
388,51,59,440501,5197.0,3784.0,43.0,593.0
389,51,59,440502,7774.0,4883.0,1579.0,530.0
390,51,59,440600,3184.0,2224.0,122.0,838.0
391,51,59,440701,3115.0,2335.0,90.0,390.0
392,51,59,440702,5712.0,4358.0,77.0,430.0
393,51,59,440800,6618.0,5015.0,262.0,844.0
394,51,59,450100,5231.0,3030.0,199.0,1302.0
395,51,59,450200,4488.0,2375.0,360.0,1928.0
396,51,59,450300,4775.0,2822.0,196.0,1563.0
397,51,59,450400,2854.0,2115.0,30.0,655.0
398,51,59,450500,3300.0,2003.0,136.0,1403.0
399,51,59,450601,4343.0,2629.0,28.0,815.0
400,51,59,450602,4430.0,2007.0,296.0,1742.0
401,51,59,450701,2989.0,1664.0,228.0,367.0
402,51,59,450702,4544.0,2571.0,322.0,2468.0
403,51,59,450800,3681.0,2194.0,201.0,713.0
404,51,59,450900,1702.0,1339.0,20.0,349.0
405,51,59,451000,2576.0,2011.0,81.0,413.0
406,51,59,451100,2309.0,1728.0,4.0,568.0
407,51,59,451200,1861.0,1521.0,49.0,155.0
408,51,59,451300,2468.0,1886.0,53.0,524.0
409,51,59,451400,3538.0,1829.0,192.0,2120.0
410,51,59,451501,5263.0,2607.0,627.0,1457.0
411,51,59,451502,5642.0,3111.0,1047.0,2001.0
412,51,59,451601,6420.0,2691.0,115.0,5132.0
413,51,59,451602,2699.0,1462.0,419.0,383.0
414,51,59,451800,3716.0,2497.0,105.0,1227.0
415,51,59,451900,5181.0,3341.0,512.0,1597.0
416,51,59,452000,2788.0,1594.0,263.0,430.0
417,51,59,452101,5256.0,2484.0,527.0,917.0
418,51,59,452102,3766.0,2006.0,137.0,1052.0
419,51,59,452200,7067.0,3815.0,613.0,2797.0
420,51,59,452301,3525.0,1746.0,280.0,923.0
421,51,59,452302,5067.0,2681.0,467.0,2523.0
422,51,59,452400,7039.0,3198.0,1024.0,1517.0
423,51,59,452501,3937.0,2379.0,284.0,1021.0
424,51,59,452502,5430.0,2061.0,1750.0,1858.0
425,51,59,452600,7109.0,3480.0,1289.0,2397.0
426,51,59,452700,5436.0,2279.0,1543.0,1615.0
427,51,59,452801,5955.0,3259.0,1504.0,799.0
428,51,59,452802,3118.0,2134.0,725.0,286.0
429,51,59,460100,4630.0,3237.0,77.0,223.0
430,51,59,460200,4264.0,3691.0,45.0,133.0
431,51,59,460300,2938.0,2576.0,7.0,120.0
432,51,59,460400,4900.0,3234.0,102.0,370.0
433,51,59,460501,2677.0,1885.0,40.0,148.0
434,51,59,460502,7768.0,4174.0,739.0,944.0
435,51,59,460600,4165.0,3161.0,176.0,293.0
436,51,59,460701,3516.0,2525.0,142.0,710.0
437,51,59,460702,4514.0,3642.0,156.0,278.0
438,51,59,460800,3285.0,2696.0,6.0,333.0
439,51,59,460900,2557.0,2010.0,10.0,116.0
440,51,59,461000,2469.0,1783.0,223.0,93.0
441,51,59,461100,7733.0,5899.0,62.0,1179.0
442,51,59,461201,4525.0,3801.0,181.0,278.0
443,51,59,461202,5736.0,2685.0,750.0,401.0
444,51,59,461500,6438.0,4064.0,700.0,610.0
445,51,59,461601,6649.0,4030.0,265.0,322.0
446,51,59,461602,4982.0,1937.0,204.0,720.0
447,51,59,461700,6855.0,3564.0,243.0,586.0
448,51,59,461801,1477.0,805.0,220.0,89.0
449,51,59,461802,5516.0,3538.0,259.0,645.0
450,51,59,461901,4200.0,2094.0,708.0,811.0
451,51,59,461902,1939.0,904.0,289.0,739.0
452,51,59,470100,2913.0,2359.0,72.0,263.0
453,51,59,470300,3298.0,2644.0,19.0,261.0
454,51,59,470400,4524.0,4004.0,37.0,312.0
455,51,59,470500,5620.0,4018.0,108.0,248.0
456,51,59,470600,2659.0,1953.0,13.0,86.0
457,51,59,470700,5716.0,4264.0,111.0,599.0
458,51,59,470800,3092.0,2209.0,174.0,165.0
459,51,59,470900,6891.0,5657.0,184.0,458.0
460,51,59,471000,2102.0,1631.0,10.0,73.0
461,51,59,471100,6872.0,4557.0,77.0,973.0
462,51,59,471201,3404.0,1940.0,359.0,281.0
463,51,59,471202,5077.0,3689.0,176.0,1100.0
464,51,59,471301,4560.0,2521.0,128.0,1445.0
465,51,59,471303,4261.0,2433.0,156.0,728.0
466,51,59,471304,1912.0,1623.0,56.0,88.0
467,51,59,471401,3945.0,2415.0,273.0,684.0
468,51,59,471402,3419.0,2004.0,226.0,1211.0
469,51,59,480100,4354.0,3663.0,109.0,139.0
470,51,59,480201,4500.0,3389.0,162.0,87.0
471,51,59,480202,3893.0,2336.0,91.0,145.0
472,51,59,480203,2281.0,1193.0,77.0,151.0
473,51,59,480300,7016.0,5553.0,44.0,250.0
474,51,59,480401,4269.0,2991.0,94.0,216.0
475,51,59,480402,6324.0,4389.0,98.0,460.0
476,51,59,480501,3450.0,2618.0,120.0,357.0
477,51,59,480502,5860.0,4739.0,168.0,637.0
478,51,59,480503,3436.0,2727.0,85.0,167.0
479,51,59,480504,2042.0,1809.0,25.0,86.0
480,51,59,480505,3289.0,2703.0,56.0,282.0
481,51,59,480801,5697.0,3184.0,643.0,2083.0
482,51,59,480802,3544.0,2000.0,274.0,605.0
483,51,59,480901,7416.0,3685.0,937.0,3247.0
484,51,59,480902,3534.0,2342.0,263.0,1267.0
485,51,59,480903,4193.0,2236.0,448.0,1631.0
486,51,59,481000,6327.0,2841.0,906.0,2224.0
487,51,59,481101,2485.0,716.0,195.0,268.0
488,51,59,481102,3598.0,1268.0,448.0,147.0
489,51,59,481103,3378.0,1351.0,518.0,401.0
490,51,59,481104,2896.0,932.0,276.0,155.0
491,51,59,481105,5365.0,2893.0,398.0,548.0
492,51,59,481106,5603.0,4188.0,178.0,355.0
493,51,59,481201,1240.0,938.0,58.0,76.0
494,51,59,481202,6467.0,3790.0,1056.0,2243.0
495,51,59,481400,6536.0,4915.0,498.0,466.0
496,51,59,481500,2289.0,1890.0,150.0,83.0
497,51,59,481600,3455.0,3160.0,0.0,190.0
498,51,59,481701,6185.0,5109.0,88.0,98.0
499,51,59,481702,4824.0,3476.0,122.0,665.0
500,51,59,481900,5900.0,4089.0,730.0,389.0
501,51,59,482001,4998.0,3928.0,239.0,179.0
502,51,59,482002,3580.0,3006.0,107.0,315.0
503,51,59,482100,3598.0,2467.0,527.0,706.0
504,51,59,482201,2622.0,1656.0,411.0,814.0
505,51,59,482202,3144.0,2284.0,175.0,277.0
506,51,59,482203,3941.0,3120.0,211.0,215.0
507,51,59,482301,4849.0,4132.0,221.0,430.0
508,51,59,482302,4393.0,2389.0,992.0,1450.0
509,51,59,482303,3508.0,3013.0,17.0,180.0
510,51,59,482400,2369.0,1966.0,40.0,169.0
511,51,59,482501,8781.0,3141.0,1983.0,1501.0
512,51,59,482502,3239.0,2190.0,59.0,211.0
513,51,59,482503,5154.0,3017.0,380.0,279.0
514,51,59,482504,5531.0,3863.0,190.0,513.0
515,51,59,482601,7432.0,4747.0,211.0,917.0
516,51,59,482602,7114.0,3648.0,554.0,228.0
517,51,59,490101,5299.0,3671.0,299.0,318.0
518,51,59,490103,5875.0,4372.0,341.0,1245.0
519,51,59,490501,2940.0,1643.0,91.0,369.0
520,51,59,490502,6347.0,4137.0,446.0,225.0
521,51,59,491000,2009.0,1531.0,52.0,73.0
522,51,59,491101,3792.0,2952.0,83.0,177.0
523,51,59,491102,3363.0,2426.0,208.0,290.0
524,51,59,491103,6808.0,3480.0,437.0,1173.0
525,51,59,491201,5900.0,3450.0,530.0,776.0
526,51,59,491202,1604.0,564.0,192.0,192.0
527,51,59,491301,6780.0,3482.0,799.0,1525.0
528,51,59,491302,3870.0,1870.0,255.0,686.0
529,51,59,491303,4473.0,1632.0,643.0,907.0
530,51,59,491401,5116.0,2432.0,320.0,756.0
531,51,59,491402,4782.0,2627.0,270.0,954.0
532,51,59,491403,4015.0,3075.0,39.0,453.0
533,51,59,491404,3824.0,2194.0,349.0,90.0
534,51,59,491405,2879.0,2330.0,67.0,153.0
535,51,59,491501,7437.0,2329.0,351.0,408.0
536,51,59,491502,6509.0,4331.0,282.0,437.0
537,51,59,491601,4622.0,2324.0,591.0,734.0
538,51,59,491602,5956.0,2995.0,415.0,1428.0
539,51,59,491701,3720.0,2556.0,211.0,411.0
540,51,59,491702,8115.0,4345.0,1301.0,1196.0
541,51,59,491703,4869.0,2275.0,772.0,531.0
542,51,59,491704,5286.0,3010.0,467.0,487.0
543,51,59,491705,3352.0,1318.0,240.0,180.0
544,51,59,491801,2352.0,948.0,544.0,149.0
545,51,59,491802,2924.0,2278.0,199.0,588.0
546,51,59,491803,6494.0,4296.0,483.0,769.0
547,51,59,492000,5996.0,4992.0,367.0,79.0
548,51,59,492100,6517.0,5520.0,171.0,147.0
549,51,59,492201,2882.0,2271.0,103.0,150.0
550,51,59,492202,6848.0,5195.0,392.0,349.0
551,51,59,492203,4151.0,3314.0,194.0,106.0
552,51,59,492300,3242.0,2146.0,228.0,518.0
553,51,59,492400,4639.0,2845.0,533.0,1034.0
554,51,59,492500,4226.0,3686.0,77.0,64.0
555,51,59,980100,0.0,0.0,0.0,0.0
556,51,59,980200,0.0,0.0,0.0,0.0
557,51,59,980300,0.0,0.0,0.0,0.0
558,51,61,930100,5303.0,4712.0,318.0,550.0
559,51,61,930203,2633.0,2231.0,190.0,31.0
560,51,61,930204,3358.0,2929.0,332.0,102.0
561,51,61,930205,1828.0,1548.0,249.0,43.0
562,51,61,930206,2212.0,1950.0,86.0,26.0
563,51,61,930207,1619.0,1365.0,139.0,108.0
564,51,61,930302,7562.0,6346.0,709.0,462.0
565,51,61,930303,3520.0,3198.0,195.0,76.0
566,51,61,930304,2621.0,2432.0,100.0,94.0
567,51,61,930401,5546.0,5023.0,239.0,235.0
568,51,61,930402,5904.0,5431.0,254.0,148.0
569,51,61,930403,6627.0,5696.0,610.0,561.0
570,51,61,930703,2831.0,2408.0,107.0,256.0
571,51,61,930704,4064.0,3454.0,374.0,99.0
572,51,61,930705,3674.0,3193.0,334.0,466.0
573,51,61,930706,5882.0,4910.0,612.0,1107.0
574,51,61,930707,2279.0,2055.0,151.0,347.0
575,51,63,920101,6471.0,6359.0,51.0,48.0
576,51,63,920102,3824.0,3457.0,288.0,38.0
577,51,63,920200,5228.0,5084.0,52.0,314.0
578,51,65,20101,6436.0,4770.0,1200.0,472.0
579,51,65,20102,9287.0,8367.0,405.0,236.0
580,51,65,20200,5447.0,3751.0,1503.0,89.0
581,51,65,20300,4844.0,4026.0,640.0,36.0
582,51,67,20101,5123.0,4836.0,92.0,21.0
583,51,67,20102,2688.0,2627.0,61.0,0.0
584,51,67,20200,5556.0,4940.0,346.0,619.0
585,51,67,20300,6538.0,6283.0,209.0,57.0
586,51,67,20400,5404.0,5234.0,137.0,0.0
587,51,67,20500,7753.0,7288.0,270.0,31.0
588,51,67,20600,3886.0,3455.0,309.0,69.0
589,51,67,20700,5109.0,4756.0,262.0,178.0
590,51,67,20800,6708.0,4329.0,2014.0,195.0
591,51,67,20900,7550.0,6427.0,1059.0,327.0
592,51,69,50100,4292.0,3978.0,217.0,208.0
593,51,69,50200,3980.0,3908.0,30.0,69.0
594,51,69,50300,6357.0,5733.0,384.0,155.0
595,51,69,50400,6463.0,6293.0,0.0,146.0
596,51,69,50500,5232.0,4956.0,83.0,305.0
597,51,69,50600,4538.0,4120.0,226.0,353.0
598,51,69,50700,2982.0,2722.0,145.0,196.0
599,51,69,50801,4062.0,3621.0,199.0,598.0
600,51,69,50802,7253.0,6747.0,245.0,606.0
601,51,69,50803,7179.0,6193.0,695.0,238.0
602,51,69,50900,4308.0,3624.0,424.0,520.0
603,51,69,51000,10196.0,9198.0,302.0,718.0
604,51,69,51101,7829.0,7160.0,254.0,727.0
605,51,69,51102,6669.0,5919.0,412.0,1038.0
606,51,71,930100,2131.0,1966.0,0.0,50.0
607,51,71,930200,3526.0,3294.0,192.0,96.0
608,51,71,930300,5491.0,5406.0,9.0,58.0
609,51,71,930400,5759.0,5580.0,62.0,0.0
610,51,73,100100,7828.0,6880.0,559.0,110.0
611,51,73,100201,5512.0,4977.0,282.0,130.0
612,51,73,100202,3683.0,3177.0,398.0,75.0
613,51,73,100203,4029.0,3250.0,579.0,37.0
614,51,73,100301,4959.0,4391.0,341.0,99.0
615,51,73,100302,5745.0,5078.0,564.0,284.0
616,51,73,100400,1428.0,1200.0,189.0,44.0
617,51,73,100500,3817.0,3506.0,147.0,333.0
618,51,75,400100,6953.0,6188.0,520.0,88.0
619,51,75,400200,3981.0,3236.0,577.0,152.0
620,51,75,400300,1309.0,566.0,668.0,7.0
621,51,75,400400,5346.0,3965.0,1381.0,21.0
622,51,75,400500,4132.0,3158.0,723.0,231.0
623,51,77,60101,2815.0,2703.0,39.0,43.0
624,51,77,60102,4461.0,4224.0,69.0,175.0
625,51,77,60201,3011.0,2861.0,124.0,202.0
626,51,77,60202,3201.0,2958.0,187.0,18.0
627,51,77,60300,2085.0,2055.0,8.0,19.0
628,51,79,30101,3826.0,3313.0,387.0,35.0
629,51,79,30102,5568.0,5286.0,200.0,168.0
630,51,79,30200,9544.0,8151.0,660.0,717.0
631,51,81,880101,3768.0,1729.0,1994.0,57.0
632,51,81,880102,4026.0,1303.0,2514.0,243.0
633,51,81,880200,3966.0,1614.0,2318.0,152.0
634,51,83,930100,2417.0,1352.0,1064.0,20.0
635,51,83,930201,4975.0,3303.0,1567.0,42.0
636,51,83,930202,2537.0,937.0,1590.0,10.0
637,51,83,930301,2606.0,1822.0,768.0,70.0
638,51,83,930302,4657.0,2860.0,1560.0,36.0
639,51,83,930400,3733.0,2917.0,606.0,183.0
640,51,83,930500,3966.0,2864.0,1022.0,69.0
641,51,83,930600,6166.0,2962.0,2973.0,236.0
642,51,83,930800,4449.0,2462.0,1961.0,5.0
643,51,85,320100,6113.0,5419.0,494.0,91.0
644,51,85,320200,6187.0,5177.0,967.0,83.0
645,51,85,320300,4071.0,3375.0,524.0,26.0
646,51,85,320400,4624.0,3980.0,368.0,53.0
647,51,85,320500,3045.0,2804.0,126.0,18.0
648,51,85,320601,4282.0,2971.0,959.0,198.0
649,51,85,320602,3146.0,2353.0,539.0,269.0
650,51,85,320701,3124.0,2846.0,112.0,57.0
651,51,85,320702,2901.0,2410.0,368.0,50.0
652,51,85,320801,2448.0,2109.0,329.0,4.0
653,51,85,320803,5477.0,5137.0,209.0,128.0
654,51,85,320804,5280.0,4660.0,304.0,105.0
655,51,85,320805,2944.0,2740.0,98.0,51.0
656,51,85,320900,7829.0,7027.0,545.0,181.0
657,51,85,321001,3401.0,2921.0,419.0,75.0
658,51,85,321002,7803.0,6248.0,958.0,483.0
659,51,85,321100,5645.0,5327.0,162.0,232.0
660,51,85,321201,4594.0,4299.0,202.0,87.0
661,51,85,321202,3785.0,2767.0,784.0,32.0
662,51,85,321300,6236.0,5239.0,512.0,193.0
663,51,85,321401,2182.0,2109.0,52.0,22.0
664,51,85,321402,3363.0,2934.0,303.0,60.0
665,51,85,321403,2860.0,2747.0,90.0,34.0
666,51,87,200104,5661.0,3998.0,1135.0,374.0
667,51,87,200105,7230.0,5029.0,477.0,1425.0
668,51,87,200106,4959.0,3631.0,840.0,437.0
669,51,87,200107,8190.0,6398.0,901.0,630.0
670,51,87,200108,2829.0,2658.0,29.0,13.0
671,51,87,200109,3879.0,3796.0,26.0,23.0
672,51,87,200112,4927.0,3926.0,717.0,68.0
673,51,87,200116,5326.0,4518.0,450.0,484.0
674,51,87,200119,9224.0,5683.0,974.0,342.0
675,51,87,200120,7518.0,6138.0,297.0,50.0
676,51,87,200121,7249.0,6040.0,259.0,149.0
677,51,87,200122,4587.0,3476.0,321.0,86.0
678,51,87,200123,3401.0,1919.0,1087.0,202.0
679,51,87,200124,4497.0,3818.0,309.0,134.0
680,51,87,200125,4035.0,1651.0,914.0,197.0
681,51,87,200126,3464.0,1680.0,546.0,279.0
682,51,87,200127,5979.0,4653.0,444.0,105.0
683,51,87,200128,5107.0,3137.0,652.0,84.0
684,51,87,200129,13613.0,8781.0,1013.0,327.0
685,51,87,200130,6994.0,6005.0,65.0,376.0
686,51,87,200201,2681.0,2337.0,118.0,75.0
687,51,87,200202,3986.0,3912.0,0.0,45.0
688,51,87,200301,1231.0,1108.0,60.0,53.0
689,51,87,200302,3120.0,2656.0,220.0,233.0
690,51,87,200303,3389.0,2490.0,440.0,243.0
691,51,87,200305,4140.0,2699.0,425.0,183.0
692,51,87,200404,3402.0,2145.0,676.0,629.0
693,51,87,200406,9212.0,6605.0,1309.0,347.0
694,51,87,200407,5465.0,3783.0,708.0,346.0
695,51,87,200409,2492.0,998.0,1059.0,442.0
696,51,87,200410,5096.0,2927.0,1550.0,1280.0
697,51,87,200411,5125.0,2847.0,1641.0,362.0
698,51,87,200412,1912.0,864.0,831.0,256.0
699,51,87,200413,5141.0,3876.0,376.0,65.0
700,51,87,200414,5989.0,4209.0,573.0,490.0
701,51,87,200501,2252.0,1238.0,436.0,431.0
702,51,87,200502,2064.0,1588.0,179.0,174.0
703,51,87,200503,4240.0,3205.0,540.0,419.0
704,51,87,200600,5112.0,3971.0,859.0,867.0
705,51,87,200700,3975.0,2726.0,1196.0,293.0
706,51,87,200801,3274.0,2000.0,1102.0,394.0
707,51,87,200802,2019.0,1297.0,605.0,65.0
708,51,87,200804,5583.0,522.0,4504.0,306.0
709,51,87,200805,4566.0,210.0,4334.0,0.0
710,51,87,200903,7046.0,4528.0,1755.0,362.0
711,51,87,200904,6809.0,2571.0,3664.0,182.0
712,51,87,200905,4981.0,1838.0,2726.0,251.0
713,51,87,200906,4675.0,3428.0,885.0,65.0
714,51,87,201001,6840.0,937.0,5350.0,331.0
715,51,87,201002,2894.0,582.0,1908.0,93.0
716,51,87,201003,4999.0,270.0,4614.0,11.0
717,51,87,201101,6021.0,909.0,4765.0,182.0
718,51,87,201102,4346.0,1264.0,2829.0,118.0
719,51,87,201201,7110.0,2591.0,4179.0,226.0
720,51,87,201202,6086.0,1288.0,4677.0,228.0
721,51,87,201401,4744.0,1268.0,3295.0,186.0
722,51,87,201403,6231.0,2617.0,3549.0,90.0
723,51,87,201404,4144.0,3403.0,651.0,45.0
724,51,87,201501,11057.0,1920.0,8602.0,449.0
725,51,87,201502,5338.0,2731.0,2337.0,107.0
726,51,87,201601,2856.0,2043.0,737.0,0.0
727,51,87,201602,4845.0,2802.0,1690.0,129.0
728,51,87,201701,3707.0,2697.0,835.0,29.0
729,51,87,980100,0.0,0.0,0.0,0.0
730,51,89,10100,3789.0,2905.0,588.0,358.0
731,51,89,10200,5637.0,3950.0,1585.0,7.0
732,51,89,10300,5639.0,3630.0,1948.0,358.0
733,51,89,10400,3506.0,2008.0,1114.0,599.0
734,51,89,10500,3894.0,2794.0,801.0,288.0
735,51,89,10601,2703.0,2316.0,297.0,0.0
736,51,89,10602,3998.0,3159.0,589.0,227.0
737,51,89,10700,3483.0,2525.0,884.0,35.0
738,51,89,10800,2083.0,1047.0,934.0,134.0
739,51,89,10900,2343.0,1840.0,422.0,76.0
740,51,89,11000,5373.0,3723.0,1376.0,172.0
741,51,89,11100,2785.0,2485.0,295.0,148.0
742,51,89,11200,3466.0,3002.0,195.0,246.0
743,51,89,11300,3881.0,3176.0,687.0,77.0
744,51,91,970100,2244.0,2233.0,0.0,0.0
745,51,93,280101,3863.0,2485.0,1208.0,37.0
746,51,93,280103,7124.0,5343.0,1042.0,504.0
747,51,93,280104,4489.0,3692.0,632.0,162.0
748,51,93,280105,4140.0,2102.0,1931.0,42.0
749,51,93,280106,2800.0,2070.0,705.0,72.0
750,51,93,280200,4077.0,2846.0,1125.0,63.0
751,51,93,280300,5374.0,3901.0,933.0,0.0
752,51,93,280400,3873.0,3230.0,564.0,19.0
753,51,95,80101,5718.0,4666.0,480.0,116.0
754,51,95,80102,4022.0,2136.0,1466.0,527.0
755,51,95,80202,5433.0,4334.0,795.0,176.0
756,51,95,80203,3589.0,3019.0,295.0,86.0
757,51,95,80205,3767.0,2377.0,1009.0,368.0
758,51,95,80206,10452.0,9013.0,839.0,433.0
759,51,95,80301,8915.0,6660.0,1823.0,603.0
760,51,95,80303,7995.0,7058.0,353.0,276.0
761,51,95,80304,5902.0,5573.0,145.0,94.0
762,51,95,80401,7693.0,6455.0,998.0,742.0
763,51,95,80402,7187.0,5449.0,1368.0,280.0
764,51,97,950400,4107.0,2512.0,1290.0,186.0
765,51,97,950500,2999.0,2378.0,596.0,49.0
766,51,99,40100,5611.0,3705.0,1183.0,571.0
767,51,99,40200,4092.0,3364.0,557.0,0.0
768,51,99,40300,8114.0,6529.0,1363.0,313.0
769,51,99,40400,4326.0,3260.0,877.0,74.0
770,51,99,40500,2790.0,2250.0,496.0,92.0
771,51,101,950101,4024.0,2871.0,980.0,96.0
772,51,101,950102,6238.0,4961.0,1151.0,0.0
773,51,101,950200,2444.0,1496.0,803.0,9.0
774,51,101,950300,3391.0,2990.0,212.0,21.0
775,51,103,30100,3612.0,2252.0,1255.0,124.0
776,51,103,30200,3899.0,2477.0,1372.0,21.0
777,51,103,30300,3618.0,3036.0,491.0,29.0
778,51,105,950100,3151.0,3151.0,0.0,13.0
779,51,105,950200,4245.0,4077.0,8.0,10.0
780,51,105,950300,4867.0,3785.0,786.0,381.0
781,51,105,950400,3156.0,3145.0,0.0,0.0
782,51,105,950500,5383.0,5128.0,157.0,20.0
783,51,105,950600,4404.0,4391.0,13.0,20.0
784,51,107,610101,4255.0,3926.0,41.0,211.0
785,51,107,610102,3560.0,3357.0,84.0,184.0
786,51,107,610201,4748.0,4374.0,43.0,211.0
787,51,107,610202,4787.0,4347.0,64.0,356.0
788,51,107,610300,7473.0,6666.0,221.0,590.0
789,51,107,610400,5034.0,4200.0,214.0,667.0
790,51,107,610503,7625.0,5046.0,746.0,598.0
791,51,107,610504,7610.0,5937.0,597.0,1439.0
792,51,107,610505,5959.0,4199.0,278.0,3179.0
793,51,107,610506,6172.0,3357.0,691.0,1624.0
794,51,107,610507,6718.0,5209.0,488.0,292.0
795,51,107,610601,7624.0,6587.0,602.0,677.0
796,51,107,610602,2433.0,1888.0,83.0,202.0
797,51,107,610603,2887.0,2332.0,297.0,449.0
798,51,107,610604,7769.0,5932.0,545.0,812.0
799,51,107,610701,5287.0,5023.0,68.0,534.0
800,51,107,610702,6562.0,5804.0,308.0,612.0
801,51,107,610703,4557.0,4023.0,142.0,319.0
802,51,107,610800,5043.0,4631.0,267.0,251.0
803,51,107,610900,2280.0,1796.0,361.0,104.0
804,51,107,611002,5195.0,2468.0,463.0,1399.0
805,51,107,611004,8089.0,5775.0,570.0,792.0
806,51,107,611005,5674.0,4182.0,626.0,375.0
807,51,107,611006,5625.0,3705.0,425.0,612.0
808,51,107,611009,5072.0,3504.0,362.0,529.0
809,51,107,611010,1462.0,1248.0,143.0,9.0
810,51,107,611011,3707.0,1908.0,749.0,383.0
811,51,107,611012,4658.0,3019.0,339.0,241.0
812,51,107,611013,4185.0,2769.0,245.0,454.0
813,51,107,611014,5727.0,4266.0,576.0,1300.0
814,51,107,611015,2315.0,1276.0,187.0,576.0
815,51,107,611016,3022.0,2379.0,257.0,329.0
816,51,107,611017,3022.0,2049.0,233.0,160.0
817,51,107,611018,2530.0,1440.0,433.0,351.0
818,51,107,611019,6160.0,4311.0,351.0,467.0
819,51,107,611020,5819.0,3202.0,899.0,611.0
820,51,107,611021,7421.0,3400.0,465.0,685.0
821,51,107,611022,6506.0,3605.0,569.0,401.0
822,51,107,611023,6151.0,4737.0,263.0,553.0
823,51,107,611024,6548.0,5057.0,286.0,204.0
824,51,107,611025,8786.0,5334.0,710.0,534.0
825,51,107,611101,4210.0,2941.0,374.0,524.0
826,51,107,611102,6275.0,5099.0,359.0,676.0
827,51,107,611202,4735.0,3638.0,468.0,286.0
828,51,107,611204,5972.0,3740.0,608.0,1913.0
829,51,107,611205,6124.0,3144.0,609.0,1327.0
830,51,107,611206,4186.0,2882.0,180.0,627.0
831,51,107,611207,4398.0,3017.0,303.0,373.0
832,51,107,611208,4610.0,2800.0,390.0,376.0
833,51,107,611209,6786.0,5227.0,150.0,510.0
834,51,107,611300,5934.0,3012.0,724.0,2117.0
835,51,107,611400,5515.0,3313.0,474.0,2231.0
836,51,107,611501,3248.0,1596.0,338.0,1019.0
837,51,107,611502,6251.0,4016.0,418.0,1662.0
838,51,107,611601,4286.0,2622.0,561.0,826.0
839,51,107,611602,3929.0,2183.0,362.0,2047.0
840,51,107,611700,6473.0,3115.0,620.0,2138.0
841,51,107,611801,6741.0,3840.0,629.0,513.0
842,51,107,611802,10417.0,4656.0,744.0,819.0
843,51,107,611803,6598.0,4055.0,385.0,524.0
844,51,107,611804,5708.0,3274.0,327.0,218.0
845,51,107,611805,4718.0,3351.0,319.0,189.0
846,51,107,611806,8957.0,4827.0,860.0,780.0
847,51,107,611900,9001.0,3345.0,603.0,302.0
848,51,107,980100,0.0,0.0,0.0,0.0
849,51,109,950100,6986.0,5510.0,1347.0,50.0
850,51,109,950201,4979.0,3775.0,839.0,280.0
851,51,109,950202,3936.0,2984.0,614.0,135.0
852,51,109,950300,9100.0,7708.0,931.0,288.0
853,51,109,950400,2812.0,1853.0,896.0,52.0
854,51,109,950500,6173.0,4811.0,1040.0,44.0
855,51,111,930100,5975.0,3670.0,2049.0,225.0
856,51,111,930200,3957.0,2661.0,1160.0,87.0
857,51,111,930300,2626.0,1432.0,1065.0,195.0
858,51,113,930100,7721.0,6421.0,635.0,217.0
859,51,113,930200,5426.0,4857.0,450.0,58.0
860,51,115,951300,5158.0,4408.0,537.0,124.0
861,51,115,951400,3722.0,3258.0,374.0,0.0
862,51,117,930101,3087.0,2183.0,692.0,249.0
863,51,117,930102,2892.0,2470.0,396.0,41.0
864,51,117,930200,6134.0,3423.0,2422.0,104.0
865,51,117,930300,2831.0,1342.0,1253.0,177.0
866,51,117,930400,5745.0,2701.0,2850.0,0.0
867,51,117,930500,1878.0,1429.0,442.0,3.0
868,51,117,930600,2742.0,1638.0,995.0,64.0
869,51,117,930700,2662.0,1463.0,1034.0,52.0
870,51,117,930800,3584.0,2465.0,989.0,122.0
871,51,119,950900,1772.0,1399.0,367.0,45.0
872,51,119,951000,3645.0,2596.0,977.0,85.0
873,51,119,951100,2811.0,2176.0,635.0,0.0
874,51,119,951200,2489.0,2342.0,89.0,85.0
875,51,121,20100,8323.0,7068.0,475.0,363.0
876,51,121,20201,5622.0,3929.0,185.0,174.0
877,51,121,20202,2057.0,1936.0,57.0,10.0
878,51,121,20300,6678.0,4895.0,222.0,149.0
879,51,121,20400,7513.0,5719.0,414.0,326.0
880,51,121,20500,6362.0,5352.0,284.0,353.0
881,51,121,20600,5809.0,4794.0,123.0,118.0
882,51,121,20700,6093.0,4903.0,649.0,239.0
883,51,121,20800,6831.0,6375.0,424.0,388.0
884,51,121,20900,4720.0,4489.0,75.0,7.0
885,51,121,21000,4831.0,4551.0,162.0,29.0
886,51,121,21100,7586.0,6447.0,692.0,241.0
887,51,121,21200,6856.0,6503.0,215.0,197.0
888,51,121,21300,3483.0,3307.0,43.0,74.0
889,51,121,21400,5231.0,5043.0,159.0,101.0
890,51,121,21500,8472.0,8346.0,16.0,86.0
891,51,125,950100,5596.0,4419.0,1072.0,238.0
892,51,125,950200,4917.0,4436.0,327.0,94.0
893,51,125,950300,4345.0,3610.0,598.0,183.0
894,51,127,700100,5464.0,4793.0,420.0,0.0
895,51,127,700200,4579.0,3767.0,587.0,59.0
896,51,127,700300,9517.0,7409.0,1390.0,417.0
897,51,131,930100,4630.0,2785.0,1756.0,304.0
898,51,131,930200,3511.0,2221.0,1154.0,406.0
899,51,131,930300,4043.0,2499.0,1530.0,266.0
900,51,131,990100,0.0,0.0,0.0,0.0
901,51,133,20100,3540.0,2766.0,774.0,32.0
902,51,133,20200,3141.0,1715.0,1419.0,24.0
903,51,133,20300,5623.0,4189.0,1338.0,0.0
904,51,135,100,5914.0,3082.0,2544.0,436.0
905,51,135,200,2845.0,2104.0,662.0,72.0
906,51,135,300,6933.0,3732.0,2999.0,110.0
907,51,135,980100,19.0,9.0,10.0,0.0
908,51,137,110102,8997.0,7337.0,1392.0,365.0
909,51,137,110103,10767.0,9104.0,952.0,427.0
910,51,137,110104,3135.0,2488.0,438.0,99.0
911,51,137,110200,5044.0,4035.0,808.0,490.0
912,51,137,110300,6653.0,5607.0,818.0,22.0
913,51,139,30100,2860.0,2832.0,0.0,26.0
914,51,139,30200,4191.0,3735.0,266.0,74.0
915,51,139,30300,4842.0,4779.0,28.0,113.0
916,51,139,30400,6443.0,6316.0,43.0,30.0
917,51,139,30500,5507.0,5140.0,55.0,183.0
918,51,141,30100,5071.0,4607.0,283.0,103.0
919,51,141,30200,6388.0,6030.0,325.0,310.0
920,51,141,30301,2878.0,2373.0,480.0,55.0
921,51,141,30302,3927.0,3830.0,80.0,23.0
922,51,143,10100,4162.0,3015.0,1114.0,0.0
923,51,143,10200,4688.0,3532.0,1073.0,61.0
924,51,143,10300,4211.0,3361.0,757.0,98.0
925,51,143,10400,4000.0,3081.0,787.0,56.0
926,51,143,10500,4801.0,3185.0,1384.0,147.0
927,51,143,10600,2922.0,1948.0,916.0,14.0
928,51,143,10700,1935.0,1022.0,751.0,320.0
929,51,143,10801,2562.0,1376.0,1174.0,2.0
930,51,143,10802,6232.0,5109.0,689.0,228.0
931,51,143,10900,2609.0,2310.0,209.0,19.0
932,51,143,11001,4337.0,3391.0,851.0,122.0
933,51,143,11002,4767.0,4143.0,604.0,0.0
934,51,143,11100,3047.0,1940.0,893.0,219.0
935,51,143,11200,2272.0,1682.0,410.0,14.0
936,51,143,11300,6092.0,5049.0,816.0,25.0
937,51,143,11400,4157.0,2854.0,1021.0,180.0
938,51,145,500101,6117.0,5726.0,221.0,35.0
939,51,145,500102,5359.0,4965.0,202.0,41.0
940,51,145,500200,9119.0,8184.0,711.0,224.0
941,51,145,500300,2978.0,1048.0,1803.0,197.0
942,51,145,500400,4634.0,4065.0,521.0,60.0
943,51,147,930100,7593.0,4122.0,3136.0,54.0
944,51,147,930201,3041.0,2294.0,658.0,219.0
945,51,147,930202,3486.0,2124.0,1334.0,9.0
946,51,147,930203,1733.0,1478.0,140.0,59.0
947,51,147,930300,7169.0,4735.0,2309.0,213.0
948,51,149,850100,3792.0,1655.0,1715.0,389.0
949,51,149,850200,4818.0,2075.0,2069.0,817.0
950,51,149,850301,6857.0,3132.0,2890.0,706.0
951,51,149,850302,4916.0,3587.0,1129.0,247.0
952,51,149,850400,5529.0,4461.0,663.0,121.0
953,51,149,850501,5986.0,4221.0,1411.0,314.0
954,51,149,850502,5482.0,3207.0,2111.0,74.0
955,51,153,900100,3342.0,2128.0,431.0,382.0
956,51,153,900201,2162.0,1471.0,423.0,926.0
957,51,153,900202,4418.0,2937.0,642.0,2176.0
958,51,153,900203,5058.0,2287.0,2106.0,1736.0
959,51,153,900300,8387.0,4078.0,2279.0,1657.0
960,51,153,900403,5054.0,2036.0,1632.0,1349.0
961,51,153,900404,5736.0,3375.0,1366.0,2164.0
962,51,153,900407,6575.0,2561.0,2792.0,1507.0
963,51,153,900408,4617.0,1806.0,1414.0,921.0
964,51,153,900409,4923.0,2452.0,1217.0,1933.0
965,51,153,900410,5193.0,2032.0,1963.0,1297.0
966,51,153,900501,7930.0,5010.0,840.0,4598.0
967,51,153,900502,3125.0,1343.0,944.0,470.0
968,51,153,900600,7524.0,4985.0,1297.0,4101.0
969,51,153,900701,6218.0,2035.0,2699.0,1308.0
970,51,153,900702,8063.0,4316.0,2753.0,1747.0
971,51,153,900801,5924.0,2407.0,2088.0,732.0
972,51,153,900802,7311.0,2406.0,3382.0,1456.0
973,51,153,900901,5565.0,2205.0,2604.0,1457.0
974,51,153,900904,5542.0,2208.0,2261.0,1057.0
975,51,153,900905,5392.0,2682.0,1818.0,615.0
976,51,153,901001,6942.0,3894.0,2304.0,1405.0
977,51,153,901005,5216.0,3093.0,1172.0,648.0
978,51,153,901008,8329.0,2569.0,3721.0,2042.0
979,51,153,901009,7053.0,5333.0,1054.0,419.0
980,51,153,901010,4310.0,2861.0,985.0,316.0
981,51,153,901011,5490.0,3012.0,1500.0,829.0
982,51,153,901012,3043.0,2055.0,562.0,244.0
983,51,153,901100,6469.0,4438.0,558.0,1236.0
984,51,153,901203,4730.0,2529.0,1166.0,1543.0
985,51,153,901208,3230.0,2569.0,392.0,453.0
986,51,153,901209,6371.0,3865.0,1374.0,1233.0
987,51,153,901211,4431.0,2402.0,1041.0,1647.0
988,51,153,901212,8513.0,1914.0,2538.0,3192.0
989,51,153,901219,5328.0,4410.0,494.0,282.0
990,51,153,901221,5310.0,3278.0,1344.0,904.0
991,51,153,901222,2721.0,1948.0,398.0,459.0
992,51,153,901223,6326.0,4398.0,943.0,1416.0
993,51,153,901224,4074.0,3129.0,485.0,706.0
994,51,153,901225,4633.0,2786.0,1308.0,932.0
995,51,153,901226,5900.0,2626.0,1485.0,1209.0
996,51,153,901227,5489.0,3242.0,1387.0,1989.0
997,51,153,901228,6342.0,3776.0,1912.0,941.0
998,51,153,901229,4338.0,1996.0,1007.0,1258.0
999,51,153,901230,4513.0,2640.0,1100.0,729.0
1000,51,153,901231,6168.0,4891.0,417.0,708.0
1001,51,153,901232,5100.0,3443.0,882.0,658.0
1002,51,153,901233,6928.0,5691.0,333.0,824.0
1003,51,153,901234,2759.0,2222.0,149.0,171.0
1004,51,153,901235,3419.0,1974.0,575.0,476.0
1005,51,153,901236,5065.0,3167.0,1051.0,512.0
1006,51,153,901237,3624.0,1732.0,1461.0,473.0
1007,51,153,901303,4983.0,3837.0,588.0,823.0
1008,51,153,901304,2388.0,2155.0,45.0,206.0
1009,51,153,901305,3041.0,2665.0,34.0,575.0
1010,51,153,901306,5829.0,4976.0,605.0,326.0
1011,51,153,901403,6083.0,3914.0,1094.0,1927.0
1012,51,153,901407,3842.0,2868.0,708.0,1774.0
1013,51,153,901408,7203.0,3874.0,1392.0,2905.0
1014,51,153,901409,6627.0,4838.0,880.0,1476.0
1015,51,153,901410,8306.0,5708.0,1217.0,1068.0
1016,51,153,901411,5828.0,4418.0,334.0,286.0
1017,51,153,901412,7711.0,5264.0,897.0,762.0
1018,51,153,901413,4407.0,3446.0,349.0,521.0
1019,51,153,901414,5196.0,3680.0,760.0,470.0
1020,51,153,901415,4162.0,3079.0,391.0,506.0
1021,51,153,901416,5205.0,3731.0,729.0,443.0
1022,51,153,901417,2250.0,2141.0,22.0,136.0
1023,51,153,901503,5666.0,5030.0,66.0,291.0
1024,51,153,901504,3633.0,2926.0,339.0,23.0
1025,51,153,901505,7448.0,5210.0,991.0,378.0
1026,51,153,901506,5306.0,3373.0,737.0,996.0
1027,51,153,901507,2748.0,2017.0,300.0,193.0
1028,51,153,901508,4711.0,3217.0,458.0,597.0
1029,51,153,901509,5376.0,4702.0,312.0,388.0
1030,51,153,901510,5286.0,3699.0,562.0,345.0
1031,51,153,901511,2877.0,2361.0,243.0,123.0
1032,51,153,901601,3837.0,2838.0,276.0,1251.0
1033,51,153,901602,8521.0,5806.0,1452.0,2649.0
1034,51,153,901701,7728.0,4646.0,843.0,3682.0
1035,51,153,901702,4267.0,3311.0,102.0,2766.0
1036,51,153,901900,6583.0,4325.0,716.0,2580.0
1037,51,153,980100,0.0,0.0,0.0,0.0
1038,51,155,210100,6989.0,6389.0,492.0,43.0
1039,51,155,210201,3769.0,3505.0,130.0,58.0
1040,51,155,210202,3701.0,3504.0,84.0,36.0
1041,51,155,210300,4374.0,4116.0,207.0,46.0
1042,51,155,210400,4925.0,4338.0,536.0,63.0
1043,51,155,210500,2915.0,2780.0,102.0,78.0
1044,51,155,210600,4264.0,3838.0,345.0,99.0
1045,51,155,210700,3591.0,3327.0,118.0,78.0
1046,51,155,980100,0.0,0.0,0.0,0.0
1047,51,155,980200,0.0,0.0,0.0,0.0
1048,51,157,950100,2838.0,2627.0,170.0,148.0
1049,51,157,950200,4593.0,4238.0,141.0,103.0
1050,51,159,40100,4626.0,3386.0,1183.0,180.0
1051,51,159,40200,4363.0,2591.0,1408.0,380.0
1052,51,161,30100,3524.0,3450.0,45.0,23.0
1053,51,161,30201,4656.0,3777.0,612.0,264.0
1054,51,161,30203,4259.0,3848.0,344.0,252.0
1055,51,161,30204,6496.0,5673.0,440.0,206.0
1056,51,161,30205,3808.0,3214.0,349.0,138.0
1057,51,161,30300,6534.0,5855.0,330.0,232.0
1058,51,161,30500,4135.0,3765.0,281.0,30.0
1059,51,161,30600,7952.0,7379.0,108.0,310.0
1060,51,161,30701,6653.0,6023.0,82.0,21.0
1061,51,161,30702,6202.0,5012.0,812.0,80.0
1062,51,161,30801,5714.0,4559.0,479.0,190.0
1063,51,161,30802,4717.0,4436.0,29.0,195.0
1064,51,161,30900,5633.0,4760.0,423.0,121.0
1065,51,161,31000,3820.0,3582.0,204.0,12.0
1066,51,161,31101,4547.0,3971.0,366.0,129.0
1067,51,161,31102,3615.0,3194.0,284.0,60.0
1068,51,161,31201,5128.0,4870.0,163.0,8.0
1069,51,161,31202,6240.0,5944.0,90.0,191.0
1070,51,163,930100,7947.0,7494.0,212.0,61.0
1071,51,163,930200,3904.0,3770.0,25.0,100.0
1072,51,163,930300,6286.0,5950.0,84.0,30.0
1073,51,163,930400,4307.0,3828.0,323.0,146.0
1074,51,165,10100,2861.0,2815.0,36.0,9.0
1075,51,165,10200,3520.0,3345.0,134.0,77.0
1076,51,165,10300,4606.0,4225.0,202.0,224.0
1077,51,165,10400,2308.0,2299.0,0.0,36.0
1078,51,165,10500,3048.0,2425.0,32.0,996.0
1079,51,165,10600,4052.0,3822.0,51.0,107.0
1080,51,165,10700,3564.0,3562.0,2.0,0.0
1081,51,165,10800,6105.0,5725.0,249.0,359.0
1082,51,165,10900,2678.0,2508.0,72.0,109.0
1083,51,165,11000,2972.0,2957.0,0.0,35.0
1084,51,165,11100,3350.0,3271.0,20.0,19.0
1085,51,165,11200,4979.0,4940.0,1.0,216.0
1086,51,165,11400,5482.0,5119.0,34.0,741.0
1087,51,165,11500,6005.0,5487.0,286.0,291.0
1088,51,165,11600,2084.0,2029.0,10.0,30.0
1089,51,165,11700,3358.0,3099.0,139.0,642.0
1090,51,165,11800,8135.0,7597.0,48.0,402.0
1091,51,165,11900,3644.0,3488.0,48.0,89.0
1092,51,165,12000,5034.0,4603.0,55.0,204.0
1093,51,167,30100,4811.0,4593.0,28.0,81.0
1094,51,167,30200,5261.0,5186.0,72.0,59.0
1095,51,167,30300,3599.0,3504.0,22.0,0.0
1096,51,167,30401,6030.0,5909.0,32.0,76.0
1097,51,167,30402,2718.0,2656.0,58.0,9.0
1098,51,167,30500,2251.0,2243.0,7.0,0.0
1099,51,167,30600,3575.0,3368.0,74.0,95.0
1100,51,169,30100,3716.0,3604.0,65.0,27.0
1101,51,169,30200,4059.0,3912.0,77.0,10.0
1102,51,169,30300,3724.0,3668.0,0.0,27.0
1103,51,169,30400,3589.0,3589.0,0.0,65.0
1104,51,169,30500,3718.0,3713.0,0.0,25.0
1105,51,169,30600,3764.0,3651.0,29.0,113.0
1106,51,171,40100,8611.0,7705.0,287.0,452.0
1107,51,171,40201,2419.0,2353.0,42.0,0.0
1108,51,171,40202,3016.0,3007.0,0.0,43.0
1109,51,171,40300,4228.0,4055.0,34.0,120.0
1110,51,171,40400,2393.0,2183.0,0.0,48.0
1111,51,171,40500,8742.0,8084.0,454.0,665.0
1112,51,171,40600,3820.0,3675.0,28.0,198.0
1113,51,171,40700,4635.0,4079.0,129.0,828.0
1114,51,171,40800,4860.0,4647.0,41.0,532.0
1115,51,173,30100,3231.0,3231.0,0.0,0.0
1116,51,173,30200,4387.0,4212.0,15.0,51.0
1117,51,173,30301,2678.0,2573.0,105.0,48.0
1118,51,173,30302,4086.0,3887.0,168.0,88.0
1119,51,173,30400,2273.0,2213.0,0.0,88.0
1120,51,173,30500,2385.0,2163.0,187.0,29.0
1121,51,173,30600,3119.0,2826.0,132.0,72.0
1122,51,173,30701,4812.0,4651.0,71.0,146.0
1123,51,173,30702,4763.0,4736.0,0.0,63.0
1124,51,175,200100,4221.0,3154.0,1008.0,20.0
1125,51,175,200200,2697.0,1448.0,1183.0,67.0
1126,51,175,200300,1354.0,562.0,738.0,59.0
1127,51,175,200400,6353.0,3944.0,2147.0,75.0
1128,51,175,200500,3785.0,2107.0,1537.0,19.0
1129,51,177,20104,4969.0,4089.0,584.0,258.0
1130,51,177,20105,2249.0,2091.0,82.0,21.0
1131,51,177,20106,5167.0,4452.0,433.0,178.0
1132,51,177,20107,1888.0,1646.0,116.0,46.0
1133,51,177,20108,4152.0,2592.0,1198.0,466.0
1134,51,177,20109,3511.0,2796.0,510.0,45.0
1135,51,177,20110,4086.0,2882.0,508.0,708.0
1136,51,177,20111,2239.0,1520.0,513.0,193.0
1137,51,177,20112,2786.0,1894.0,549.0,387.0
1138,51,177,20113,4314.0,3615.0,515.0,328.0
1139,51,177,20114,5627.0,3862.0,1259.0,277.0
1140,51,177,20201,6019.0,3708.0,832.0,928.0
1141,51,177,20202,4971.0,3615.0,834.0,535.0
1142,51,177,20203,5092.0,3257.0,1354.0,454.0
1143,51,177,20204,4138.0,3260.0,564.0,237.0
1144,51,177,20205,4768.0,3286.0,827.0,615.0
1145,51,177,20304,4478.0,2999.0,637.0,745.0
1146,51,177,20305,3533.0,2364.0,788.0,256.0
1147,51,177,20306,6036.0,3272.0,1721.0,605.0
1148,51,177,20307,3944.0,2141.0,875.0,977.0
1149,51,177,20308,3961.0,3336.0,398.0,174.0
1150,51,177,20309,6349.0,4492.0,1175.0,475.0
1151,51,177,20310,4469.0,3411.0,635.0,230.0
1152,51,177,20311,5603.0,4031.0,1076.0,617.0
1153,51,177,20403,4061.0,3501.0,450.0,200.0
1154,51,177,20404,3950.0,3551.0,324.0,54.0
1155,51,177,20405,3789.0,3087.0,604.0,90.0
1156,51,177,20406,3540.0,3197.0,329.0,84.0
1157,51,177,20407,5245.0,4454.0,543.0,179.0
1158,51,177,20408,2757.0,2418.0,162.0,252.0
1159,51,179,10103,3811.0,2717.0,601.0,454.0
1160,51,179,10105,7035.0,4504.0,1357.0,1000.0
1161,51,179,10106,3128.0,2751.0,263.0,118.0
1162,51,179,10107,3318.0,2738.0,408.0,302.0
1163,51,179,10108,5811.0,3581.0,1589.0,520.0
1164,51,179,10201,2225.0,1723.0,149.0,482.0
1165,51,179,10202,6169.0,5239.0,388.0,426.0
1166,51,179,10204,8782.0,6429.0,1357.0,535.0
1167,51,179,10205,6950.0,5205.0,1227.0,357.0
1168,51,179,10206,5328.0,3369.0,1131.0,817.0
1169,51,179,10207,8299.0,3869.0,2315.0,1912.0
1170,51,179,10210,7681.0,3831.0,2167.0,1290.0
1171,51,179,10211,4382.0,2203.0,1033.0,984.0
1172,51,179,10212,4540.0,3160.0,731.0,746.0
1173,51,179,10213,2511.0,1856.0,405.0,204.0
1174,51,179,10214,4040.0,3004.0,710.0,465.0
1175,51,179,10301,4164.0,3367.0,512.0,207.0
1176,51,179,10303,9911.0,6857.0,1996.0,729.0
1177,51,179,10304,5633.0,3893.0,964.0,559.0
1178,51,179,10305,6202.0,3650.0,1437.0,702.0
1179,51,179,10403,3150.0,2486.0,436.0,138.0
1180,51,179,10404,6257.0,4825.0,865.0,604.0
1181,51,179,10405,6568.0,5403.0,546.0,475.0
1182,51,179,10406,3014.0,2248.0,406.0,196.0
1183,51,179,10502,4504.0,3818.0,405.0,289.0
1184,51,179,10503,2146.0,2012.0,8.0,74.0
1185,51,179,10504,1586.0,1444.0,86.0,40.0
1186,51,181,860100,3256.0,1742.0,1398.0,107.0
1187,51,181,860200,3567.0,1833.0,1677.0,4.0
1188,51,183,870100,1802.0,848.0,950.0,6.0
1189,51,183,870201,3593.0,1384.0,2035.0,101.0
1190,51,183,870202,3038.0,667.0,2186.0,160.0
1191,51,183,870300,2004.0,891.0,1029.0,112.0
1192,51,183,870400,1427.0,841.0,574.0,8.0
1193,51,185,20100,3186.0,2854.0,259.0,67.0
1194,51,185,20200,5019.0,4472.0,445.0,55.0
1195,51,185,20300,6597.0,6469.0,111.0,74.0
1196,51,185,20400,3979.0,3965.0,0.0,1.0
1197,51,185,20500,2933.0,2853.0,0.0,0.0
1198,51,185,20600,4494.0,4383.0,70.0,12.0
1199,51,185,20700,3060.0,2671.0,94.0,0.0
1200,51,185,20800,2173.0,2041.0,86.0,46.0
1201,51,185,20900,2240.0,2197.0,4.0,0.0
1202,51,185,21000,4185.0,4100.0,15.0,0.0
1203,51,185,21100,6004.0,5556.0,199.0,112.0
1204,51,187,20100,8781.0,8272.0,203.0,143.0
1205,51,187,20200,2807.0,2701.0,98.0,17.0
1206,51,187,20300,6719.0,6198.0,126.0,49.0
1207,51,187,20400,4334.0,3735.0,332.0,234.0
1208,51,187,20500,4312.0,3313.0,525.0,274.0
1209,51,187,20601,5764.0,5324.0,155.0,411.0
1210,51,187,20602,2793.0,2431.0,103.0,184.0
1211,51,187,20700,2971.0,2957.0,0.0,197.0
1212,51,191,10100,7153.0,6993.0,3.0,43.0
1213,51,191,10200,5892.0,5769.0,0.0,113.0
1214,51,191,10300,6154.0,6124.0,0.0,31.0
1215,51,191,10401,2102.0,1972.0,34.0,26.0
1216,51,191,10402,3187.0,3076.0,55.0,111.0
1217,51,191,10501,4060.0,3755.0,241.0,65.0
1218,51,191,10502,3891.0,3510.0,204.0,106.0
1219,51,191,10601,4134.0,3973.0,90.0,108.0
1220,51,191,10602,2892.0,2603.0,122.0,37.0
1221,51,191,10700,4599.0,4495.0,50.0,114.0
1222,51,191,10800,2930.0,2862.0,0.0,0.0
1223,51,191,10900,4189.0,4169.0,13.0,0.0
1224,51,191,11000,3576.0,3518.0,4.0,33.0
1225,51,193,10100,4828.0,2283.0,2484.0,64.0
1226,51,193,10200,3778.0,2349.0,1292.0,121.0
1227,51,193,10300,3138.0,2252.0,739.0,678.0
1228,51,193,10400,5813.0,5022.0,440.0,207.0
1229,51,195,930700,3576.0,2966.0,552.0,56.0
1230,51,195,930800,2028.0,2028.0,0.0,0.0
1231,51,195,930900,4065.0,3951.0,42.0,1.0
1232,51,195,931000,2970.0,2970.0,0.0,0.0
1233,51,195,931100,2838.0,2660.0,82.0,25.0
1234,51,195,931200,6786.0,5555.0,1027.0,162.0
1235,51,195,931300,3667.0,3491.0,133.0,0.0
1236,51,195,931400,4822.0,4567.0,118.0,32.0
1237,51,195,931500,5085.0,4810.0,186.0,102.0
1238,51,195,931600,2684.0,2570.0,56.0,61.0
1239,51,195,931700,2009.0,1991.0,0.0,51.0
1240,51,197,50100,5464.0,4725.0,660.0,77.0
1241,51,197,50200,7052.0,6547.0,298.0,93.0
1242,51,197,50301,4427.0,4323.0,66.0,73.0
1243,51,197,50302,3436.0,3424.0,0.0,0.0
1244,51,197,50401,3822.0,3744.0,11.0,45.0
1245,51,197,50402,4989.0,4966.0,16.0,28.0
1246,51,199,50203,6729.0,4751.0,804.0,130.0
1247,51,199,50204,6150.0,4214.0,1122.0,706.0
1248,51,199,50205,4653.0,3799.0,265.0,281.0
1249,51,199,50206,6551.0,5447.0,594.0,232.0
1250,51,199,50303,6024.0,4991.0,336.0,175.0
1251,51,199,50304,5584.0,5113.0,159.0,151.0
1252,51,199,50305,2989.0,2102.0,269.0,142.0
1253,51,199,50306,4730.0,3891.0,547.0,263.0
1254,51,199,50401,3384.0,2897.0,335.0,14.0
1255,51,199,50402,3474.0,3313.0,107.0,51.0
1256,51,199,50500,3309.0,1644.0,1528.0,588.0
1257,51,199,50900,2278.0,1343.0,773.0,133.0
1258,51,199,51000,3299.0,2586.0,592.0,150.0
1259,51,199,51100,7317.0,5124.0,1549.0,609.0
1260,51,510,200102,4382.0,2303.0,1003.0,1430.0
1261,51,510,200103,8005.0,2753.0,3575.0,1925.0
1262,51,510,200104,3904.0,1921.0,1090.0,1319.0
1263,51,510,200105,4257.0,1108.0,2772.0,231.0
1264,51,510,200106,3542.0,2252.0,509.0,629.0
1265,51,510,200107,6085.0,3875.0,1328.0,753.0
1266,51,510,200201,3485.0,2628.0,490.0,378.0
1267,51,510,200202,1724.0,1508.0,26.0,125.0
1268,51,510,200301,3510.0,1685.0,1010.0,698.0
1269,51,510,200302,4878.0,2484.0,1348.0,690.0
1270,51,510,200303,5311.0,2839.0,1780.0,815.0
1271,51,510,200403,1274.0,746.0,266.0,119.0
1272,51,510,200404,3689.0,2795.0,511.0,231.0
1273,51,510,200405,6857.0,2937.0,2326.0,1751.0
1274,51,510,200406,5663.0,1845.0,2283.0,1284.0
1275,51,510,200407,3867.0,2009.0,1258.0,355.0
1276,51,510,200500,3943.0,1984.0,1356.0,596.0
1277,51,510,200600,5214.0,2750.0,1076.0,1342.0
1278,51,510,200701,767.0,689.0,55.0,70.0
1279,51,510,200702,4839.0,3847.0,486.0,587.0
1280,51,510,200703,3033.0,2095.0,690.0,150.0
1281,51,510,200801,2757.0,2315.0,261.0,236.0
1282,51,510,200802,3330.0,2285.0,663.0,608.0
1283,51,510,200900,5027.0,4439.0,318.0,176.0
1284,51,510,201000,2711.0,2379.0,70.0,200.0
1285,51,510,201100,3334.0,2709.0,119.0,262.0
1286,51,510,201202,3068.0,2542.0,216.0,505.0
1287,51,510,201203,7285.0,5112.0,936.0,4322.0
1288,51,510,201204,3611.0,2426.0,809.0,1158.0
1289,51,510,201300,3503.0,2881.0,390.0,287.0
1290,51,510,201400,4008.0,3558.0,217.0,286.0
1291,51,510,201500,3807.0,3520.0,133.0,143.0
1292,51,510,201600,4695.0,3178.0,1107.0,167.0
1293,51,510,201801,6111.0,4634.0,750.0,578.0
1294,51,510,201802,2061.0,1418.0,497.0,118.0
1295,51,510,201900,1683.0,1495.0,82.0,64.0
1296,51,510,202001,2141.0,1984.0,50.0,64.0
1297,51,510,202002,1954.0,1775.0,60.0,76.0
1298,51,520,20100,3811.0,3621.0,119.0,78.0
1299,51,520,20200,5176.0,4326.0,605.0,86.0
1300,51,520,20300,2857.0,2441.0,236.0,1.0
1301,51,520,20400,5680.0,5368.0,36.0,127.0
1302,51,530,930600,6666.0,6018.0,70.0,91.0
1303,51,540,201,2811.0,1925.0,627.0,95.0
1304,51,540,202,4880.0,3181.0,1042.0,200.0
1305,51,540,302,2596.0,2085.0,357.0,49.0
1306,51,540,401,3715.0,1999.0,1505.0,308.0
1307,51,540,402,4372.0,3524.0,687.0,43.0
1308,51,540,501,3672.0,1116.0,2237.0,63.0
1309,51,540,502,5435.0,3827.0,1063.0,65.0
1310,51,540,600,3800.0,2523.0,270.0,202.0
1311,51,540,700,4166.0,3473.0,131.0,178.0
1312,51,540,800,4286.0,3549.0,381.0,853.0
1313,51,540,900,2109.0,1931.0,121.0,107.0
1314,51,540,1000,3242.0,2754.0,252.0,74.0
1315,51,550,20001,1402.0,1256.0,60.0,72.0
1316,51,550,20002,4602.0,2679.0,1706.0,273.0
1317,51,550,20003,5884.0,3856.0,1510.0,258.0
1318,51,550,20100,4351.0,571.0,3587.0,290.0
1319,51,550,20200,4485.0,297.0,4091.0,6.0
1320,51,550,20300,1565.0,522.0,919.0,48.0
1321,51,550,20400,3024.0,1977.0,882.0,110.0
1322,51,550,20500,1359.0,608.0,473.0,274.0
1323,51,550,20600,4227.0,3332.0,768.0,235.0
1324,51,550,20700,5684.0,1395.0,3814.0,498.0
1325,51,550,20804,7475.0,5288.0,1486.0,676.0
1326,51,550,20805,5501.0,3097.0,1687.0,137.0
1327,51,550,20806,7404.0,4629.0,1660.0,392.0
1328,51,550,20807,7845.0,5205.0,1844.0,483.0
1329,51,550,20808,3998.0,636.0,2962.0,371.0
1330,51,550,20809,4828.0,2860.0,1496.0,298.0
1331,51,550,20903,2685.0,692.0,1882.0,143.0
1332,51,550,20904,8834.0,5146.0,2961.0,177.0
1333,51,550,20905,2700.0,2316.0,341.0,277.0
1334,51,550,20906,7756.0,4521.0,2437.0,421.0
1335,51,550,21004,6002.0,5076.0,470.0,696.0
1336,51,550,21005,5192.0,3429.0,1230.0,457.0
1337,51,550,21006,7911.0,6741.0,559.0,234.0
1338,51,550,21009,4248.0,3672.0,200.0,152.0
1339,51,550,21010,5583.0,4704.0,561.0,194.0
1340,51,550,21011,3355.0,2900.0,265.0,91.0
1341,51,550,21012,6229.0,5803.0,122.0,293.0
1342,51,550,21013,4569.0,3813.0,336.0,132.0
1343,51,550,21101,5168.0,4819.0,179.0,325.0
1344,51,550,21102,10288.0,6137.0,3441.0,177.0
1345,51,550,21200,5979.0,4996.0,367.0,105.0
1346,51,550,21301,5801.0,3806.0,1723.0,235.0
1347,51,550,21302,10125.0,5794.0,3477.0,811.0
1348,51,550,21401,1927.0,1229.0,512.0,124.0
1349,51,550,21402,6423.0,4964.0,1162.0,106.0
1350,51,550,21403,4770.0,2977.0,1333.0,423.0
1351,51,550,21404,7838.0,2259.0,5078.0,630.0
1352,51,550,21501,10603.0,5142.0,4588.0,564.0
1353,51,550,21502,8239.0,5930.0,1438.0,130.0
1354,51,550,21601,7988.0,6132.0,996.0,217.0
1355,51,550,21602,6754.0,2417.0,3979.0,126.0
1356,51,570,830100,4874.0,4470.0,147.0,133.0
1357,51,570,830200,3115.0,2366.0,591.0,160.0
1358,51,570,830300,2865.0,1959.0,424.0,187.0
1359,51,570,830400,2400.0,1622.0,594.0,143.0
1360,51,570,830500,4261.0,3535.0,531.0,252.0
1361,51,580,60100,3110.0,2310.0,729.0,9.0
1362,51,580,60200,2626.0,2376.0,70.0,63.0
1363,51,590,100,5837.0,2635.0,3056.0,105.0
1364,51,590,200,3973.0,1898.0,1988.0,128.0
1365,51,590,300,3066.0,863.0,2164.0,7.0
1366,51,590,400,3744.0,1113.0,2538.0,49.0
1367,51,590,500,1792.0,383.0,1330.0,4.0
1368,51,590,600,2175.0,534.0,1549.0,51.0
1369,51,590,700,3358.0,2506.0,661.0,80.0
1370,51,590,800,2656.0,1598.0,952.0,0.0
1371,51,590,900,4041.0,2404.0,1228.0,158.0
1372,51,590,1000,3523.0,907.0,2410.0,211.0
1373,51,590,1100,1266.0,466.0,753.0,43.0
1374,51,590,1200,1838.0,1060.0,545.0,229.0
1375,51,590,1301,1361.0,676.0,521.0,139.0
1376,51,590,1302,901.0,406.0,442.0,121.0
1377,51,590,1400,2919.0,2163.0,519.0,76.0
1378,51,590,980100,0.0,0.0,0.0,0.0
1379,51,595,890100,2593.0,582.0,1778.0,162.0
1380,51,595,890200,3079.0,1640.0,1350.0,9.0
1381,51,600,300100,5307.0,3567.0,383.0,674.0
1382,51,600,300200,4997.0,3683.0,71.0,1080.0
1383,51,600,300300,5512.0,3725.0,143.0,880.0
1384,51,600,300400,3836.0,2458.0,205.0,845.0
1385,51,600,300500,3750.0,2830.0,325.0,361.0
1386,51,610,500100,3318.0,3056.0,38.0,123.0
1387,51,610,500200,5679.0,3927.0,167.0,1006.0
1388,51,610,500300,4311.0,3349.0,78.0,165.0
1389,51,620,90100,4930.0,2964.0,1808.0,88.0
1390,51,620,90200,3527.0,322.0,3148.0,0.0
1391,51,630,100,3148.0,2611.0,288.0,74.0
1392,51,630,200,6626.0,4570.0,1370.0,1047.0
1393,51,630,301,2360.0,1933.0,151.0,149.0
1394,51,630,302,4709.0,3487.0,908.0,456.0
1395,51,630,400,3364.0,1502.0,1465.0,194.0
1396,51,630,500,7188.0,3879.0,2201.0,1117.0
1397,51,640,70101,4429.0,4088.0,196.0,822.0
1398,51,640,70102,2447.0,2140.0,186.0,336.0
1399,51,650,10103,7276.0,4774.0,1588.0,594.0
1400,51,650,10104,5964.0,2254.0,3096.0,379.0
1401,51,650,10200,1938.0,1407.0,330.0,114.0
1402,51,650,10304,7722.0,2812.0,3835.0,745.0
1403,51,650,10306,6681.0,2884.0,2881.0,795.0
1404,51,650,10307,5507.0,2189.0,2726.0,277.0
1405,51,650,10309,4293.0,1615.0,2456.0,135.0
1406,51,650,10310,4603.0,2553.0,1690.0,274.0
1407,51,650,10311,4693.0,1835.0,2664.0,199.0
1408,51,650,10312,3468.0,2370.0,818.0,127.0
1409,51,650,10313,6618.0,2563.0,3605.0,466.0
1410,51,650,10314,1761.0,843.0,807.0,41.0
1411,51,650,10400,6769.0,1121.0,5437.0,19.0
1412,51,650,10501,6353.0,1626.0,4437.0,431.0
1413,51,650,10502,3029.0,352.0,2415.0,83.0
1414,51,650,10601,1937.0,399.0,1525.0,15.0
1415,51,650,10602,2994.0,523.0,2401.0,138.0
1416,51,650,10701,3505.0,1579.0,1854.0,106.0
1417,51,650,10702,4161.0,2693.0,1087.0,97.0
1418,51,650,10703,2966.0,2058.0,733.0,165.0
1419,51,650,10800,5975.0,3047.0,2341.0,366.0
1420,51,650,10900,2326.0,349.0,1902.0,198.0
1421,51,650,11000,5778.0,3078.0,2446.0,30.0
1422,51,650,11100,429.0,383.0,6.0,8.0
1423,51,650,11200,2535.0,1585.0,855.0,63.0
1424,51,650,11300,1963.0,737.0,1161.0,28.0
1425,51,650,11400,2515.0,159.0,2322.0,63.0
1426,51,650,11500,3993.0,3094.0,693.0,421.0
1427,51,650,11600,3034.0,797.0,2107.0,103.0
1428,51,650,11800,4851.0,1418.0,3181.0,164.0
1429,51,650,11900,2914.0,306.0,2430.0,231.0
1430,51,650,12000,2878.0,644.0,2134.0,53.0
1431,51,650,12100,5652.0,4653.0,692.0,205.0
1432,51,660,101,4749.0,3713.0,694.0,1318.0
1433,51,660,102,4502.0,3591.0,484.0,951.0
1434,51,660,203,1825.0,1594.0,73.0,119.0
1435,51,660,204,4113.0,3371.0,244.0,875.0
1436,51,660,205,6310.0,5369.0,253.0,1022.0
1437,51,660,206,4520.0,3835.0,387.0,241.0
1438,51,660,207,5905.0,5043.0,445.0,382.0
1439,51,660,301,3521.0,3245.0,53.0,734.0
1440,51,660,302,5541.0,4641.0,435.0,1486.0
1441,51,660,401,3442.0,2693.0,235.0,175.0
1442,51,660,402,6960.0,6460.0,357.0,1807.0
1443,51,670,820100,1507.0,889.0,543.0,149.0
1444,51,670,820300,2824.0,1209.0,1043.0,352.0
1445,51,670,820400,5393.0,3640.0,1487.0,246.0
1446,51,670,820500,4884.0,3897.0,801.0,21.0
1447,51,670,820600,5189.0,1849.0,2494.0,687.0
1448,51,670,820700,2482.0,258.0,2117.0,61.0
1449,51,670,980100,0.0,0.0,0.0,0.0
1450,51,678,930500,7071.0,5564.0,768.0,273.0
1451,51,680,100,4499.0,3766.0,493.0,125.0
1452,51,680,201,6730.0,5884.0,412.0,31.0
1453,51,680,202,6007.0,3718.0,1996.0,278.0
1454,51,680,203,2097.0,1667.0,243.0,45.0
1455,51,680,300,3771.0,2433.0,1270.0,58.0
1456,51,680,400,2879.0,1139.0,1673.0,3.0
1457,51,680,500,465.0,316.0,106.0,0.0
1458,51,680,600,3509.0,764.0,2537.0,229.0
1459,51,680,700,3434.0,1150.0,2101.0,46.0
1460,51,680,801,2033.0,1503.0,473.0,26.0
1461,51,680,802,3059.0,2157.0,613.0,33.0
1462,51,680,900,7122.0,4352.0,2365.0,603.0
1463,51,680,1000,3019.0,2299.0,660.0,79.0
1464,51,680,1100,1719.0,468.0,1127.0,23.0
1465,51,680,1400,6717.0,5644.0,566.0,298.0
1466,51,680,1600,9270.0,6116.0,1796.0,418.0
1467,51,680,1700,4954.0,4034.0,524.0,184.0
1468,51,680,1800,2102.0,1791.0,256.0,31.0
1469,51,680,1900,4772.0,1657.0,3020.0,45.0
1470,51,683,910100,4299.0,3363.0,517.0,1171.0
1471,51,683,910201,4499.0,3907.0,225.0,1069.0
1472,51,683,910202,8177.0,5492.0,1388.0,2910.0
1473,51,683,910301,4938.0,3511.0,795.0,1532.0
1474,51,683,910302,5854.0,3809.0,845.0,1528.0
1475,51,683,910401,7295.0,5127.0,1202.0,4228.0
1476,51,683,910402,5681.0,3895.0,837.0,965.0
1477,51,685,920100,7069.0,5225.0,355.0,3483.0
1478,51,685,920200,8556.0,4998.0,1580.0,2015.0
1479,51,690,100,3216.0,1662.0,1443.0,228.0
1480,51,690,200,2354.0,261.0,2049.0,36.0
1481,51,690,300,2511.0,1443.0,975.0,57.0
1482,51,690,400,2445.0,839.0,1255.0,297.0
1483,51,690,500,3098.0,2555.0,536.0,0.0
1484,51,700,30100,4416.0,805.0,3328.0,462.0
1485,51,700,30300,5590.0,347.0,5036.0,216.0
1486,51,700,30400,3493.0,84.0,3346.0,37.0
1487,51,700,30500,1818.0,48.0,1686.0,10.0
1488,51,700,30600,2505.0,134.0,2333.0,58.0
1489,51,700,30800,1743.0,0.0,1699.0,23.0
1490,51,700,30900,2138.0,576.0,1446.0,144.0
1491,51,700,31100,2683.0,1053.0,1494.0,27.0
1492,51,700,31200,2062.0,627.0,1299.0,68.0
1493,51,700,31300,3844.0,1430.0,2252.0,80.0
1494,51,700,31400,6579.0,3380.0,2878.0,260.0
1495,51,700,31500,6014.0,4885.0,848.0,196.0
1496,51,700,31601,7289.0,3578.0,2852.0,636.0
1497,51,700,31602,4362.0,2967.0,1090.0,228.0
1498,51,700,31701,4316.0,3223.0,693.0,143.0
1499,51,700,31702,4494.0,3153.0,1089.0,207.0
1500,51,700,31800,4143.0,3767.0,235.0,130.0
1501,51,700,31901,3853.0,3373.0,238.0,0.0
1502,51,700,31902,4102.0,2474.0,1318.0,145.0
1503,51,700,32001,3111.0,2321.0,547.0,74.0
1504,51,700,32002,6159.0,4455.0,1150.0,218.0
1505,51,700,32005,2885.0,2156.0,542.0,95.0
1506,51,700,32006,3645.0,966.0,2215.0,350.0
1507,51,700,32007,3786.0,2411.0,1014.0,375.0
1508,51,700,32113,2556.0,1596.0,625.0,303.0
1509,51,700,32114,1667.0,1036.0,375.0,141.0
1510,51,700,32117,4077.0,2530.0,1291.0,266.0
1511,51,700,32123,5799.0,2117.0,2986.0,703.0
1512,51,700,32124,3842.0,1139.0,2230.0,213.0
1513,51,700,32126,3926.0,2736.0,798.0,1250.0
1514,51,700,32127,4355.0,1963.0,2109.0,302.0
1515,51,700,32128,3270.0,1768.0,1018.0,912.0
1516,51,700,32129,3163.0,1336.0,1502.0,173.0
1517,51,700,32130,5375.0,3476.0,1084.0,649.0
1518,51,700,32131,4501.0,2585.0,1395.0,333.0
1519,51,700,32132,5826.0,3675.0,1518.0,762.0
1520,51,700,32211,6151.0,4264.0,1054.0,263.0
1521,51,700,32212,3892.0,503.0,2591.0,768.0
1522,51,700,32223,3424.0,1237.0,1606.0,493.0
1523,51,700,32224,6990.0,2445.0,3932.0,543.0
1524,51,700,32225,3958.0,1144.0,2644.0,347.0
1525,51,700,32226,3746.0,1473.0,1716.0,588.0
1526,51,700,32300,6539.0,4185.0,1109.0,1343.0
1527,51,700,32400,3236.0,1884.0,1018.0,367.0
1528,51,710,100,2346.0,1574.0,718.0,19.0
1529,51,710,201,2690.0,1648.0,591.0,187.0
1530,51,710,202,4001.0,2652.0,661.0,204.0
1531,51,710,300,3270.0,1829.0,896.0,432.0
1532,51,710,400,3551.0,2186.0,984.0,328.0
1533,51,710,500,3159.0,2250.0,585.0,210.0
1534,51,710,600,4477.0,2326.0,1736.0,378.0
1535,51,710,700,2561.0,2016.0,474.0,130.0
1536,51,710,800,2163.0,1232.0,502.0,269.0
1537,51,710,901,5678.0,3746.0,1269.0,760.0
1538,51,710,902,15068.0,10517.0,3415.0,2031.0
1539,51,710,1100,2978.0,1126.0,1025.0,138.0
1540,51,710,1200,4105.0,2703.0,1008.0,346.0
1541,51,710,1300,2490.0,1301.0,849.0,242.0
1542,51,710,1400,2683.0,1919.0,457.0,135.0
1543,51,710,1500,2001.0,1165.0,658.0,127.0
1544,51,710,1600,2086.0,192.0,1658.0,103.0
1545,51,710,1700,2456.0,1345.0,1004.0,157.0
1546,51,710,2000,1315.0,1129.0,166.0,104.0
1547,51,710,2100,1471.0,1276.0,111.0,58.0
1548,51,710,2200,1901.0,1597.0,188.0,21.0
1549,51,710,2300,2161.0,1906.0,7.0,60.0
1550,51,710,2400,3878.0,3644.0,98.0,222.0
1551,51,710,2500,4816.0,2325.0,2091.0,226.0
1552,51,710,2600,4984.0,2256.0,2049.0,310.0
1553,51,710,2700,2976.0,316.0,2431.0,9.0
1554,51,710,2800,4114.0,2631.0,982.0,430.0
1555,51,710,2900,3617.0,462.0,2895.0,160.0
1556,51,710,3000,1919.0,1075.0,728.0,101.0
1557,51,710,3100,2751.0,741.0,1615.0,198.0
1558,51,710,3200,2949.0,565.0,2125.0,188.0
1559,51,710,3300,2720.0,420.0,2217.0,122.0
1560,51,710,3400,2402.0,240.0,2101.0,85.0
1561,51,710,3501,2926.0,122.0,2589.0,61.0
1562,51,710,3600,1565.0,1267.0,148.0,96.0
1563,51,710,3700,2160.0,1684.0,216.0,53.0
1564,51,710,3800,2991.0,2660.0,195.0,57.0
1565,51,710,4001,1205.0,1064.0,46.0,36.0
1566,51,710,4002,3351.0,2705.0,209.0,179.0
1567,51,710,4100,1963.0,64.0,1856.0,99.0
1568,51,710,4200,1575.0,50.0,1525.0,0.0
1569,51,710,4300,2809.0,48.0,2549.0,78.0
1570,51,710,4400,1509.0,132.0,1319.0,59.0
1571,51,710,4500,1713.0,20.0,1554.0,74.0
1572,51,710,4600,1954.0,192.0,1663.0,0.0
1573,51,710,4700,2993.0,526.0,2387.0,82.0
1574,51,710,4800,1212.0,4.0,1150.0,50.0
1575,51,710,4900,4338.0,2669.0,1375.0,186.0
1576,51,710,5000,3510.0,73.0,3343.0,67.0
1577,51,710,5100,5200.0,294.0,4309.0,202.0
1578,51,710,5500,3824.0,1642.0,1514.0,977.0
1579,51,710,5601,4435.0,3457.0,602.0,125.0
1580,51,710,5602,3433.0,2328.0,896.0,148.0
1581,51,710,5701,5278.0,1464.0,3168.0,789.0
1582,51,710,5702,2435.0,555.0,1810.0,76.0
1583,51,710,5800,4519.0,426.0,3825.0,192.0
1584,51,710,5901,4954.0,1186.0,3156.0,862.0
1585,51,710,5902,3694.0,1401.0,1625.0,173.0
1586,51,710,5903,1658.0,649.0,786.0,85.0
1587,51,710,6000,3770.0,2029.0,1426.0,104.0
1588,51,710,6100,7847.0,3629.0,3624.0,811.0
1589,51,710,6200,2945.0,1637.0,1012.0,172.0
1590,51,710,6400,3972.0,793.0,2915.0,184.0
1591,51,710,6501,3318.0,1797.0,1214.0,288.0
1592,51,710,6502,2999.0,2056.0,678.0,112.0
1593,51,710,6601,993.0,487.0,439.0,51.0
1594,51,710,6602,2523.0,2279.0,52.0,113.0
1595,51,710,6603,2505.0,1803.0,297.0,170.0
1596,51,710,6604,2267.0,1213.0,453.0,234.0
1597,51,710,6605,2745.0,1623.0,647.0,241.0
1598,51,710,6606,4162.0,2587.0,1243.0,545.0
1599,51,710,6607,2886.0,1480.0,852.0,129.0
1600,51,710,6800,1819.0,971.0,624.0,202.0
1601,51,710,6901,3801.0,988.0,2111.0,540.0
1602,51,710,6902,2689.0,1423.0,751.0,258.0
1603,51,710,7001,1621.0,473.0,1007.0,45.0
1604,51,710,7002,3649.0,1136.0,1994.0,287.0
1605,51,710,980100,0.0,0.0,0.0,0.0
1606,51,710,980200,0.0,0.0,0.0,0.0
1607,51,710,980300,0.0,0.0,0.0,0.0
1608,51,720,960100,4007.0,3507.0,137.0,97.0
1609,51,730,810100,2712.0,116.0,2457.0,14.0
1610,51,730,810300,2602.0,417.0,1852.0,241.0
1611,51,730,810400,1284.0,88.0,1097.0,35.0
1612,51,730,810500,4216.0,482.0,3637.0,71.0
1613,51,730,810600,1604.0,34.0,1439.0,19.0
1614,51,730,810700,2379.0,299.0,2055.0,140.0
1615,51,730,810900,3688.0,745.0,2803.0,147.0
1616,51,730,811000,4265.0,1443.0,2760.0,176.0
1617,51,730,811100,2953.0,669.0,2179.0,34.0
1618,51,730,811200,4043.0,904.0,2837.0,407.0
1619,51,730,811300,2377.0,633.0,1642.0,77.0
1620,51,735,340100,3681.0,3461.0,84.0,84.0
1621,51,735,340200,5299.0,5046.0,35.0,130.0
1622,51,735,340300,3097.0,2880.0,0.0,58.0
1623,51,735,990100,0.0,0.0,0.0,0.0
1624,51,740,210200,2089.0,1384.0,586.0,21.0
1625,51,740,210300,2435.0,1345.0,915.0,167.0
1626,51,740,210400,1464.0,1115.0,287.0,72.0
1627,51,740,210500,2054.0,127.0,1914.0,79.0
1628,51,740,210600,1677.0,1077.0,422.0,140.0
1629,51,740,210900,2960.0,1894.0,966.0,121.0
1630,51,740,211100,1848.0,91.0,1598.0,0.0
1631,51,740,211400,1989.0,26.0,1863.0,5.0
1632,51,740,211500,1948.0,728.0,1104.0,68.0
1633,51,740,211600,4233.0,3317.0,709.0,324.0
1634,51,740,211700,2754.0,211.0,2403.0,49.0
1635,51,740,211800,3888.0,86.0,3651.0,30.0
1636,51,740,211900,1673.0,107.0,1461.0,8.0
1637,51,740,212000,2126.0,4.0,2058.0,10.0
1638,51,740,212100,1305.0,35.0,1257.0,15.0
1639,51,740,212300,4446.0,2260.0,2003.0,159.0
1640,51,740,212400,3589.0,1224.0,2049.0,136.0
1641,51,740,212500,2236.0,1385.0,509.0,211.0
1642,51,740,212600,1115.0,715.0,384.0,0.0
1643,51,740,212701,5501.0,184.0,4960.0,268.0
1644,51,740,212702,3303.0,105.0,3119.0,5.0
1645,51,740,212801,4120.0,2272.0,1662.0,68.0
1646,51,740,212802,2707.0,2168.0,444.0,63.0
1647,51,740,212900,5328.0,4527.0,489.0,119.0
1648,51,740,213001,6203.0,4038.0,1699.0,262.0
1649,51,740,213002,4476.0,3427.0,792.0,152.0
1650,51,740,213101,5505.0,987.0,4002.0,202.0
1651,51,740,213103,6316.0,2755.0,2825.0,466.0
1652,51,740,213104,4415.0,914.0,3321.0,45.0
1653,51,740,213200,2100.0,911.0,1071.0,154.0
1654,51,740,980100,332.0,213.0,77.0,90.0
1655,51,750,10101,4384.0,3942.0,322.0,111.0
1656,51,750,10102,5800.0,4696.0,659.0,263.0
1657,51,750,10200,6873.0,5911.0,586.0,136.0
1658,51,760,10200,4253.0,3138.0,912.0,26.0
1659,51,760,10300,1560.0,102.0,1450.0,20.0
1660,51,760,10401,3251.0,2134.0,1031.0,33.0
1661,51,760,10402,3302.0,2004.0,1158.0,50.0
1662,51,760,10500,1511.0,332.0,1044.0,39.0
1663,51,760,10600,2134.0,426.0,1578.0,0.0
1664,51,760,10700,2345.0,164.0,2159.0,80.0
1665,51,760,10800,4130.0,308.0,3741.0,0.0
1666,51,760,10900,3320.0,247.0,2945.0,45.0
1667,51,760,11000,2067.0,212.0,1693.0,0.0
1668,51,760,11100,2973.0,691.0,2113.0,40.0
1669,51,760,20100,1882.0,37.0,1845.0,0.0
1670,51,760,20200,4280.0,112.0,4075.0,83.0
1671,51,760,20300,1701.0,138.0,1560.0,3.0
1672,51,760,20400,4864.0,208.0,4526.0,103.0
1673,51,760,20500,4067.0,2663.0,824.0,115.0
1674,51,760,20600,1528.0,857.0,497.0,19.0
1675,51,760,20700,1258.0,245.0,956.0,12.0
1676,51,760,20800,1590.0,1054.0,390.0,0.0
1677,51,760,20900,3044.0,512.0,2430.0,22.0
1678,51,760,21000,1588.0,342.0,1234.0,15.0
1679,51,760,21100,1358.0,231.0,1090.0,43.0
1680,51,760,21200,1796.0,245.0,1511.0,0.0
1681,51,760,30100,2725.0,22.0,2559.0,54.0
1682,51,760,30200,2527.0,1457.0,764.0,84.0
1683,51,760,30500,3362.0,1667.0,855.0,124.0
1684,51,760,40200,3925.0,2095.0,1395.0,253.0
1685,51,760,40300,3674.0,1910.0,801.0,385.0
1686,51,760,40400,3131.0,2489.0,551.0,45.0
1687,51,760,40500,3021.0,2691.0,243.0,92.0
1688,51,760,40600,1629.0,1369.0,162.0,13.0
1689,51,760,40700,3012.0,2541.0,292.0,186.0
1690,51,760,40800,1624.0,1438.0,104.0,44.0
1691,51,760,40900,2756.0,2209.0,332.0,57.0
1692,51,760,41000,2915.0,2675.0,79.0,43.0
1693,51,760,41100,4126.0,3192.0,795.0,92.0
1694,51,760,41200,1287.0,1088.0,31.0,53.0
1695,51,760,41300,3131.0,679.0,2304.0,0.0
1696,51,760,41400,1984.0,923.0,987.0,30.0
1697,51,760,41600,1565.0,771.0,735.0,25.0
1698,51,760,50100,3000.0,2586.0,316.0,25.0
1699,51,760,50200,3141.0,2971.0,14.0,39.0
1700,51,760,50300,1484.0,1416.0,4.0,5.0
1701,51,760,50400,3075.0,2725.0,171.0,105.0
1702,51,760,50500,4846.0,4122.0,318.0,202.0
1703,51,760,50600,2562.0,2474.0,14.0,14.0
1704,51,760,60200,2268.0,327.0,1884.0,180.0
1705,51,760,60400,5392.0,736.0,4219.0,75.0
1706,51,760,60500,5846.0,3175.0,2224.0,109.0
1707,51,760,60600,2638.0,2198.0,396.0,41.0
1708,51,760,60700,5301.0,322.0,4671.0,186.0
1709,51,760,60800,3276.0,820.0,2213.0,638.0
1710,51,760,60900,1534.0,728.0,573.0,560.0
1711,51,760,61000,4158.0,1239.0,2650.0,149.0
1712,51,760,70100,5264.0,3926.0,984.0,168.0
1713,51,760,70300,3595.0,2361.0,1018.0,598.0
1714,51,760,70400,3905.0,2992.0,802.0,66.0
1715,51,760,70601,6515.0,2858.0,2415.0,3365.0
1716,51,760,70602,2490.0,513.0,1648.0,595.0
1717,51,760,70700,5177.0,1482.0,3123.0,1291.0
1718,51,760,70801,7741.0,1303.0,6108.0,526.0
1719,51,760,70802,2619.0,699.0,1765.0,177.0
1720,51,760,70900,7723.0,1863.0,4933.0,1442.0
1721,51,760,71001,5146.0,1115.0,3155.0,376.0
1722,51,760,71002,3706.0,878.0,2479.0,260.0
1723,51,760,71100,5137.0,2655.0,2070.0,60.0
1724,51,770,100,3983.0,996.0,2626.0,206.0
1725,51,770,300,4547.0,2670.0,1181.0,504.0
1726,51,770,400,4716.0,4272.0,309.0,222.0
1727,51,770,500,5245.0,3231.0,1249.0,826.0
1728,51,770,601,5190.0,4404.0,506.0,360.0
1729,51,770,602,4062.0,3003.0,481.0,650.0
1730,51,770,900,5962.0,1762.0,4107.0,26.0
1731,51,770,1000,2321.0,788.0,1153.0,337.0
1732,51,770,1100,1326.0,948.0,315.0,51.0
1733,51,770,1200,3185.0,2598.0,376.0,185.0
1734,51,770,1800,4274.0,3648.0,390.0,45.0
1735,51,770,1900,5016.0,3833.0,440.0,415.0
1736,51,770,2100,3117.0,2907.0,110.0,13.0
1737,51,770,2200,2833.0,1692.0,903.0,88.0
1738,51,770,2300,7185.0,2236.0,3816.0,381.0
1739,51,770,2400,3472.0,288.0,2953.0,12.0
1740,51,770,2500,5494.0,1003.0,4220.0,167.0
1741,51,770,2600,2726.0,1821.0,712.0,89.0
1742,51,770,2700,4874.0,4322.0,353.0,306.0
1743,51,770,2800,5656.0,4913.0,277.0,246.0
1744,51,770,2900,5676.0,5310.0,254.0,96.0
1745,51,770,3000,3891.0,3267.0,396.0,131.0
1746,51,770,3100,3985.0,3431.0,287.0,452.0
1747,51,775,10100,5872.0,4720.0,1083.0,104.0
1748,51,775,10200,6363.0,5958.0,158.0,107.0
1749,51,775,10300,4353.0,3596.0,604.0,87.0
1750,51,775,10501,3679.0,3316.0,40.0,347.0
1751,51,775,10502,4898.0,4583.0,76.0,149.0
1752,51,790,100,1066.0,932.0,55.0,21.0
1753,51,790,200,3691.0,2918.0,626.0,128.0
1754,51,790,300,5574.0,4587.0,694.0,210.0
1755,51,790,400,7083.0,5984.0,769.0,115.0
1756,51,790,500,2915.0,2436.0,230.0,79.0
1757,51,790,600,3864.0,3169.0,580.0,82.0
1758,51,800,65100,2178.0,215.0,1803.0,35.0
1759,51,800,65200,2236.0,1559.0,481.0,150.0
1760,51,800,65300,3421.0,1342.0,1988.0,125.0
1761,51,800,65400,3982.0,261.0,3471.0,49.0
1762,51,800,65500,2882.0,82.0,2635.0,12.0
1763,51,800,75101,7257.0,2477.0,4002.0,442.0
1764,51,800,75102,4205.0,3168.0,786.0,167.0
1765,51,800,75201,4724.0,3890.0,601.0,76.0
1766,51,800,75202,1275.0,764.0,440.0,0.0
1767,51,800,75203,3616.0,2113.0,1124.0,344.0
1768,51,800,75204,5193.0,2382.0,2412.0,295.0
1769,51,800,75301,2194.0,1729.0,303.0,105.0
1770,51,800,75302,2129.0,1562.0,479.0,35.0
1771,51,800,75401,2263.0,1354.0,765.0,203.0
1772,51,800,75402,4023.0,2034.0,1724.0,456.0
1773,51,800,75403,4329.0,2089.0,1839.0,147.0
1774,51,800,75404,1093.0,994.0,99.0,7.0
1775,51,800,75405,2195.0,2000.0,183.0,36.0
1776,51,800,75501,5010.0,2187.0,2577.0,56.0
1777,51,800,75502,4097.0,2178.0,1735.0,147.0
1778,51,800,75601,3616.0,389.0,3114.0,22.0
1779,51,800,75602,1587.0,1158.0,299.0,25.0
1780,51,800,75701,1626.0,780.0,827.0,4.0
1781,51,800,75702,3636.0,3039.0,448.0,77.0
1782,51,800,75703,1433.0,953.0,480.0,27.0
1783,51,800,75801,2972.0,2449.0,449.0,23.0
1784,51,800,75802,1680.0,951.0,688.0,0.0
1785,51,800,75803,1332.0,1029.0,268.0,37.0
1786,51,810,40000,4237.0,2953.0,899.0,586.0
1787,51,810,40200,4988.0,1939.0,2602.0,683.0
1788,51,810,40402,7157.0,2229.0,4205.0,381.0
1789,51,810,40403,3673.0,2545.0,688.0,709.0
1790,51,810,40404,6855.0,4536.0,1405.0,266.0
1791,51,810,40600,6533.0,2108.0,3718.0,578.0
1792,51,810,40801,4412.0,3028.0,974.0,359.0
1793,51,810,40802,4638.0,2568.0,1411.0,373.0
1794,51,810,41002,2020.0,1478.0,186.0,363.0
1795,51,810,41003,3566.0,2643.0,514.0,434.0
1796,51,810,41004,4045.0,2861.0,661.0,457.0
1797,51,810,41200,5623.0,5184.0,258.0,129.0
1798,51,810,41400,5219.0,4196.0,487.0,237.0
1799,51,810,41600,3383.0,2489.0,375.0,146.0
1800,51,810,41801,5158.0,3553.0,781.0,341.0
1801,51,810,41802,5464.0,4954.0,103.0,332.0
1802,51,810,42000,3449.0,3214.0,68.0,76.0
1803,51,810,42201,3624.0,3321.0,99.0,107.0
1804,51,810,42202,4602.0,4236.0,117.0,80.0
1805,51,810,42400,5160.0,4060.0,789.0,173.0
1806,51,810,42600,2612.0,2039.0,357.0,80.0
1807,51,810,42801,6110.0,4626.0,1015.0,586.0
1808,51,810,42802,4552.0,2478.0,1411.0,460.0
1809,51,810,43002,4192.0,3706.0,76.0,283.0
1810,51,810,43003,4630.0,4230.0,238.0,0.0
1811,51,810,43004,3963.0,3817.0,36.0,85.0
1812,51,810,43200,1231.0,967.0,164.0,190.0
1813,51,810,43400,1643.0,1587.0,0.0,0.0
1814,51,810,43600,1624.0,1571.0,0.0,12.0
1815,51,810,43800,3814.0,3478.0,163.0,71.0
1816,51,810,44001,6223.0,4661.0,1306.0,387.0
1817,51,810,44003,5106.0,4766.0,124.0,89.0
1818,51,810,44004,2368.0,1701.0,490.0,136.0
1819,51,810,44200,7130.0,3970.0,2236.0,751.0
1820,51,810,44401,3479.0,3213.0,0.0,185.0
1821,51,810,44402,5527.0,4604.0,426.0,118.0
1822,51,810,44600,6054.0,5638.0,187.0,304.0
1823,51,810,44805,3379.0,2228.0,801.0,463.0
1824,51,810,44806,3349.0,1498.0,1370.0,247.0
1825,51,810,44807,5898.0,3669.0,1407.0,645.0
1826,51,810,44808,3885.0,2902.0,532.0,424.0
1827,51,810,45000,2274.0,1572.0,412.0,295.0
1828,51,810,45200,3970.0,3054.0,617.0,546.0
1829,51,810,45405,4818.0,2484.0,1382.0,571.0
1830,51,810,45406,9749.0,3918.0,2982.0,1371.0
1831,51,810,45407,4855.0,3499.0,749.0,230.0
1832,51,810,45408,6716.0,4683.0,1180.0,621.0
1833,51,810,45412,1679.0,1400.0,41.0,27.0
1834,51,810,45414,5671.0,2983.0,1878.0,586.0
1835,51,810,45415,1975.0,1512.0,358.0,31.0
1836,51,810,45417,9179.0,7118.0,620.0,354.0
1837,51,810,45420,5172.0,4572.0,186.0,120.0
1838,51,810,45421,3340.0,2415.0,572.0,293.0
1839,51,810,45422,4906.0,3411.0,767.0,487.0
1840,51,810,45423,8703.0,6134.0,1702.0,335.0
1841,51,810,45424,5092.0,4311.0,288.0,166.0
1842,51,810,45425,2852.0,2476.0,152.0,210.0
1843,51,810,45426,6737.0,5433.0,642.0,632.0
1844,51,810,45427,6614.0,4911.0,1091.0,449.0
1845,51,810,45428,1407.0,1300.0,57.0,38.0
1846,51,810,45601,2862.0,2264.0,308.0,97.0
1847,51,810,45603,1786.0,1221.0,401.0,184.0
1848,51,810,45604,6572.0,4019.0,1640.0,771.0
1849,51,810,45801,4395.0,3013.0,512.0,478.0
1850,51,810,45803,2976.0,1921.0,725.0,152.0
1851,51,810,45805,1347.0,989.0,160.0,143.0
1852,51,810,45806,4152.0,2495.0,1007.0,726.0
1853,51,810,45807,1545.0,999.0,430.0,257.0
1854,51,810,45808,2707.0,1690.0,591.0,209.0
1855,51,810,45809,6960.0,3538.0,1651.0,743.0
1856,51,810,45810,2235.0,784.0,1304.0,182.0
1857,51,810,46002,4823.0,3859.0,552.0,352.0
1858,51,810,46005,6588.0,4112.0,1577.0,460.0
1859,51,810,46006,4663.0,3853.0,368.0,231.0
1860,51,810,46009,4841.0,3497.0,813.0,319.0
1861,51,810,46010,2698.0,1796.0,574.0,242.0
1862,51,810,46011,1463.0,958.0,291.0,81.0
1863,51,810,46012,7807.0,4532.0,2162.0,943.0
1864,51,810,46013,4415.0,2029.0,1345.0,484.0
1865,51,810,46014,4588.0,2510.0,1416.0,412.0
1866,51,810,46015,5855.0,3239.0,1447.0,580.0
1867,51,810,46016,3709.0,2297.0,573.0,184.0
1868,51,810,46204,4707.0,3967.0,380.0,213.0
1869,51,810,46206,5477.0,3326.0,869.0,155.0
1870,51,810,46207,6586.0,4085.0,1668.0,589.0
1871,51,810,46211,3217.0,2310.0,451.0,305.0
1872,51,810,46212,4018.0,2974.0,353.0,106.0
1873,51,810,46213,6416.0,3372.0,1556.0,639.0
1874,51,810,46214,5352.0,3189.0,1152.0,377.0
1875,51,810,46216,6399.0,3221.0,1575.0,398.0
1876,51,810,46217,5261.0,2767.0,1072.0,423.0
1877,51,810,46219,4013.0,1590.0,823.0,461.0
1878,51,810,46220,5627.0,2529.0,2346.0,383.0
1879,51,810,46221,4188.0,1286.0,2510.0,523.0
1880,51,810,46222,5287.0,3510.0,869.0,242.0
1881,51,810,46223,2695.0,1932.0,340.0,97.0
1882,51,810,46224,4566.0,2266.0,1294.0,376.0
1883,51,810,46225,4157.0,2348.0,928.0,292.0
1884,51,810,46400,5053.0,4758.0,169.0,151.0
1885,51,810,990100,0.0,0.0,0.0,0.0
1886,51,820,3100,1299.0,1083.0,152.0,303.0
1887,51,820,3200,5358.0,3956.0,1143.0,184.0
1888,51,820,3300,4682.0,3351.0,940.0,320.0
1889,51,820,3400,5396.0,4619.0,288.0,504.0
1890,51,820,3500,4415.0,4155.0,172.0,110.0
1891,51,830,370100,4618.0,4070.0,232.0,216.0
1892,51,830,370200,3184.0,2060.0,952.0,429.0
1893,51,830,370300,6952.0,4919.0,1070.0,393.0
1894,51,840,100,7334.0,5521.0,1184.0,2156.0
1895,51,840,201,3513.0,2971.0,213.0,311.0
1896,51,840,202,5571.0,4737.0,420.0,240.0
1897,51,840,301,4864.0,3629.0,649.0,600.0
1898,51,840,302,5886.0,5051.0,420.0,1123.0
