rn,D04,R04,D08,R08,D12,R12,D16,R16
0.0,903.0,1102.0,954.0,1015.0,876.0,1127.0,733.0,1285.0
1.0,962.0,809.0,1037.0,643.0,1022.0,789.0,683.0,1046.0
2.0,620.0,465.0,655.0,374.0,449.0,342.0,281.0,488.0
3.0,830.0,664.0,903.0,462.0,988.0,680.0,628.0,893.0
4.0,419.0,287.0,428.0,205.0,497.0,253.0,269.0,357.0
5.0,824.0,667.0,811.0,532.0,788.0,678.0,519.0,956.0
6.0,887.0,892.0,1011.0,731.0,924.0,782.0,655.0,932.0
7.0,544.0,125.0,518.0,87.0,585.0,119.0,464.0,136.0
8.0,1107.0,614.0,2561.0,924.0,2357.0,981.0,1986.0,1151.0
9.0,496.0,358.0,1036.0,541.0,905.0,572.0,751.0,655.0
10.0,792.0,630.0,807.0,567.0,780.0,637.0,526.0,806.0
11.0,551.0,385.0,569.0,286.0,486.0,291.0,314.0,361.0
12.0,436.0,421.0,451.0,346.0,410.0,355.0,253.0,416.0
13.0,173.0,67.0,190.0,57.0,209.0,51.0,159.0,53.0
14.0,798.0,795.0,873.0,734.0,852.0,904.0,622.0,1142.0
15.0,1610.0,1331.0,1648.0,1165.0,1407.0,1238.0,1083.0,1531.0
16.0,1090.0,970.0,979.0,834.0,952.0,985.0,629.0,1224.0
17.0,1303.0,1599.0,1361.0,1348.0,1236.0,1402.0,871.0,1590.0
18.0,1940.0,2106.0,2026.0,1700.0,1729.0,1691.0,1282.0,2018.0
19.0,1588.0,1619.0,1782.0,1474.0,1636.0,1562.0,1191.0,1740.0
20.0,486.0,586.0,542.0,539.0,595.0,763.0,408.0,896.0
21.0,859.0,901.0,835.0,760.0,784.0,882.0,519.0,1087.0
22.0,469.0,592.0,509.0,550.0,379.0,511.0,284.0,573.0
23.0,1716.0,1657.0,1702.0,1481.0,1554.0,1667.0,1169.0,1981.0
24.0,1026.0,389.0,1068.0,294.0,1185.0,312.0,985.0,308.0
25.0,723.0,468.0,679.0,469.0,686.0,521.0,570.0,592.0
26.0,1642.0,914.0,1718.0,801.0,1754.0,829.0,1538.0,902.0
27.0,781.0,531.0,771.0,509.0,734.0,564.0,559.0,649.0
28.0,1072.0,951.0,1083.0,853.0,1019.0,896.0,831.0,1041.0
29.0,571.0,497.0,648.0,333.0,617.0,259.0,478.0,283.0
30.0,1191.0,1189.0,1319.0,932.0,1479.0,1067.0,1113.0,1077.0
31.0,539.0,697.0,594.0,519.0,1521.0,1351.0,1209.0,1389.0
32.0,1580.0,1686.0,1768.0,1245.0,1752.0,1627.0,1365.0,1634.0
33.0,1389.0,1155.0,1528.0,813.0,1506.0,942.0,1133.0,982.0
34.0,492.0,647.0,575.0,491.0,434.0,437.0,359.0,421.0
35.0,1447.0,960.0,1597.0,609.0,1345.0,559.0,959.0,658.0
36.0,1456.0,1417.0,1577.0,1027.0,1090.0,761.0,852.0,873.0
37.0,0.0,0.0,0.0,0.0,694.0,457.0,515.0,508.0
38.0,939.0,860.0,1111.0,604.0,708.0,425.0,497.0,465.0
39.0,434.0,258.0,395.0,118.0,489.0,193.0,403.0,207.0
40.0,216.0,121.0,239.0,107.0,557.0,217.0,453.0,222.0
41.0,856.0,539.0,932.0,340.0,529.0,257.0,416.0,281.0
42.0,438.0,178.0,401.0,102.0,807.0,294.0,628.0,295.0
43.0,1024.0,680.0,1091.0,496.0,649.0,320.0,606.0,304.0
44.0,1306.0,958.0,1296.0,695.0,1180.0,740.0,992.0,735.0
45.0,1135.0,1028.0,1271.0,785.0,1302.0,895.0,991.0,919.0
46.0,1434.0,1009.0,1497.0,696.0,1177.0,629.0,1023.0,630.0
47.0,920.0,745.0,1047.0,491.0,1094.0,651.0,909.0,672.0
48.0,1062.0,1248.0,1225.0,993.0,1853.0,1667.0,1660.0,1638.0
49.0,1397.0,1531.0,1869.0,1278.0,803.0,941.0,741.0,983.0
50.0,1317.0,1538.0,1527.0,1270.0,1315.0,1228.0,1158.0,1172.0
51.0,1785.0,2389.0,2397.0,2017.0,1483.0,1312.0,1169.0,1270.0
52.0,690.0,932.0,1002.0,859.0,1306.0,1522.0,1099.0,1568.0
53.0,2381.0,3424.0,3365.0,3068.0,2727.0,2966.0,2785.0,3022.0
54.0,1836.0,2245.0,2285.0,1793.0,1939.0,2045.0,1426.0,1504.0
55.0,1526.0,2131.0,2334.0,2093.0,2476.0,2909.0,2216.0,3083.0
56.0,642.0,1168.0,1067.0,1302.0,1256.0,2049.0,1376.0,2097.0
57.0,1500.0,1944.0,1866.0,1698.0,1634.0,2167.0,1296.0,2383.0
58.0,1168.0,2221.0,1495.0,1996.0,1670.0,2789.0,1285.0,3044.0
59.0,1099.0,1954.0,1514.0,1724.0,1609.0,2740.0,1523.0,3177.0
60.0,406.0,540.0,460.0,435.0,727.0,917.0,550.0,748.0
61.0,2332.0,3636.0,3032.0,3160.0,2110.0,2621.0,1949.0,2946.0
62.0,1182.0,1900.0,1591.0,1822.0,1644.0,2293.0,1590.0,2719.0
63.0,1147.0,1377.0,1366.0,1143.0,1190.0,1337.0,845.0,1631.0
64.0,250.0,423.0,301.0,335.0,255.0,377.0,167.0,391.0
65.0,1438.0,2293.0,2125.0,2120.0,2000.0,2342.0,1911.0,2891.0
66.0,658.0,808.0,927.0,775.0,1526.0,1844.0,1380.0,1608.0
67.0,872.0,829.0,1021.0,626.0,997.0,974.0,1010.0,856.0
68.0,1280.0,1504.0,1537.0,1224.0,792.0,775.0,852.0,847.0
69.0,410.0,658.0,447.0,497.0,431.0,421.0,410.0,471.0
70.0,345.0,497.0,339.0,320.0,398.0,390.0,204.0,235.0
71.0,772.0,1192.0,985.0,1036.0,1116.0,1091.0,951.0,1096.0
72.0,1282.0,1536.0,1452.0,1155.0,1114.0,1123.0,893.0,1073.0
73.0,1353.0,2032.0,1616.0,1613.0,1200.0,1610.0,1039.0,1512.0
74.0,765.0,801.0,846.0,589.0,1037.0,893.0,772.0,926.0
75.0,620.0,996.0,891.0,908.0,1144.0,1274.0,1098.0,1362.0
76.0,1123.0,1833.0,1629.0,1739.0,1391.0,2200.0,1233.0,2563.0
77.0,415.0,813.0,513.0,685.0,456.0,937.0,317.0,955.0
78.0,1012.0,1435.0,1313.0,1310.0,1482.0,1835.0,1040.0,2081.0
79.0,432.0,729.0,590.0,690.0,556.0,847.0,567.0,902.0
80.0,696.0,1237.0,862.0,1097.0,1079.0,1725.0,1069.0,1613.0
81.0,1423.0,1946.0,1652.0,1568.0,1686.0,1700.0,1405.0,1721.0
82.0,1208.0,1218.0,1316.0,891.0,218.0,239.0,185.0,231.0
83.0,368.0,323.0,393.0,241.0,327.0,279.0,185.0,351.0
84.0,963.0,939.0,925.0,732.0,916.0,843.0,627.0,1051.0
85.0,449.0,414.0,442.0,366.0,382.0,422.0,254.0,517.0
86.0,1068.0,860.0,1036.0,774.0,910.0,845.0,718.0,975.0
87.0,838.0,688.0,817.0,590.0,752.0,722.0,538.0,850.0
88.0,934.0,927.0,963.0,792.0,893.0,877.0,722.0,995.0
89.0,724.0,578.0,646.0,501.0,612.0,576.0,449.0,725.0
90.0,1014.0,922.0,948.0,803.0,898.0,847.0,650.0,1123.0
91.0,823.0,819.0,778.0,747.0,745.0,903.0,525.0,1103.0
92.0,604.0,837.0,605.0,770.0,418.0,700.0,301.0,764.0
93.0,544.0,802.0,521.0,724.0,589.0,852.0,428.0,945.0
94.0,1044.0,1762.0,1300.0,1372.0,1167.0,1687.0,807.0,1910.0
95.0,422.0,742.0,506.0,622.0,423.0,760.0,243.0,842.0
96.0,1843.0,2153.0,2207.0,1620.0,1922.0,1804.0,1626.0,1632.0
97.0,802.0,967.0,1079.0,706.0,852.0,629.0,676.0,591.0
98.0,951.0,1565.0,1290.0,1376.0,798.0,1208.0,782.0,1212.0
99.0,462.0,648.0,598.0,555.0,584.0,722.0,806.0,1133.0
100.0,663.0,949.0,739.0,816.0,576.0,996.0,454.0,1080.0
101.0,1385.0,1938.0,1604.0,1559.0,1416.0,1870.0,1025.0,2090.0
102.0,1246.0,1369.0,1418.0,1098.0,1165.0,1345.0,848.0,1429.0
103.0,226.0,197.0,1196.0,1493.0,1703.0,2372.0,1305.0,2017.0
104.0,809.0,1070.0,1456.0,1450.0,737.0,876.0,822.0,911.0
105.0,894.0,655.0,1194.0,744.0,989.0,818.0,802.0,931.0
106.0,1139.0,1097.0,1258.0,918.0,1325.0,1189.0,1074.0,1397.0
107.0,2279.0,2161.0,2399.0,1887.0,2218.0,1845.0,1859.0,1972.0
108.0,635.0,658.0,705.0,574.0,455.0,453.0,333.0,528.0
109.0,2342.0,2441.0,2581.0,2031.0,2499.0,2336.0,2009.0,2579.0
110.0,1414.0,1503.0,1598.0,1360.0,1770.0,1804.0,1572.0,2135.0
111.0,1365.0,1367.0,1429.0,1171.0,1603.0,1448.0,1066.0,1847.0
112.0,740.0,916.0,805.0,751.0,711.0,859.0,446.0,1113.0
113.0,989.0,1276.0,1113.0,1180.0,955.0,1202.0,695.0,1443.0
114.0,682.0,883.0,723.0,742.0,556.0,861.0,412.0,998.0
115.0,1488.0,1616.0,1624.0,1369.0,1599.0,1963.0,1171.0,2312.0
116.0,1073.0,1397.0,1134.0,1064.0,836.0,1219.0,652.0,1288.0
117.0,777.0,808.0,936.0,713.0,715.0,742.0,497.0,922.0
118.0,1451.0,1448.0,1468.0,1289.0,1162.0,1137.0,767.0,1463.0
119.0,586.0,570.0,581.0,485.0,415.0,454.0,281.0,537.0
120.0,985.0,1279.0,1153.0,989.0,917.0,1305.0,593.0,1473.0
121.0,716.0,884.0,819.0,697.0,758.0,990.0,504.0,1176.0
122.0,1258.0,1484.0,1380.0,1224.0,1208.0,1331.0,844.0,1520.0
123.0,334.0,332.0,352.0,286.0,302.0,314.0,197.0,398.0
124.0,645.0,1376.0,763.0,1096.0,766.0,1121.0,580.0,1153.0
125.0,1358.0,1548.0,1618.0,1244.0,1683.0,1278.0,1190.0,1473.0
126.0,95.0,145.0,118.0,108.0,116.0,94.0,241.0,320.0
127.0,1519.0,1381.0,1740.0,1068.0,2143.0,1256.0,1592.0,1338.0
128.0,1347.0,1409.0,1534.0,1086.0,1560.0,1143.0,1198.0,1360.0
129.0,918.0,1004.0,1083.0,846.0,555.0,491.0,472.0,520.0
130.0,1138.0,1031.0,1363.0,890.0,1653.0,1176.0,1264.0,1262.0
131.0,2696.0,2366.0,2953.0,2043.0,2829.0,2065.0,2577.0,2135.0
132.0,883.0,887.0,1084.0,777.0,972.0,799.0,806.0,878.0
133.0,865.0,784.0,971.0,604.0,1025.0,754.0,756.0,874.0
134.0,574.0,679.0,723.0,540.0,645.0,508.0,491.0,565.0
135.0,1578.0,1644.0,1948.0,1329.0,2221.0,1528.0,1808.0,1625.0
136.0,1127.0,726.0,1166.0,544.0,1058.0,537.0,770.0,675.0
137.0,683.0,524.0,705.0,428.0,678.0,438.0,548.0,592.0
138.0,561.0,496.0,632.0,354.0,579.0,386.0,368.0,542.0
139.0,498.0,474.0,538.0,381.0,289.0,290.0,208.0,366.0
140.0,835.0,604.0,869.0,434.0,948.0,621.0,689.0,771.0
141.0,1086.0,958.0,1216.0,775.0,1182.0,875.0,913.0,997.0
142.0,1701.0,592.0,1759.0,460.0,1543.0,302.0,1602.0,227.0
143.0,733.0,327.0,788.0,240.0,1322.0,270.0,1364.0,168.0
144.0,975.0,437.0,1062.0,334.0,1466.0,567.0,1512.0,376.0
145.0,3442.0,1644.0,3851.0,1242.0,3289.0,1218.0,3417.0,821.0
146.0,0.0,0.0,0.0,0.0,1674.0,682.0,1722.0,508.0
147.0,2226.0,695.0,2450.0,528.0,2583.0,513.0,2662.0,349.0
148.0,2014.0,581.0,2095.0,460.0,1386.0,290.0,1513.0,167.0
149.0,1027.0,350.0,1061.0,256.0,2099.0,416.0,2161.0,275.0
150.0,1370.0,576.0,1578.0,414.0,2594.0,758.0,2366.0,461.0
151.0,1714.0,1198.0,2415.0,1146.0,0.0,0.0,0.0,0.0
152.0,1850.0,696.0,2082.0,465.0,2126.0,548.0,1902.0,343.0
153.0,689.0,325.0,798.0,266.0,1989.0,609.0,2029.0,449.0
154.0,2477.0,1234.0,2645.0,875.0,2146.0,639.0,1995.0,523.0
155.0,3109.0,1642.0,3733.0,1170.0,4832.0,1730.0,4728.0,1092.0
156.0,3147.0,1675.0,3927.0,1221.0,5298.0,1962.0,5672.0,1434.0
157.0,2502.0,1039.0,2718.0,762.0,2341.0,685.0,2193.0,449.0
158.0,1971.0,499.0,1964.0,359.0,1897.0,395.0,1930.0,234.0
159.0,2271.0,391.0,2298.0,285.0,2327.0,300.0,2400.0,181.0
160.0,1593.0,240.0,1621.0,198.0,719.0,86.0,746.0,44.0
161.0,1417.0,333.0,1503.0,196.0,1467.0,291.0,1519.0,145.0
162.0,1390.0,247.0,1545.0,178.0,2124.0,281.0,2258.0,189.0
163.0,1759.0,779.0,1864.0,628.0,1831.0,786.0,2159.0,646.0
164.0,3554.0,1405.0,3629.0,1011.0,2410.0,844.0,2622.0,594.0
165.0,2810.0,634.0,2899.0,512.0,2695.0,524.0,2827.0,358.0
166.0,1422.0,231.0,1499.0,166.0,0.0,0.0,0.0,0.0
167.0,2345.0,437.0,2406.0,238.0,2366.0,249.0,2298.0,266.0
168.0,1670.0,510.0,1763.0,346.0,1907.0,347.0,1721.0,260.0
169.0,1717.0,886.0,2081.0,731.0,3678.0,1486.0,4067.0,1111.0
170.0,0.0,0.0,0.0,0.0,1201.0,318.0,1059.0,268.0
171.0,1407.0,591.0,1384.0,413.0,1578.0,437.0,1528.0,411.0
172.0,5060.0,1938.0,5674.0,1592.0,3291.0,1571.0,3978.0,1293.0
173.0,2659.0,628.0,2494.0,458.0,1835.0,717.0,2072.0,452.0
174.0,2325.0,552.0,2868.0,652.0,1981.0,403.0,2479.0,281.0
175.0,720.0,191.0,748.0,123.0,2470.0,830.0,3198.0,653.0
176.0,1249.0,273.0,1526.0,285.0,1414.0,315.0,1681.0,226.0
177.0,2328.0,277.0,2411.0,224.0,2342.0,286.0,2282.0,155.0
178.0,1203.0,108.0,1202.0,78.0,2243.0,178.0,2433.0,134.0
179.0,1441.0,178.0,1392.0,119.0,2141.0,196.0,1810.0,107.0
180.0,4113.0,233.0,4236.0,192.0,4506.0,209.0,4452.0,148.0
181.0,3145.0,320.0,3237.0,209.0,3686.0,307.0,3299.0,181.0
182.0,3080.0,671.0,3172.0,467.0,3161.0,248.0,2929.0,241.0
183.0,1527.0,420.0,1638.0,288.0,2402.0,367.0,2045.0,349.0
184.0,841.0,229.0,919.0,189.0,948.0,146.0,822.0,154.0
185.0,1133.0,692.0,1225.0,566.0,1306.0,618.0,1180.0,451.0
186.0,2724.0,1255.0,2944.0,960.0,2896.0,932.0,2865.0,777.0
187.0,1482.0,446.0,1626.0,322.0,1517.0,235.0,1318.0,222.0
188.0,279.0,66.0,319.0,37.0,15.0,1.0,11.0,2.0
189.0,491.0,147.0,524.0,111.0,788.0,115.0,695.0,117.0
190.0,1822.0,845.0,1969.0,619.0,2640.0,730.0,2307.0,683.0
191.0,1374.0,650.0,1676.0,455.0,1717.0,493.0,1652.0,363.0
192.0,1952.0,691.0,2047.0,496.0,1894.0,340.0,2065.0,426.0
193.0,1534.0,514.0,1586.0,393.0,2414.0,651.0,2262.0,511.0
194.0,376.0,178.0,377.0,117.0,878.0,228.0,808.0,189.0
195.0,2964.0,1464.0,3105.0,1095.0,4963.0,1536.0,5113.0,1424.0
196.0,2608.0,1137.0,3583.0,1082.0,3131.0,849.0,2915.0,747.0
197.0,1465.0,781.0,1582.0,649.0,1787.0,619.0,1694.0,512.0
198.0,915.0,212.0,1021.0,185.0,1007.0,181.0,1049.0,113.0
199.0,500.0,109.0,512.0,75.0,536.0,100.0,662.0,62.0
200.0,326.0,294.0,369.0,233.0,576.0,448.0,690.0,294.0
201.0,1430.0,659.0,1653.0,548.0,1652.0,517.0,1776.0,418.0
202.0,1325.0,598.0,1373.0,427.0,1328.0,413.0,1301.0,355.0
203.0,2795.0,1543.0,3442.0,1328.0,1934.0,886.0,2051.0,765.0
204.0,1630.0,1180.0,1971.0,1008.0,3014.0,1730.0,2642.0,1268.0
205.0,1117.0,828.0,1164.0,622.0,1020.0,576.0,932.0,560.0
206.0,2010.0,1373.0,2332.0,1029.0,2493.0,1029.0,3151.0,1014.0
207.0,464.0,292.0,736.0,304.0,743.0,300.0,497.0,237.0
208.0,1893.0,1551.0,2382.0,1269.0,2251.0,1314.0,2657.0,1155.0
209.0,1570.0,1282.0,2147.0,1300.0,1922.0,1359.0,2540.0,1093.0
210.0,692.0,749.0,822.0,606.0,1947.0,1685.0,2109.0,1266.0
211.0,663.0,709.0,846.0,623.0,1169.0,1078.0,1302.0,826.0
212.0,1840.0,942.0,2100.0,754.0,2248.0,897.0,2318.0,717.0
213.0,3463.0,1758.0,4007.0,1400.0,3927.0,1697.0,4462.0,1256.0
214.0,2018.0,1344.0,2260.0,1062.0,2197.0,963.0,2124.0,789.0
215.0,1029.0,957.0,1328.0,933.0,1981.0,1557.0,2163.0,1408.0
216.0,2093.0,2027.0,2641.0,1749.0,2414.0,1920.0,2503.0,1683.0
217.0,779.0,723.0,963.0,679.0,876.0,688.0,964.0,630.0
218.0,1314.0,860.0,1513.0,659.0,1428.0,756.0,1413.0,677.0
219.0,1203.0,881.0,1397.0,698.0,2210.0,1164.0,2092.0,1031.0
220.0,1448.0,1497.0,1940.0,1308.0,1434.0,1066.0,2061.0,1483.0
221.0,1916.0,2057.0,2578.0,1713.0,2694.0,1611.0,2714.0,1630.0
222.0,2721.0,2074.0,3548.0,1719.0,2971.0,1707.0,2381.0,1135.0
223.0,938.0,706.0,1143.0,548.0,1362.0,801.0,1273.0,656.0
224.0,1558.0,1268.0,1986.0,998.0,2774.0,1593.0,2851.0,1413.0
225.0,485.0,511.0,590.0,435.0,658.0,491.0,560.0,506.0
226.0,2320.0,2152.0,2781.0,1617.0,2792.0,1854.0,2221.0,2009.0
227.0,2005.0,1506.0,2371.0,1254.0,2430.0,1510.0,2164.0,1539.0
228.0,2521.0,2122.0,3340.0,1898.0,3267.0,2003.0,3132.0,1840.0
229.0,685.0,593.0,741.0,485.0,430.0,310.0,731.0,557.0
230.0,640.0,413.0,753.0,315.0,732.0,369.0,592.0,463.0
231.0,718.0,420.0,790.0,333.0,1350.0,775.0,801.0,423.0
232.0,4155.0,2915.0,4537.0,2193.0,4383.0,1995.0,4502.0,2315.0
233.0,1155.0,766.0,1370.0,594.0,1348.0,647.0,1161.0,649.0
234.0,999.0,669.0,1207.0,556.0,1237.0,673.0,1125.0,632.0
235.0,2086.0,1420.0,2365.0,1104.0,2576.0,1334.0,2370.0,1054.0
236.0,2129.0,1484.0,2959.0,1476.0,2362.0,1319.0,2607.0,1353.0
237.0,990.0,565.0,1102.0,494.0,882.0,423.0,804.0,434.0
238.0,1425.0,858.0,1637.0,755.0,1375.0,708.0,1358.0,648.0
239.0,2105.0,1468.0,2444.0,1271.0,2699.0,1583.0,2575.0,1358.0
240.0,908.0,780.0,1044.0,657.0,1024.0,776.0,928.0,711.0
241.0,1731.0,1239.0,1954.0,1071.0,1957.0,1202.0,1852.0,1096.0
242.0,1562.0,964.0,1789.0,789.0,1851.0,911.0,1572.0,940.0
243.0,827.0,882.0,1063.0,792.0,1056.0,932.0,912.0,958.0
244.0,1546.0,1446.0,1953.0,1242.0,2111.0,1407.0,2269.0,1506.0
245.0,2106.0,1907.0,2928.0,1651.0,3108.0,1911.0,2798.0,1795.0
246.0,2272.0,1635.0,2887.0,1420.0,2979.0,1767.0,3334.0,1491.0
247.0,1383.0,390.0,1488.0,294.0,713.0,216.0,751.0,191.0
248.0,763.0,278.0,827.0,195.0,1513.0,191.0,1523.0,143.0
249.0,1067.0,2403.0,1205.0,2069.0,1165.0,2543.0,845.0,2470.0
250.0,87.0,224.0,99.0,178.0,334.0,569.0,213.0,600.0
251.0,1638.0,3485.0,1951.0,2927.0,2077.0,2779.0,1448.0,3037.0
252.0,200.0,453.0,230.0,379.0,146.0,249.0,89.0,256.0
253.0,851.0,1560.0,976.0,1277.0,1043.0,1261.0,731.0,1404.0
254.0,554.0,710.0,570.0,617.0,599.0,669.0,431.0,737.0
255.0,1447.0,1615.0,1748.0,1317.0,1848.0,1314.0,1449.0,1500.0
256.0,1105.0,1134.0,1331.0,881.0,1270.0,898.0,1018.0,1094.0
257.0,1073.0,1081.0,1187.0,880.0,1354.0,1027.0,886.0,1119.0
258.0,1035.0,988.0,1189.0,801.0,1217.0,885.0,967.0,924.0
259.0,758.0,1370.0,864.0,1127.0,979.0,1304.0,692.0,1409.0
260.0,1217.0,1634.0,1299.0,1327.0,1061.0,1240.0,738.0,1351.0
261.0,1308.0,2160.0,1490.0,1870.0,1226.0,1806.0,962.0,2050.0
262.0,527.0,1327.0,605.0,1154.0,580.0,1347.0,418.0,1372.0
263.0,519.0,1477.0,618.0,1405.0,514.0,1531.0,418.0,1525.0
264.0,495.0,1050.0,579.0,900.0,634.0,1295.0,431.0,1362.0
265.0,349.0,685.0,423.0,604.0,493.0,933.0,370.0,960.0
266.0,889.0,1266.0,1006.0,1033.0,932.0,979.0,646.0,1104.0
267.0,903.0,1483.0,996.0,1200.0,968.0,1487.0,720.0,1345.0
268.0,907.0,1571.0,1129.0,1413.0,774.0,1204.0,754.0,1218.0
269.0,633.0,763.0,800.0,633.0,555.0,536.0,481.0,504.0
270.0,1348.0,1233.0,1558.0,1036.0,1699.0,1363.0,1676.0,1262.0
271.0,711.0,708.0,837.0,568.0,684.0,550.0,513.0,477.0
272.0,680.0,723.0,826.0,653.0,828.0,805.0,792.0,963.0
273.0,677.0,796.0,862.0,603.0,767.0,700.0,536.0,869.0
274.0,1209.0,1288.0,1467.0,1002.0,1206.0,1049.0,1034.0,1078.0
275.0,1899.0,1899.0,2284.0,1437.0,2263.0,1631.0,1954.0,1733.0
276.0,556.0,696.0,665.0,536.0,659.0,709.0,533.0,769.0
277.0,654.0,804.0,843.0,644.0,696.0,778.0,495.0,925.0
278.0,1146.0,418.0,1126.0,361.0,1136.0,369.0,830.0,499.0
279.0,1143.0,582.0,1174.0,548.0,986.0,413.0,773.0,541.0
280.0,1119.0,536.0,1078.0,444.0,1807.0,775.0,1432.0,909.0
281.0,3203.0,1548.0,2990.0,1385.0,1736.0,823.0,1354.0,938.0
282.0,1029.0,428.0,964.0,417.0,860.0,382.0,723.0,483.0
283.0,773.0,344.0,769.0,335.0,966.0,469.0,808.0,573.0
284.0,1265.0,535.0,1142.0,504.0,1196.0,508.0,834.0,672.0
285.0,1122.0,428.0,1070.0,410.0,709.0,297.0,503.0,442.0
286.0,376.0,122.0,325.0,101.0,344.0,138.0,254.0,166.0
287.0,2445.0,1680.0,2360.0,1614.0,2372.0,1727.0,1801.0,2064.0
288.0,1722.0,919.0,1687.0,854.0,1584.0,870.0,1195.0,1166.0
289.0,1050.0,793.0,1002.0,757.0,1073.0,832.0,785.0,1098.0
290.0,911.0,791.0,872.0,673.0,803.0,734.0,566.0,938.0
291.0,1045.0,1088.0,1002.0,991.0,903.0,1120.0,613.0,1341.0
292.0,1393.0,1477.0,1563.0,1278.0,1670.0,1728.0,1290.0,2022.0
293.0,730.0,851.0,813.0,791.0,686.0,799.0,522.0,936.0
294.0,2341.0,2177.0,2584.0,2003.0,1913.0,1597.0,1875.0,1919.0
295.0,787.0,798.0,798.0,655.0,627.0,715.0,449.0,846.0
296.0,1528.0,1244.0,1679.0,1052.0,1852.0,1410.0,1269.0,1284.0
297.0,2740.0,1970.0,3184.0,1692.0,2401.0,1668.0,2139.0,1635.0
298.0,983.0,987.0,1041.0,807.0,920.0,904.0,633.0,1143.0
299.0,1031.0,1221.0,1133.0,1032.0,1157.0,1213.0,887.0,1328.0
300.0,391.0,444.0,472.0,409.0,254.0,245.0,227.0,276.0
301.0,759.0,880.0,843.0,796.0,816.0,950.0,759.0,968.0
302.0,2159.0,1959.0,2413.0,1749.0,2641.0,2314.0,2425.0,2519.0
303.0,1792.0,1298.0,1842.0,1092.0,1765.0,1158.0,1492.0,1227.0
304.0,1739.0,1672.0,1919.0,1440.0,1411.0,1227.0,1221.0,1207.0
305.0,1547.0,896.0,1600.0,714.0,1903.0,1036.0,1605.0,1036.0
306.0,1311.0,983.0,1380.0,751.0,1655.0,934.0,1489.0,937.0
307.0,1499.0,1595.0,1714.0,1288.0,1712.0,1456.0,1625.0,1237.0
308.0,1440.0,1502.0,1666.0,1313.0,1329.0,1213.0,1185.0,1149.0
309.0,1732.0,1691.0,2137.0,1549.0,2184.0,2024.0,2075.0,1863.0
310.0,1345.0,1261.0,1505.0,1063.0,1369.0,1159.0,1594.0,1241.0
311.0,1937.0,843.0,2040.0,696.0,692.0,251.0,704.0,308.0
312.0,2599.0,1629.0,2735.0,1269.0,3053.0,1629.0,2412.0,1355.0
313.0,510.0,511.0,678.0,468.0,1155.0,1048.0,1039.0,1053.0
314.0,2417.0,1633.0,2630.0,1343.0,2332.0,1418.0,2085.0,1510.0
315.0,1372.0,1303.0,1444.0,1137.0,960.0,911.0,811.0,988.0
316.0,1068.0,1175.0,1184.0,1092.0,1091.0,1292.0,945.0,1359.0
317.0,2902.0,1580.0,3237.0,1315.0,2698.0,1279.0,2480.0,1084.0
318.0,489.0,944.0,589.0,830.0,503.0,895.0,379.0,955.0
319.0,464.0,627.0,475.0,556.0,409.0,600.0,252.0,783.0
320.0,1314.0,2135.0,1658.0,1872.0,852.0,1203.0,784.0,1128.0
321.0,555.0,599.0,596.0,415.0,955.0,769.0,689.0,862.0
322.0,953.0,1111.0,1135.0,853.0,1287.0,1146.0,919.0,1217.0
323.0,1136.0,1501.0,1413.0,1106.0,1022.0,855.0,774.0,889.0
324.0,439.0,530.0,507.0,353.0,1217.0,1001.0,939.0,1022.0
325.0,1084.0,1815.0,1485.0,1463.0,672.0,1137.0,519.0,1194.0
326.0,1110.0,1403.0,1246.0,1047.0,1357.0,1208.0,974.0,1294.0
327.0,1309.0,1791.0,1485.0,1446.0,1833.0,1874.0,1425.0,1775.0
328.0,801.0,1373.0,1044.0,1333.0,1607.0,1787.0,1397.0,1764.0
329.0,1340.0,2482.0,1701.0,2040.0,1175.0,2069.0,1030.0,1913.0
330.0,964.0,1424.0,1326.0,1368.0,1687.0,1727.0,1258.0,1978.0
331.0,503.0,1276.0,625.0,1071.0,646.0,1231.0,464.0,1326.0
332.0,614.0,1009.0,683.0,797.0,1112.0,1297.0,901.0,1374.0
333.0,1553.0,1877.0,1809.0,1589.0,1268.0,1240.0,1016.0,1206.0
334.0,538.0,1356.0,635.0,1165.0,624.0,1213.0,383.0,1326.0
335.0,310.0,891.0,401.0,752.0,350.0,676.0,256.0,693.0
336.0,565.0,1452.0,712.0,1248.0,649.0,1401.0,434.0,1448.0
337.0,1003.0,2212.0,1267.0,2036.0,1022.0,2137.0,937.0,2067.0
338.0,915.0,2025.0,1157.0,1704.0,850.0,1738.0,681.0,1755.0
339.0,1084.0,2412.0,1278.0,2163.0,1041.0,2474.0,751.0,2518.0
340.0,233.0,295.0,264.0,194.0,222.0,204.0,114.0,302.0
341.0,451.0,443.0,609.0,445.0,514.0,496.0,337.0,570.0
342.0,524.0,572.0,621.0,483.0,599.0,543.0,402.0,706.0
343.0,1182.0,1203.0,1092.0,766.0,1005.0,839.0,654.0,1080.0
344.0,197.0,217.0,237.0,139.0,413.0,352.0,264.0,462.0
345.0,1295.0,1129.0,1417.0,779.0,1277.0,718.0,881.0,980.0
346.0,987.0,1189.0,1147.0,816.0,1092.0,874.0,721.0,1094.0
347.0,655.0,585.0,724.0,413.0,651.0,501.0,474.0,729.0
348.0,790.0,779.0,823.0,587.0,705.0,692.0,498.0,915.0
349.0,268.0,397.0,310.0,298.0,335.0,356.0,226.0,386.0
350.0,1199.0,1439.0,1438.0,953.0,1260.0,1128.0,905.0,1269.0
351.0,645.0,629.0,678.0,470.0,666.0,564.0,455.0,700.0
352.0,1085.0,943.0,1268.0,767.0,1267.0,917.0,1168.0,1059.0
353.0,2647.0,2371.0,3371.0,1859.0,2853.0,1865.0,2282.0,2089.0
354.0,896.0,788.0,940.0,648.0,697.0,686.0,642.0,866.0
355.0,1823.0,1415.0,1973.0,1151.0,1907.0,1398.0,1283.0,1529.0
356.0,2201.0,1437.0,2671.0,1183.0,3057.0,1667.0,2624.0,1786.0
357.0,1615.0,1058.0,1901.0,899.0,2114.0,1221.0,1868.0,1277.0
358.0,958.0,882.0,1094.0,716.0,810.0,613.0,618.0,692.0
359.0,1006.0,1001.0,1179.0,799.0,1549.0,1208.0,1259.0,1267.0
360.0,772.0,613.0,931.0,543.0,971.0,642.0,811.0,706.0
361.0,1575.0,1648.0,1844.0,1167.0,1282.0,1024.0,1045.0,1141.0
362.0,503.0,638.0,648.0,483.0,591.0,583.0,430.0,710.0
363.0,1318.0,1330.0,1563.0,1007.0,1440.0,1130.0,1025.0,1343.0
364.0,866.0,1342.0,936.0,1160.0,887.0,1275.0,769.0,1635.0
365.0,563.0,829.0,612.0,658.0,577.0,697.0,287.0,537.0
366.0,651.0,828.0,692.0,712.0,854.0,1069.0,442.0,985.0
367.0,837.0,1584.0,887.0,1352.0,665.0,1085.0,696.0,1554.0
368.0,475.0,975.0,547.0,812.0,340.0,521.0,357.0,912.0
369.0,431.0,1261.0,557.0,1000.0,678.0,1470.0,306.0,981.0
370.0,762.0,457.0,780.0,347.0,730.0,349.0,592.0,382.0
371.0,1080.0,839.0,1161.0,559.0,1240.0,670.0,909.0,843.0
372.0,1133.0,1062.0,1349.0,727.0,1333.0,773.0,949.0,948.0
373.0,1716.0,1456.0,1969.0,1080.0,2034.0,1143.0,1792.0,1185.0
374.0,1479.0,899.0,1635.0,665.0,1617.0,778.0,1384.0,867.0
375.0,823.0,645.0,1147.0,502.0,1300.0,675.0,1115.0,748.0
376.0,969.0,695.0,785.0,497.0,835.0,636.0,568.0,799.0
377.0,337.0,274.0,353.0,232.0,296.0,298.0,209.0,322.0
378.0,732.0,1092.0,848.0,902.0,715.0,1043.0,569.0,1127.0
379.0,284.0,242.0,316.0,199.0,290.0,216.0,224.0,291.0
380.0,878.0,874.0,932.0,716.0,939.0,840.0,641.0,966.0
381.0,808.0,757.0,857.0,655.0,797.0,747.0,566.0,960.0
382.0,735.0,577.0,785.0,453.0,927.0,626.0,659.0,825.0
383.0,2304.0,1787.0,2414.0,1425.0,2099.0,1367.0,1597.0,1689.0
384.0,490.0,795.0,581.0,698.0,513.0,840.0,411.0,822.0
385.0,1479.0,2739.0,1739.0,2307.0,1688.0,2509.0,1236.0,2391.0
386.0,903.0,1585.0,1127.0,1434.0,1052.0,1534.0,759.0,1539.0
387.0,438.0,642.0,549.0,548.0,501.0,630.0,413.0,644.0
388.0,1786.0,1980.0,2251.0,1789.0,2080.0,1696.0,1848.0,1657.0
389.0,278.0,336.0,315.0,277.0,647.0,633.0,575.0,561.0
390.0,966.0,956.0,1046.0,798.0,1033.0,863.0,894.0,829.0
391.0,770.0,1131.0,987.0,1117.0,1130.0,1507.0,925.0,1610.0
392.0,742.0,1343.0,754.0,1260.0,717.0,1420.0,598.0,1405.0
393.0,365.0,696.0,432.0,624.0,465.0,732.0,340.0,754.0
394.0,1079.0,1166.0,1278.0,974.0,1158.0,947.0,904.0,995.0
395.0,1255.0,1453.0,1501.0,1199.0,1141.0,1140.0,905.0,1221.0
396.0,452.0,503.0,494.0,437.0,502.0,569.0,394.0,595.0
397.0,467.0,627.0,552.0,558.0,355.0,427.0,276.0,442.0
398.0,1128.0,1162.0,1338.0,1015.0,1134.0,896.0,944.0,836.0
399.0,1222.0,1086.0,1359.0,939.0,1336.0,1145.0,1167.0,1170.0
400.0,759.0,678.0,1266.0,813.0,1319.0,1065.0,1096.0,997.0
401.0,708.0,1257.0,782.0,1163.0,611.0,1071.0,498.0,1068.0
403.0,563.0,1391.0,758.0,1382.0,747.0,1886.0,642.0,1822.0
404.0,497.0,826.0,585.0,733.0,472.0,578.0,309.0,770.0
405.0,882.0,1147.0,949.0,924.0,921.0,855.0,576.0,1180.0
406.0,652.0,850.0,707.0,712.0,1037.0,1119.0,672.0,1461.0
407.0,630.0,658.0,635.0,531.0,516.0,458.0,342.0,665.0
408.0,1279.0,1358.0,1354.0,1021.0,1301.0,923.0,904.0,1157.0
409.0,989.0,995.0,1027.0,733.0,1135.0,904.0,709.0,1123.0
410.0,805.0,639.0,929.0,494.0,732.0,491.0,472.0,665.0
411.0,1097.0,905.0,1521.0,888.0,1258.0,1115.0,1028.0,907.0
412.0,817.0,498.0,1119.0,516.0,711.0,297.0,580.0,320.0
413.0,1964.0,1185.0,1996.0,1023.0,1761.0,917.0,1355.0,1011.0
414.0,2504.0,1656.0,2810.0,1322.0,3667.0,1957.0,3025.0,1908.0
415.0,789.0,865.0,878.0,825.0,1030.0,955.0,730.0,927.0
416.0,1155.0,1071.0,1296.0,942.0,1261.0,992.0,1042.0,1164.0
417.0,755.0,232.0,761.0,193.0,1054.0,614.0,876.0,676.0
418.0,697.0,239.0,756.0,189.0,1099.0,307.0,826.0,329.0
419.0,1461.0,648.0,1439.0,476.0,668.0,159.0,431.0,198.0
420.0,711.0,339.0,744.0,359.0,1276.0,563.0,1136.0,545.0
421.0,943.0,266.0,988.0,192.0,842.0,143.0,552.0,152.0
422.0,907.0,617.0,867.0,467.0,1842.0,659.0,1297.0,682.0
423.0,866.0,580.0,951.0,492.0,919.0,373.0,682.0,422.0
424.0,1695.0,1343.0,1871.0,1181.0,1681.0,1100.0,1346.0,1112.0
425.0,1332.0,1037.0,1532.0,752.0,2263.0,1390.0,1759.0,1408.0
426.0,1266.0,483.0,1337.0,360.0,536.0,92.0,385.0,113.0
427.0,822.0,576.0,911.0,408.0,1190.0,518.0,840.0,501.0
428.0,772.0,412.0,853.0,346.0,723.0,290.0,609.0,281.0
429.0,864.0,678.0,906.0,570.0,630.0,428.0,552.0,414.0
430.0,1506.0,1751.0,1869.0,1713.0,1649.0,1768.0,1391.0,1868.0
431.0,1747.0,1219.0,2091.0,1204.0,1743.0,1090.0,1309.0,1210.0
432.0,1648.0,1195.0,1709.0,964.0,980.0,665.0,768.0,662.0
433.0,801.0,757.0,836.0,673.0,1478.0,1051.0,1187.0,1023.0
434.0,1842.0,1639.0,1873.0,1377.0,1580.0,1449.0,1394.0,1407.0
435.0,656.0,631.0,732.0,523.0,1025.0,1003.0,919.0,974.0
436.0,2799.0,2929.0,3563.0,2751.0,2940.0,2864.0,2655.0,2598.0
437.0,878.0,1080.0,1144.0,1155.0,941.0,1009.0,822.0,1067.0
438.0,798.0,1434.0,886.0,1282.0,887.0,1432.0,701.0,1362.0
439.0,224.0,444.0,270.0,408.0,278.0,511.0,231.0,525.0
440.0,719.0,1043.0,851.0,926.0,834.0,1064.0,612.0,1203.0
441.0,851.0,1326.0,1151.0,1225.0,1126.0,1512.0,745.0,1506.0
442.0,1253.0,1912.0,1606.0,1723.0,1506.0,1946.0,1321.0,2453.0
443.0,618.0,929.0,803.0,901.0,797.0,1152.0,627.0,1231.0
444.0,1392.0,2197.0,1958.0,2017.0,1740.0,2205.0,1304.0,2414.0
445.0,987.0,1574.0,1275.0,1424.0,1229.0,1634.0,930.0,1762.0
446.0,1324.0,1197.0,1427.0,940.0,1409.0,1096.0,1078.0,1183.0
447.0,322.0,323.0,356.0,243.0,240.0,247.0,142.0,316.0
448.0,1571.0,2388.0,2022.0,1901.0,1701.0,2452.0,1176.0,2789.0
449.0,1762.0,1830.0,1895.0,1464.0,1624.0,1710.0,1102.0,2060.0
450.0,780.0,809.0,843.0,696.0,536.0,343.0,427.0,359.0
451.0,1774.0,971.0,1959.0,728.0,878.0,293.0,613.0,318.0
452.0,303.0,261.0,346.0,197.0,271.0,175.0,209.0,191.0
453.0,2498.0,1268.0,2692.0,1049.0,2247.0,1022.0,2001.0,1079.0
454.0,1302.0,938.0,1658.0,729.0,2086.0,1154.0,2199.0,1323.0
455.0,1204.0,806.0,1319.0,637.0,1401.0,665.0,1350.0,579.0
456.0,1378.0,1084.0,1451.0,869.0,1533.0,923.0,1471.0,876.0
457.0,3003.0,1576.0,3221.0,1234.0,1617.0,781.0,1459.0,668.0
458.0,883.0,493.0,987.0,419.0,658.0,216.0,514.0,265.0
459.0,0.0,0.0,0.0,0.0,1441.0,559.0,1158.0,605.0
460.0,1097.0,739.0,1184.0,578.0,1250.0,632.0,1086.0,597.0
461.0,1129.0,909.0,1182.0,660.0,2137.0,1267.0,1802.0,1184.0
462.0,1234.0,1061.0,1366.0,820.0,751.0,578.0,730.0,520.0
463.0,320.0,422.0,539.0,415.0,522.0,435.0,363.0,536.0
464.0,1900.0,2279.0,2406.0,1988.0,1898.0,1715.0,1656.0,1902.0
465.0,774.0,931.0,1120.0,963.0,912.0,839.0,756.0,991.0
466.0,1282.0,1483.0,1869.0,1409.0,2516.0,2148.0,2094.0,2389.0
467.0,891.0,1054.0,1092.0,936.0,1327.0,1201.0,1201.0,1348.0
468.0,2023.0,1606.0,2322.0,1254.0,2258.0,1457.0,1771.0,1523.0
469.0,460.0,602.0,553.0,541.0,615.0,634.0,568.0,692.0
470.0,3536.0,3983.0,4584.0,3477.0,3942.0,3643.0,3659.0,3438.0
471.0,2002.0,1742.0,2212.0,1513.0,2645.0,2190.0,2416.0,2183.0
472.0,501.0,582.0,582.0,533.0,942.0,973.0,790.0,992.0
473.0,2289.0,2040.0,2631.0,1739.0,2098.0,1626.0,1899.0,1574.0
474.0,441.0,513.0,561.0,425.0,602.0,586.0,508.0,598.0
475.0,958.0,665.0,1009.0,529.0,995.0,573.0,755.0,639.0
476.0,982.0,918.0,1057.0,687.0,996.0,753.0,756.0,888.0
477.0,420.0,506.0,531.0,386.0,451.0,403.0,343.0,467.0
478.0,1107.0,753.0,1122.0,571.0,1116.0,637.0,739.0,831.0
479.0,808.0,942.0,894.0,703.0,818.0,808.0,585.0,958.0
480.0,639.0,833.0,659.0,714.0,619.0,811.0,442.0,930.0
481.0,487.0,667.0,535.0,577.0,454.0,672.0,306.0,737.0
482.0,519.0,1090.0,654.0,862.0,608.0,976.0,401.0,1051.0
483.0,659.0,733.0,659.0,633.0,564.0,679.0,374.0,806.0
484.0,1017.0,1224.0,1133.0,950.0,948.0,1134.0,745.0,1179.0
485.0,1422.0,1877.0,1565.0,1467.0,1426.0,1672.0,1009.0,1891.0
486.0,496.0,558.0,584.0,484.0,522.0,572.0,416.0,648.0
487.0,1668.0,1750.0,1766.0,1361.0,1489.0,1314.0,1068.0,1498.0
488.0,251.0,235.0,280.0,202.0,278.0,252.0,164.0,359.0
489.0,314.0,358.0,369.0,300.0,225.0,259.0,171.0,316.0
490.0,400.0,389.0,476.0,336.0,434.0,452.0,269.0,514.0
491.0,558.0,679.0,673.0,598.0,481.0,610.0,328.0,708.0
492.0,314.0,410.0,356.0,342.0,284.0,360.0,208.0,399.0
493.0,1054.0,1083.0,1248.0,861.0,988.0,1045.0,735.0,1204.0
494.0,1386.0,1452.0,1539.0,1139.0,1970.0,1691.0,1394.0,1804.0
495.0,1043.0,1110.0,1133.0,896.0,708.0,725.0,491.0,756.0
496.0,1035.0,996.0,1107.0,847.0,994.0,882.0,703.0,890.0
497.0,1436.0,1777.0,1584.0,1570.0,1405.0,1267.0,1172.0,1758.0
498.0,1372.0,1925.0,1561.0,1736.0,1373.0,1590.0,1120.0,1912.0
499.0,780.0,575.0,833.0,455.0,836.0,722.0,676.0,583.0
500.0,2033.0,1772.0,2136.0,1354.0,2208.0,1905.0,1466.0,1772.0
501.0,695.0,918.0,756.0,741.0,712.0,796.0,482.0,750.0
502.0,555.0,576.0,625.0,518.0,592.0,573.0,401.0,591.0
503.0,1709.0,1389.0,1833.0,1136.0,1664.0,1435.0,1150.0,1332.0
504.0,564.0,507.0,598.0,390.0,909.0,752.0,646.0,875.0
505.0,1253.0,1204.0,1290.0,984.0,1171.0,949.0,905.0,1226.0
506.0,1110.0,952.0,1208.0,731.0,835.0,621.0,489.0,626.0
507.0,872.0,564.0,954.0,394.0,840.0,623.0,482.0,593.0
508.0,1021.0,1219.0,1093.0,1035.0,762.0,932.0,512.0,1066.0
509.0,1298.0,1674.0,1455.0,1415.0,1244.0,1493.0,837.0,1682.0
510.0,917.0,1296.0,1024.0,994.0,909.0,1427.0,608.0,1550.0
511.0,1084.0,1716.0,1163.0,1439.0,1053.0,1592.0,714.0,1783.0
512.0,633.0,1115.0,739.0,992.0,712.0,1191.0,518.0,1222.0
513.0,708.0,996.0,777.0,853.0,492.0,716.0,372.0,779.0
514.0,1247.0,1481.0,1399.0,1308.0,1400.0,1819.0,1049.0,1894.0
515.0,676.0,402.0,741.0,316.0,696.0,374.0,493.0,330.0
516.0,1122.0,1058.0,1302.0,817.0,1543.0,952.0,1198.0,927.0
517.0,1092.0,1452.0,1214.0,1183.0,1136.0,1460.0,1068.0,1316.0
518.0,1659.0,1623.0,1866.0,1425.0,1755.0,1624.0,1444.0,1565.0
519.0,1497.0,1206.0,1623.0,901.0,1575.0,1167.0,1182.0,1115.0
520.0,1397.0,1602.0,1615.0,1304.0,1607.0,1813.0,1361.0,1645.0
521.0,836.0,737.0,876.0,541.0,472.0,293.0,310.0,310.0
522.0,864.0,759.0,983.0,586.0,1072.0,953.0,926.0,887.0
523.0,1519.0,1566.0,1707.0,1200.0,1785.0,1432.0,1526.0,1336.0
524.0,947.0,1081.0,1045.0,903.0,982.0,1020.0,793.0,1017.0
525.0,1917.0,2325.0,2235.0,1869.0,2285.0,2403.0,1887.0,2420.0
526.0,830.0,1135.0,912.0,1024.0,854.0,1280.0,688.0,1372.0
527.0,1493.0,2076.0,2142.0,1825.0,2198.0,2381.0,1878.0,2648.0
528.0,1185.0,1490.0,1390.0,1211.0,1189.0,1258.0,1014.0,1319.0
529.0,1230.0,1492.0,1747.0,1478.0,1322.0,1560.0,1077.0,1841.0
530.0,1552.0,1815.0,1748.0,1574.0,1587.0,1971.0,1238.0,2254.0
531.0,693.0,1037.0,815.0,933.0,757.0,1050.0,698.0,1039.0
532.0,1079.0,1820.0,1429.0,1691.0,703.0,1318.0,916.0,1747.0
533.0,766.0,893.0,852.0,824.0,764.0,1003.0,624.0,1110.0
534.0,841.0,1145.0,983.0,1006.0,838.0,1218.0,632.0,1356.0
535.0,1164.0,867.0,1166.0,752.0,956.0,1017.0,695.0,1259.0
536.0,758.0,935.0,852.0,773.0,911.0,1158.0,754.0,1291.0
537.0,1343.0,1608.0,1629.0,1327.0,1113.0,1508.0,846.0,1667.0
538.0,779.0,1330.0,1030.0,1040.0,810.0,1397.0,630.0,1559.0
539.0,1094.0,1480.0,1339.0,1142.0,928.0,1283.0,695.0,1478.0
540.0,841.0,1194.0,1005.0,870.0,719.0,1158.0,496.0,1300.0
541.0,1072.0,1430.0,1287.0,1150.0,990.0,1507.0,690.0,1712.0
542.0,1191.0,1377.0,1246.0,1183.0,1088.0,1418.0,700.0,1677.0
543.0,556.0,1050.0,560.0,996.0,474.0,884.0,341.0,729.0
544.0,834.0,1017.0,913.0,835.0,719.0,848.0,474.0,1078.0
545.0,672.0,753.0,812.0,679.0,506.0,543.0,367.0,732.0
546.0,412.0,505.0,489.0,413.0,727.0,759.0,420.0,998.0
547.0,452.0,555.0,507.0,457.0,453.0,533.0,303.0,729.0
548.0,861.0,1391.0,969.0,1135.0,810.0,1269.0,493.0,1533.0
549.0,408.0,599.0,490.0,438.0,502.0,634.0,301.0,846.0
550.0,1198.0,1407.0,1401.0,1175.0,1129.0,1151.0,794.0,1432.0
551.0,1076.0,1144.0,1160.0,904.0,1005.0,935.0,648.0,1248.0
552.0,1892.0,1489.0,1934.0,1137.0,1632.0,1221.0,1048.0,1553.0
553.0,736.0,653.0,818.0,458.0,989.0,686.0,618.0,881.0
554.0,445.0,615.0,513.0,490.0,472.0,504.0,334.0,630.0
555.0,948.0,1240.0,924.0,899.0,1002.0,1028.0,755.0,1159.0
556.0,488.0,537.0,570.0,446.0,583.0,556.0,396.0,665.0
557.0,766.0,866.0,833.0,699.0,757.0,665.0,501.0,785.0
558.0,856.0,1008.0,962.0,833.0,1067.0,1018.0,711.0,1247.0
559.0,630.0,119.0,500.0,64.0,364.0,72.0,414.0,130.0
560.0,579.0,83.0,519.0,47.0,656.0,74.0,379.0,71.0
561.0,2338.0,1300.0,2615.0,1001.0,3080.0,718.0,2625.0,637.0
562.0,1690.0,632.0,1974.0,361.0,789.0,125.0,633.0,110.0
563.0,805.0,374.0,1015.0,315.0,1309.0,545.0,1155.0,500.0
564.0,1453.0,866.0,1824.0,613.0,3047.0,1027.0,2749.0,839.0
565.0,254.0,565.0,348.0,594.0,1815.0,1565.0,1668.0,1337.0
566.0,473.0,206.0,661.0,199.0,0.0,0.0,0.0,0.0
567.0,905.0,898.0,1017.0,709.0,0.0,0.0,0.0,0.0
568.0,2077.0,1057.0,2329.0,772.0,1651.0,472.0,1360.0,353.0
569.0,685.0,405.0,891.0,342.0,981.0,314.0,807.0,260.0
570.0,1250.0,652.0,1403.0,438.0,1415.0,401.0,1243.0,319.0
571.0,1730.0,496.0,1862.0,283.0,2299.0,326.0,1774.0,299.0
572.0,767.0,245.0,853.0,144.0,1947.0,317.0,1648.0,267.0
573.0,816.0,577.0,981.0,424.0,2229.0,443.0,1831.0,365.0
574.0,1760.0,506.0,1939.0,337.0,1982.0,335.0,1629.0,262.0
575.0,1848.0,769.0,1986.0,559.0,1752.0,256.0,1331.0,223.0
576.0,2156.0,671.0,2474.0,470.0,2719.0,583.0,1948.0,291.0
577.0,801.0,147.0,834.0,89.0,1305.0,105.0,987.0,111.0
578.0,1637.0,195.0,1708.0,121.0,565.0,6.0,390.0,16.0
579.0,1290.0,297.0,1456.0,166.0,1711.0,160.0,1258.0,129.0
580.0,1706.0,528.0,1855.0,343.0,714.0,66.0,514.0,59.0
581.0,1218.0,331.0,1382.0,168.0,1496.0,189.0,1197.0,145.0
582.0,1587.0,389.0,1919.0,196.0,1757.0,135.0,1233.0,117.0
583.0,531.0,118.0,631.0,78.0,1356.0,196.0,1097.0,135.0
584.0,1180.0,202.0,1330.0,114.0,1437.0,71.0,1046.0,62.0
585.0,590.0,148.0,739.0,81.0,1308.0,142.0,1213.0,96.0
586.0,1408.0,209.0,1684.0,110.0,1665.0,94.0,1314.0,78.0
587.0,609.0,91.0,676.0,51.0,500.0,33.0,707.0,169.0
588.0,1329.0,530.0,1360.0,396.0,1109.0,205.0,829.0,166.0
589.0,2279.0,112.0,2348.0,35.0,2591.0,26.0,2058.0,53.0
590.0,450.0,42.0,495.0,18.0,615.0,10.0,437.0,12.0
591.0,616.0,54.0,660.0,20.0,712.0,22.0,540.0,17.0
592.0,1352.0,117.0,1511.0,50.0,1617.0,51.0,1223.0,31.0
593.0,566.0,85.0,656.0,40.0,675.0,31.0,516.0,18.0
594.0,1317.0,163.0,1393.0,76.0,1868.0,79.0,1376.0,73.0
595.0,772.0,126.0,690.0,50.0,583.0,36.0,443.0,21.0
596.0,1783.0,502.0,2006.0,297.0,1900.0,201.0,1581.0,135.0
597.0,1499.0,238.0,1755.0,134.0,1947.0,138.0,1588.0,109.0
598.0,1582.0,421.0,1783.0,222.0,2017.0,202.0,1690.0,150.0
599.0,1627.0,535.0,1892.0,361.0,2364.0,388.0,1932.0,284.0
600.0,1562.0,1219.0,1937.0,913.0,2649.0,1233.0,2454.0,902.0
601.0,1430.0,287.0,1578.0,154.0,702.0,69.0,557.0,63.0
602.0,800.0,131.0,923.0,58.0,1340.0,59.0,1073.0,59.0
603.0,1498.0,233.0,1572.0,146.0,1840.0,126.0,1551.0,102.0
604.0,1009.0,115.0,1114.0,41.0,801.0,26.0,671.0,25.0
605.0,2121.0,142.0,2151.0,62.0,2489.0,65.0,1970.0,60.0
606.0,668.0,31.0,744.0,14.0,1912.0,59.0,1427.0,56.0
607.0,1758.0,102.0,1862.0,42.0,2058.0,42.0,1511.0,49.0
608.0,2455.0,111.0,2614.0,33.0,2905.0,33.0,2151.0,47.0
609.0,1409.0,68.0,1469.0,27.0,1547.0,33.0,1191.0,28.0
610.0,544.0,118.0,629.0,65.0,635.0,86.0,473.0,56.0
611.0,1696.0,86.0,1691.0,21.0,905.0,11.0,610.0,16.0
612.0,847.0,32.0,929.0,13.0,1828.0,19.0,1364.0,20.0
613.0,1732.0,54.0,1662.0,11.0,1887.0,17.0,1338.0,20.0
614.0,1995.0,139.0,2082.0,40.0,1478.0,24.0,1138.0,26.0
615.0,1240.0,304.0,1255.0,252.0,2424.0,297.0,1871.0,232.0
616.0,1960.0,431.0,2176.0,246.0,2098.0,207.0,1757.0,158.0
617.0,1037.0,308.0,1140.0,176.0,1288.0,166.0,1114.0,112.0
618.0,966.0,693.0,1163.0,502.0,1869.0,826.0,1740.0,601.0
619.0,547.0,447.0,577.0,328.0,471.0,314.0,442.0,187.0
620.0,1190.0,1262.0,1305.0,1051.0,997.0,766.0,885.0,587.0
621.0,657.0,860.0,729.0,780.0,706.0,696.0,685.0,501.0
622.0,973.0,1401.0,1117.0,1202.0,517.0,441.0,574.0,300.0
623.0,1186.0,1196.0,1357.0,945.0,876.0,623.0,890.0,489.0
624.0,1124.0,781.0,1329.0,590.0,1381.0,611.0,1332.0,406.0
625.0,2123.0,575.0,2289.0,356.0,2450.0,306.0,1883.0,228.0
626.0,738.0,66.0,766.0,34.0,252.0,5.0,204.0,6.0
627.0,1076.0,98.0,1202.0,39.0,1394.0,44.0,1042.0,32.0
628.0,1400.0,86.0,799.0,22.0,1650.0,54.0,1170.0,50.0
629.0,1277.0,25.0,1228.0,13.0,1343.0,6.0,898.0,13.0
630.0,1130.0,22.0,1053.0,15.0,924.0,7.0,527.0,6.0
631.0,1766.0,41.0,1738.0,12.0,1687.0,10.0,1145.0,11.0
632.0,1461.0,25.0,1474.0,11.0,1759.0,9.0,1198.0,23.0
633.0,1660.0,35.0,1765.0,15.0,1701.0,7.0,1255.0,15.0
634.0,677.0,11.0,613.0,1.0,715.0,1.0,438.0,10.0
635.0,1410.0,60.0,1471.0,15.0,1737.0,13.0,1176.0,25.0
636.0,927.0,49.0,933.0,19.0,958.0,19.0,717.0,29.0
637.0,518.0,117.0,559.0,103.0,1005.0,63.0,804.0,54.0
638.0,1900.0,368.0,2089.0,248.0,1767.0,278.0,1655.0,184.0
639.0,1180.0,493.0,1269.0,367.0,997.0,340.0,904.0,245.0
640.0,1976.0,1318.0,2173.0,1005.0,1677.0,820.0,1606.0,577.0
641.0,1855.0,890.0,1871.0,785.0,1740.0,838.0,1839.0,537.0
642.0,689.0,306.0,742.0,224.0,655.0,190.0,680.0,132.0
643.0,2206.0,828.0,2407.0,602.0,2441.0,766.0,2223.0,461.0
644.0,1323.0,598.0,1332.0,485.0,1138.0,449.0,1052.0,337.0
645.0,830.0,126.0,1024.0,164.0,588.0,138.0,566.0,85.0
646.0,1989.0,297.0,2173.0,215.0,1850.0,179.0,1582.0,126.0
647.0,502.0,33.0,523.0,18.0,2043.0,103.0,1570.0,101.0
648.0,1105.0,24.0,1050.0,3.0,843.0,5.0,531.0,8.0
649.0,0.0,0.0,0.0,0.0,392.0,2.0,244.0,2.0
650.0,510.0,15.0,523.0,1.0,319.0,2.0,242.0,1.0
651.0,851.0,19.0,938.0,5.0,1345.0,6.0,859.0,14.0
653.0,990.0,28.0,1494.0,23.0,1263.0,10.0,797.0,18.0
654.0,1427.0,70.0,1407.0,27.0,1604.0,23.0,1119.0,28.0
655.0,586.0,55.0,616.0,18.0,552.0,28.0,436.0,18.0
656.0,590.0,66.0,654.0,37.0,1127.0,38.0,828.0,42.0
657.0,838.0,345.0,975.0,266.0,989.0,246.0,860.0,184.0
658.0,2242.0,1473.0,2413.0,1168.0,2440.0,1237.0,2400.0,836.0
660.0,656.0,45.0,632.0,18.0,720.0,13.0,443.0,24.0
661.0,428.0,48.0,443.0,15.0,495.0,9.0,374.0,11.0
662.0,650.0,31.0,709.0,21.0,858.0,17.0,569.0,20.0
663.0,875.0,22.0,880.0,9.0,1075.0,5.0,734.0,10.0
664.0,1696.0,458.0,1881.0,418.0,1349.0,517.0,1330.0,324.0
666.0,1251.0,381.0,1324.0,280.0,1274.0,350.0,1183.0,240.0
667.0,1045.0,400.0,1113.0,365.0,2147.0,941.0,2115.0,596.0
668.0,1628.0,773.0,1740.0,580.0,1064.0,546.0,2296.0,780.0
669.0,905.0,296.0,941.0,277.0,1013.0,366.0,919.0,245.0
670.0,607.0,396.0,648.0,360.0,1271.0,579.0,0.0,0.0
672.0,620.0,89.0,659.0,51.0,710.0,51.0,470.0,32.0
673.0,1118.0,258.0,1229.0,194.0,518.0,28.0,330.0,29.0
674.0,589.0,344.0,657.0,246.0,1445.0,416.0,1249.0,327.0
675.0,868.0,586.0,915.0,530.0,929.0,538.0,904.0,353.0
676.0,435.0,342.0,431.0,302.0,471.0,298.0,377.0,264.0
677.0,368.0,437.0,367.0,399.0,383.0,412.0,354.0,287.0
678.0,692.0,1026.0,770.0,849.0,1038.0,1170.0,1022.0,930.0
679.0,900.0,836.0,957.0,687.0,1034.0,701.0,855.0,615.0
680.0,689.0,426.0,742.0,344.0,629.0,356.0,502.0,306.0
681.0,319.0,146.0,340.0,107.0,378.0,87.0,297.0,87.0
682.0,1034.0,126.0,1119.0,79.0,441.0,30.0,290.0,24.0
683.0,842.0,84.0,692.0,49.0,1031.0,71.0,704.0,65.0
684.0,610.0,77.0,607.0,48.0,707.0,31.0,534.0,24.0
685.0,412.0,60.0,439.0,28.0,567.0,37.0,419.0,35.0
686.0,725.0,12.0,769.0,23.0,1465.0,71.0,1195.0,115.0
687.0,912.0,515.0,957.0,521.0,0.0,0.0,0.0,0.0
688.0,1248.0,878.0,1509.0,751.0,1346.0,829.0,1311.0,457.0
689.0,448.0,254.0,487.0,174.0,0.0,0.0,0.0,0.0
690.0,1573.0,1153.0,1658.0,878.0,1425.0,987.0,1298.0,552.0
691.0,399.0,109.0,537.0,94.0,604.0,99.0,465.0,51.0
692.0,0.0,0.0,0.0,0.0,987.0,83.0,718.0,61.0
693.0,584.0,157.0,519.0,80.0,574.0,56.0,513.0,83.0
694.0,307.0,79.0,350.0,51.0,717.0,71.0,592.0,54.0
695.0,781.0,258.0,800.0,149.0,714.0,156.0,646.0,121.0
696.0,737.0,296.0,737.0,182.0,1197.0,171.0,902.0,197.0
697.0,229.0,168.0,227.0,122.0,253.0,141.0,233.0,92.0
698.0,217.0,99.0,253.0,57.0,0.0,0.0,0.0,0.0
699.0,619.0,183.0,645.0,100.0,846.0,103.0,727.0,114.0
700.0,1313.0,357.0,1357.0,218.0,1818.0,167.0,1381.0,168.0
701.0,367.0,133.0,381.0,63.0,559.0,57.0,434.0,53.0
702.0,335.0,113.0,380.0,66.0,453.0,56.0,354.0,61.0
703.0,363.0,157.0,386.0,84.0,554.0,59.0,430.0,64.0
704.0,437.0,110.0,428.0,82.0,685.0,64.0,567.0,64.0
705.0,550.0,209.0,628.0,125.0,0.0,0.0,0.0,0.0
706.0,915.0,369.0,1004.0,269.0,1937.0,384.0,1724.0,341.0
707.0,1020.0,493.0,1031.0,300.0,1201.0,253.0,1047.0,243.0
708.0,244.0,142.0,249.0,91.0,418.0,110.0,349.0,92.0
709.0,1197.0,562.0,1109.0,345.0,0.0,0.0,0.0,0.0
710.0,0.0,0.0,0.0,0.0,426.0,87.0,415.0,80.0
711.0,774.0,336.0,837.0,197.0,839.0,114.0,660.0,113.0
712.0,271.0,81.0,320.0,62.0,581.0,80.0,440.0,88.0
713.0,737.0,354.0,826.0,253.0,1301.0,340.0,1206.0,254.0
714.0,588.0,220.0,732.0,214.0,755.0,213.0,646.0,168.0
715.0,1265.0,664.0,1354.0,556.0,1375.0,522.0,1323.0,389.0
716.0,1176.0,642.0,1277.0,503.0,1133.0,399.0,1108.0,308.0
717.0,1239.0,606.0,1315.0,493.0,1403.0,503.0,1389.0,379.0
718.0,397.0,230.0,414.0,186.0,422.0,180.0,423.0,141.0
719.0,418.0,291.0,403.0,217.0,900.0,523.0,812.0,437.0
720.0,570.0,242.0,630.0,164.0,540.0,107.0,429.0,106.0
721.0,374.0,139.0,394.0,98.0,591.0,113.0,482.0,115.0
722.0,486.0,169.0,516.0,133.0,1181.0,258.0,1089.0,248.0
723.0,548.0,358.0,496.0,286.0,230.0,140.0,241.0,96.0
724.0,1257.0,1140.0,1298.0,926.0,1275.0,877.0,1175.0,759.0
725.0,933.0,766.0,1005.0,657.0,1034.0,641.0,1006.0,475.0
726.0,599.0,626.0,606.0,536.0,678.0,512.0,634.0,438.0
727.0,1552.0,1492.0,1474.0,1281.0,1096.0,920.0,921.0,818.0
728.0,764.0,798.0,751.0,698.0,740.0,668.0,679.0,599.0
729.0,1106.0,1350.0,1075.0,1194.0,1188.0,1160.0,976.0,1039.0
730.0,1062.0,1108.0,1003.0,973.0,930.0,801.0,780.0,706.0
731.0,1306.0,1511.0,1414.0,1257.0,1482.0,1251.0,1221.0,1101.0
732.0,1267.0,1071.0,1299.0,1003.0,1501.0,1216.0,1279.0,1084.0
733.0,810.0,885.0,801.0,745.0,387.0,368.0,356.0,328.0
734.0,986.0,577.0,1001.0,459.0,843.0,385.0,721.0,319.0
735.0,763.0,415.0,734.0,308.0,948.0,296.0,828.0,291.0
736.0,423.0,323.0,396.0,255.0,466.0,259.0,428.0,210.0
737.0,528.0,407.0,494.0,329.0,675.0,406.0,642.0,361.0
738.0,1119.0,764.0,1093.0,555.0,1283.0,502.0,1178.0,476.0
739.0,434.0,217.0,378.0,169.0,413.0,168.0,377.0,130.0
740.0,1461.0,1056.0,1614.0,832.0,1427.0,708.0,1375.0,587.0
741.0,1358.0,1100.0,1413.0,929.0,1519.0,936.0,1378.0,803.0
742.0,1122.0,600.0,1147.0,532.0,1629.0,812.0,1371.0,486.0
743.0,914.0,821.0,893.0,731.0,1114.0,784.0,966.0,731.0
745.0,987.0,878.0,910.0,712.0,485.0,390.0,459.0,336.0
746.0,486.0,414.0,530.0,361.0,542.0,336.0,475.0,327.0
747.0,1069.0,773.0,1068.0,642.0,1041.0,559.0,947.0,499.0
748.0,537.0,258.0,566.0,195.0,581.0,203.0,480.0,176.0
749.0,1150.0,1274.0,1131.0,1163.0,1473.0,1278.0,1294.0,1130.0
750.0,866.0,721.0,867.0,581.0,652.0,373.0,573.0,338.0
751.0,835.0,819.0,855.0,729.0,919.0,707.0,778.0,657.0
752.0,2507.0,2410.0,2512.0,2142.0,2257.0,1725.0,1884.0,1610.0
753.0,1950.0,1510.0,2110.0,1330.0,1900.0,1553.0,2231.0,1052.0
754.0,1014.0,1051.0,1107.0,989.0,1071.0,949.0,1217.0,688.0
755.0,1092.0,845.0,1156.0,752.0,1535.0,1229.0,1237.0,579.0
756.0,395.0,591.0,419.0,539.0,419.0,576.0,498.0,421.0
757.0,1587.0,1442.0,1909.0,1257.0,2322.0,1308.0,2142.0,1067.0
758.0,1689.0,1539.0,2112.0,1155.0,2333.0,1313.0,2266.0,971.0
759.0,1578.0,1245.0,1718.0,1090.0,1597.0,1052.0,1882.0,932.0
760.0,1282.0,899.0,1335.0,777.0,1489.0,831.0,1465.0,628.0
761.0,627.0,392.0,711.0,335.0,438.0,269.0,478.0,169.0
762.0,1874.0,2122.0,2148.0,1865.0,1808.0,1590.0,2453.0,1319.0
763.0,1221.0,1094.0,1382.0,996.0,1021.0,971.0,1537.0,716.0
764.0,1672.0,1354.0,1813.0,1161.0,1854.0,1531.0,1866.0,710.0
765.0,495.0,268.0,1060.0,374.0,1004.0,378.0,1107.0,239.0
766.0,1791.0,1046.0,2882.0,1141.0,3074.0,1591.0,2999.0,770.0
767.0,559.0,273.0,1191.0,405.0,1068.0,403.0,1181.0,254.0
768.0,763.0,442.0,1855.0,702.0,2053.0,774.0,1843.0,404.0
769.0,1003.0,1162.0,1182.0,945.0,555.0,660.0,526.0,522.0
770.0,576.0,720.0,646.0,634.0,602.0,637.0,644.0,427.0
771.0,1031.0,1328.0,1164.0,1158.0,1186.0,1185.0,1220.0,816.0
772.0,841.0,1146.0,956.0,1009.0,1142.0,1422.0,1168.0,1107.0
773.0,1081.0,1381.0,1255.0,1195.0,1353.0,1657.0,1601.0,1103.0
774.0,683.0,864.0,773.0,747.0,722.0,749.0,824.0,479.0
775.0,341.0,361.0,366.0,287.0,378.0,280.0,422.0,209.0
776.0,1515.0,1353.0,1677.0,1059.0,1718.0,1102.0,1727.0,672.0
777.0,2018.0,1847.0,2243.0,1517.0,1456.0,1050.0,1580.0,666.0
778.0,735.0,736.0,872.0,631.0,490.0,402.0,517.0,261.0
779.0,1137.0,1401.0,1245.0,1258.0,1157.0,1582.0,1549.0,1048.0
780.0,639.0,616.0,758.0,500.0,1434.0,1027.0,1520.0,703.0
781.0,1663.0,1379.0,1715.0,1059.0,1132.0,751.0,978.0,612.0
782.0,475.0,344.0,556.0,308.0,793.0,465.0,666.0,381.0
783.0,475.0,402.0,448.0,333.0,625.0,414.0,513.0,374.0
784.0,941.0,1046.0,991.0,802.0,1208.0,1016.0,1026.0,869.0
785.0,1042.0,1033.0,1086.0,839.0,1087.0,940.0,870.0,833.0
786.0,499.0,546.0,514.0,487.0,750.0,782.0,599.0,645.0
787.0,881.0,946.0,855.0,861.0,0.0,0.0,0.0,0.0
788.0,969.0,1071.0,955.0,936.0,1491.0,1625.0,1185.0,1448.0
789.0,503.0,539.0,505.0,456.0,1327.0,1143.0,1083.0,961.0
790.0,983.0,1191.0,1102.0,1047.0,1216.0,1145.0,1038.0,992.0
791.0,1092.0,1146.0,1109.0,999.0,705.0,796.0,581.0,775.0
792.0,893.0,1093.0,869.0,976.0,0.0,0.0,0.0,0.0
793.0,887.0,966.0,823.0,844.0,774.0,826.0,678.0,745.0
794.0,987.0,1063.0,991.0,948.0,1235.0,1264.0,1016.0,1114.0
795.0,1605.0,1729.0,1688.0,1353.0,661.0,547.0,534.0,467.0
796.0,1254.0,1242.0,1299.0,980.0,1925.0,1421.0,1640.0,1177.0
797.0,0.0,0.0,0.0,0.0,682.0,696.0,645.0,539.0
798.0,1030.0,1156.0,1002.0,961.0,1249.0,1278.0,1133.0,1155.0
799.0,271.0,201.0,286.0,154.0,288.0,161.0,275.0,107.0
800.0,366.0,594.0,383.0,562.0,394.0,620.0,428.0,601.0
801.0,1326.0,2004.0,1421.0,1813.0,1387.0,1978.0,1308.0,1638.0
802.0,1456.0,1721.0,1518.0,1568.0,1454.0,1690.0,1276.0,1546.0
803.0,1078.0,1082.0,1113.0,963.0,1248.0,1165.0,1039.0,1103.0
804.0,840.0,960.0,861.0,875.0,876.0,974.0,825.0,834.0
805.0,1292.0,1297.0,1157.0,997.0,1164.0,990.0,976.0,882.0
806.0,1458.0,1401.0,1557.0,1160.0,1687.0,1449.0,1381.0,1227.0
807.0,557.0,637.0,561.0,594.0,615.0,690.0,563.0,654.0
808.0,1543.0,1630.0,1591.0,1464.0,1456.0,1479.0,1403.0,1274.0
809.0,1030.0,1705.0,1102.0,1536.0,998.0,1502.0,932.0,1267.0
810.0,1012.0,1589.0,1150.0,1502.0,1403.0,2073.0,1296.0,1811.0
811.0,568.0,1122.0,589.0,1015.0,671.0,844.0,610.0,922.0
812.0,1356.0,1733.0,1477.0,1536.0,1406.0,1768.0,1342.0,1303.0
813.0,1483.0,2001.0,1623.0,1775.0,1524.0,1919.0,1514.0,1538.0
814.0,1267.0,1700.0,1509.0,1669.0,1743.0,1941.0,1607.0,1715.0
815.0,784.0,1307.0,906.0,1241.0,555.0,873.0,482.0,776.0
816.0,906.0,1292.0,1099.0,1373.0,1502.0,2369.0,1529.0,2144.0
817.0,1291.0,2132.0,1450.0,1946.0,1726.0,2637.0,1832.0,2291.0
818.0,1271.0,1505.0,1279.0,1291.0,1482.0,1761.0,1286.0,1450.0
819.0,1686.0,2050.0,1825.0,1861.0,1358.0,1613.0,1239.0,1591.0
820.0,1292.0,1595.0,1404.0,1426.0,1316.0,1566.0,1169.0,1220.0
821.0,1750.0,2039.0,1948.0,1733.0,1684.0,2001.0,1470.0,1420.0
822.0,1309.0,2048.0,1600.0,2051.0,1725.0,2050.0,1624.0,2339.0
823.0,813.0,818.0,834.0,680.0,684.0,583.0,561.0,509.0
824.0,1194.0,1093.0,1186.0,960.0,1160.0,989.0,944.0,922.0
825.0,1295.0,1309.0,1213.0,1103.0,1180.0,1150.0,1024.0,1132.0
826.0,879.0,873.0,848.0,803.0,1095.0,1083.0,1056.0,1191.0
827.0,768.0,634.0,617.0,531.0,745.0,636.0,554.0,540.0
828.0,1035.0,918.0,1067.0,783.0,1167.0,996.0,987.0,973.0
829.0,699.0,609.0,731.0,510.0,666.0,567.0,543.0,509.0
830.0,675.0,534.0,700.0,446.0,607.0,425.0,565.0,487.0
831.0,1590.0,1298.0,1575.0,1108.0,1259.0,882.0,1363.0,1007.0
832.0,793.0,600.0,806.0,510.0,903.0,632.0,767.0,633.0
833.0,1046.0,788.0,972.0,725.0,1394.0,1050.0,881.0,860.0
834.0,1277.0,1225.0,1361.0,1167.0,1458.0,1196.0,938.0,952.0
835.0,1026.0,927.0,1221.0,880.0,1287.0,992.0,1024.0,670.0
836.0,1462.0,1189.0,1465.0,1097.0,1198.0,924.0,1452.0,1173.0
837.0,947.0,1502.0,1050.0,1274.0,1085.0,1257.0,1312.0,952.0
838.0,774.0,30.0,832.0,12.0,925.0,8.0,636.0,15.0
839.0,499.0,20.0,480.0,8.0,500.0,14.0,405.0,9.0
840.0,764.0,17.0,801.0,1.0,695.0,5.0,538.0,12.0
841.0,619.0,25.0,687.0,7.0,782.0,16.0,529.0,20.0
842.0,613.0,44.0,754.0,12.0,800.0,4.0,588.0,18.0
843.0,592.0,21.0,760.0,15.0,1170.0,14.0,782.0,26.0
844.0,480.0,55.0,568.0,41.0,506.0,57.0,509.0,41.0
845.0,1247.0,99.0,1346.0,48.0,1434.0,56.0,1010.0,51.0
846.0,670.0,44.0,729.0,31.0,0.0,0.0,0.0,0.0
847.0,692.0,434.0,1017.0,400.0,554.0,319.0,673.0,235.0
848.0,536.0,508.0,640.0,428.0,846.0,630.0,866.0,355.0
849.0,538.0,178.0,659.0,179.0,798.0,333.0,942.0,288.0
850.0,589.0,258.0,620.0,175.0,379.0,77.0,301.0,74.0
851.0,559.0,170.0,638.0,113.0,826.0,100.0,666.0,79.0
853.0,589.0,267.0,728.0,227.0,799.0,376.0,845.0,192.0
854.0,788.0,1187.0,783.0,1040.0,204.0,285.0,188.0,321.0
855.0,1539.0,2610.0,1851.0,2609.0,1894.0,2968.0,1907.0,2637.0
856.0,771.0,448.0,1018.0,484.0,1086.0,828.0,1284.0,559.0
858.0,541.0,847.0,518.0,769.0,844.0,1288.0,586.0,1468.0
859.0,404.0,469.0,477.0,435.0,482.0,471.0,302.0,629.0
860.0,1003.0,1128.0,1188.0,982.0,1217.0,1175.0,961.0,1315.0
861.0,2022.0,2179.0,2323.0,1715.0,2009.0,1749.0,1569.0,2003.0
862.0,1431.0,1794.0,1663.0,1524.0,1573.0,1730.0,1166.0,1973.0
863.0,1602.0,1800.0,1792.0,1523.0,1312.0,1249.0,1001.0,1494.0
864.0,504.0,566.0,548.0,484.0,602.0,630.0,396.0,819.0
865.0,675.0,750.0,781.0,587.0,622.0,609.0,472.0,671.0
866.0,941.0,1035.0,1087.0,819.0,1012.0,984.0,728.0,1210.0
867.0,1053.0,1125.0,1112.0,941.0,865.0,1048.0,701.0,1177.0
868.0,349.0,458.0,397.0,349.0,570.0,697.0,359.0,815.0
869.0,649.0,957.0,686.0,666.0,537.0,779.0,319.0,933.0
870.0,547.0,923.0,618.0,687.0,597.0,922.0,376.0,1066.0
871.0,790.0,1050.0,883.0,806.0,595.0,671.0,378.0,916.0
872.0,289.0,312.0,358.0,246.0,284.0,271.0,154.0,379.0
873.0,1435.0,1444.0,1613.0,1048.0,1485.0,1195.0,959.0,1675.0
874.0,676.0,865.0,819.0,732.0,1013.0,1224.0,681.0,1537.0
875.0,1015.0,1279.0,1138.0,1058.0,851.0,1016.0,559.0,1232.0
876.0,1551.0,2368.0,2027.0,1991.0,1394.0,1959.0,938.0,2423.0
877.0,739.0,1116.0,807.0,887.0,675.0,1047.0,537.0,1187.0
878.0,434.0,406.0,452.0,349.0,401.0,414.0,303.0,478.0
879.0,814.0,797.0,943.0,711.0,829.0,788.0,624.0,886.0
880.0,766.0,648.0,859.0,571.0,1150.0,942.0,698.0,913.0
881.0,897.0,1034.0,1067.0,915.0,635.0,676.0,580.0,834.0
882.0,719.0,960.0,815.0,803.0,791.0,1068.0,588.0,1063.0
883.0,236.0,304.0,293.0,276.0,263.0,310.0,217.0,335.0
884.0,646.0,827.0,719.0,730.0,641.0,828.0,556.0,883.0
885.0,282.0,311.0,283.0,274.0,286.0,331.0,189.0,390.0
886.0,242.0,354.0,250.0,282.0,240.0,364.0,194.0,365.0
887.0,709.0,681.0,801.0,562.0,936.0,822.0,663.0,960.0
888.0,1524.0,2187.0,1775.0,1923.0,1706.0,2416.0,1445.0,2559.0
889.0,1770.0,1358.0,2145.0,1074.0,1189.0,727.0,1149.0,1110.0
890.0,1087.0,874.0,1141.0,712.0,1421.0,1039.0,929.0,1116.0
891.0,993.0,511.0,1227.0,376.0,1510.0,584.0,1414.0,483.0
892.0,411.0,387.0,487.0,244.0,719.0,443.0,594.0,443.0
893.0,653.0,490.0,786.0,357.0,851.0,507.0,686.0,515.0
894.0,1324.0,861.0,1591.0,614.0,1082.0,485.0,1025.0,464.0
895.0,453.0,576.0,540.0,440.0,1322.0,1074.0,1125.0,991.0
896.0,1363.0,1583.0,1657.0,1182.0,848.0,792.0,716.0,705.0
897.0,857.0,813.0,937.0,594.0,898.0,649.0,724.0,656.0
898.0,609.0,595.0,645.0,454.0,1034.0,935.0,758.0,748.0
899.0,475.0,473.0,554.0,385.0,1118.0,819.0,1792.0,1656.0
900.0,1245.0,1483.0,1590.0,1257.0,1159.0,1300.0,1032.0,1182.0
901.0,602.0,844.0,726.0,720.0,1521.0,1489.0,1418.0,1607.0
902.0,1337.0,1825.0,2115.0,1912.0,1917.0,2152.0,1197.0,1399.0
903.0,1739.0,1842.0,2092.0,1274.0,1317.0,954.0,1016.0,917.0
904.0,1662.0,1578.0,1848.0,1174.0,617.0,445.0,573.0,382.0
905.0,1137.0,1873.0,1382.0,1476.0,1484.0,1546.0,1428.0,1571.0
906.0,1606.0,1865.0,1873.0,1396.0,1805.0,1606.0,1515.0,1597.0
907.0,49.0,59.0,45.0,42.0,491.0,735.0,555.0,769.0
908.0,1012.0,1310.0,1333.0,1061.0,1401.0,1465.0,1165.0,1481.0
909.0,1152.0,1157.0,1977.0,1237.0,1445.0,1206.0,1205.0,1412.0
910.0,845.0,922.0,1015.0,716.0,1111.0,1073.0,607.0,867.0
911.0,1456.0,1601.0,1883.0,1266.0,1351.0,1269.0,1314.0,1834.0
912.0,1177.0,1578.0,1538.0,1298.0,1437.0,1675.0,1392.0,1980.0
913.0,1215.0,1163.0,1605.0,1065.0,1694.0,1318.0,1372.0,1580.0
914.0,1522.0,1240.0,1730.0,968.0,1590.0,1308.0,1080.0,1257.0
915.0,1256.0,1253.0,1575.0,1037.0,1378.0,1277.0,1071.0,1401.0
916.0,773.0,638.0,1060.0,532.0,458.0,434.0,342.0,502.0
917.0,1117.0,1901.0,1461.0,1651.0,1004.0,1786.0,1244.0,1720.0
918.0,696.0,1059.0,1018.0,1189.0,412.0,652.0,590.0,813.0
919.0,355.0,614.0,342.0,329.0,683.0,815.0,813.0,1096.0
920.0,768.0,1040.0,842.0,741.0,619.0,739.0,566.0,692.0
921.0,1466.0,2880.0,2297.0,2816.0,2309.0,3966.0,2031.0,4455.0
922.0,1017.0,1901.0,1459.0,1629.0,1201.0,1901.0,918.0,2138.0
923.0,814.0,1429.0,1020.0,1142.0,842.0,1309.0,617.0,1529.0
924.0,1035.0,1313.0,1244.0,984.0,1102.0,1269.0,713.0,1613.0
925.0,1348.0,1963.0,1797.0,1561.0,1473.0,2049.0,1075.0,2337.0
926.0,759.0,1573.0,989.0,1310.0,876.0,1519.0,652.0,1674.0
927.0,1295.0,1945.0,1625.0,1513.0,1396.0,1913.0,1041.0,2121.0
928.0,396.0,575.0,510.0,450.0,425.0,542.0,279.0,657.0
929.0,888.0,1270.0,1105.0,1095.0,892.0,1164.0,648.0,1280.0
930.0,1028.0,933.0,1201.0,740.0,1074.0,834.0,773.0,924.0
931.0,680.0,1774.0,796.0,1671.0,657.0,1840.0,593.0,1757.0
932.0,585.0,1392.0,746.0,1293.0,676.0,1482.0,622.0,1386.0
933.0,588.0,1378.0,741.0,1364.0,741.0,1590.0,597.0,1493.0
934.0,1484.0,2076.0,1632.0,1834.0,1686.0,2296.0,1547.0,1943.0
935.0,162.0,315.0,184.0,292.0,162.0,337.0,146.0,315.0
936.0,1772.0,2885.0,2198.0,2882.0,1774.0,2717.0,1725.0,2542.0
937.0,1956.0,4218.0,2164.0,3524.0,1885.0,3707.0,1838.0,3240.0
938.0,532.0,1241.0,935.0,1517.0,862.0,1697.0,919.0,1416.0
939.0,865.0,1691.0,995.0,1479.0,1423.0,2533.0,1435.0,1910.0
940.0,1210.0,2513.0,1290.0,2285.0,1064.0,2406.0,1049.0,1542.0
941.0,1273.0,2363.0,1451.0,2184.0,1364.0,2176.0,1628.0,2031.0
942.0,605.0,1682.0,697.0,1619.0,585.0,1642.0,770.0,1673.0
943.0,1386.0,2627.0,1566.0,2387.0,1215.0,2043.0,1573.0,2045.0
944.0,719.0,1736.0,855.0,1649.0,532.0,1222.0,608.0,1069.0
945.0,717.0,1322.0,754.0,953.0,849.0,1522.0,620.0,692.0
946.0,812.0,1426.0,989.0,1541.0,786.0,1578.0,1176.0,1572.0
947.0,1391.0,2339.0,1516.0,2088.0,1964.0,3509.0,1936.0,2271.0
948.0,562.0,1199.0,637.0,998.0,669.0,1305.0,944.0,1036.0
949.0,1299.0,1298.0,1247.0,1133.0,1121.0,1231.0,779.0,1483.0
950.0,1039.0,686.0,999.0,605.0,895.0,687.0,656.0,881.0
951.0,1361.0,1093.0,1324.0,970.0,1118.0,1079.0,846.0,1231.0
952.0,314.0,366.0,326.0,345.0,317.0,362.0,260.0,369.0
953.0,1218.0,1032.0,1296.0,891.0,1292.0,1154.0,1208.0,1047.0
954.0,3556.0,2864.0,4410.0,2907.0,3445.0,2605.0,3062.0,2752.0
955.0,2052.0,2319.0,2184.0,2272.0,1844.0,2242.0,1597.0,2371.0
956.0,1526.0,1622.0,1433.0,1548.0,1071.0,1372.0,753.0,1598.0
957.0,1248.0,1203.0,1209.0,1098.0,1224.0,1370.0,879.0,1510.0
958.0,687.0,668.0,631.0,627.0,708.0,899.0,533.0,1050.0
959.0,907.0,849.0,858.0,778.0,716.0,789.0,517.0,921.0
960.0,830.0,982.0,787.0,894.0,765.0,1002.0,542.0,1173.0
961.0,1530.0,1233.0,1417.0,1134.0,1307.0,1278.0,968.0,1592.0
962.0,859.0,861.0,776.0,856.0,856.0,1061.0,638.0,1220.0
963.0,649.0,731.0,622.0,659.0,544.0,655.0,398.0,775.0
964.0,1488.0,1741.0,1535.0,1667.0,1448.0,1790.0,1196.0,1950.0
965.0,1271.0,1670.0,1379.0,1618.0,1271.0,1650.0,955.0,1794.0
966.0,1298.0,1589.0,1276.0,1500.0,1155.0,1635.0,849.0,1784.0
967.0,1326.0,1446.0,1255.0,1282.0,1065.0,1195.0,839.0,1337.0
968.0,882.0,875.0,852.0,774.0,758.0,867.0,510.0,1082.0
969.0,1369.0,816.0,1379.0,707.0,1213.0,892.0,939.0,1133.0
970.0,1097.0,973.0,1226.0,791.0,1042.0,1048.0,842.0,1224.0
971.0,822.0,591.0,911.0,464.0,1074.0,732.0,926.0,638.0
972.0,2293.0,1457.0,2543.0,1207.0,2830.0,1563.0,2235.0,1304.0
973.0,1352.0,1051.0,1497.0,909.0,1440.0,1142.0,1215.0,1309.0
974.0,1527.0,1264.0,1712.0,1075.0,1696.0,1511.0,1436.0,1712.0
975.0,2282.0,2161.0,2861.0,1878.0,2912.0,2629.0,2502.0,2609.0
976.0,1374.0,1228.0,1595.0,1026.0,1606.0,1267.0,1573.0,1485.0
977.0,2698.0,2016.0,3289.0,1764.0,2329.0,1468.0,2014.0,1593.0
978.0,2160.0,1363.0,2537.0,1045.0,2225.0,1272.0,1916.0,1120.0
979.0,2553.0,1286.0,2667.0,1003.0,1836.0,1014.0,1521.0,772.0
980.0,541.0,459.0,576.0,365.0,473.0,488.0,378.0,546.0
981.0,759.0,778.0,859.0,670.0,625.0,740.0,456.0,856.0
982.0,729.0,751.0,814.0,651.0,629.0,710.0,466.0,816.0
983.0,347.0,404.0,432.0,311.0,318.0,368.0,246.0,396.0
984.0,1567.0,1244.0,1619.0,1057.0,1398.0,1123.0,977.0,1298.0
985.0,528.0,592.0,561.0,467.0,465.0,528.0,325.0,617.0
986.0,1025.0,1042.0,1044.0,830.0,928.0,941.0,650.0,1077.0
987.0,546.0,717.0,558.0,559.0,510.0,658.0,334.0,772.0
988.0,595.0,536.0,593.0,421.0,477.0,468.0,289.0,634.0
989.0,821.0,239.0,1000.0,215.0,657.0,169.0,548.0,169.0
990.0,1078.0,485.0,1093.0,357.0,1090.0,356.0,913.0,257.0
991.0,1204.0,142.0,1174.0,69.0,2186.0,238.0,1544.0,228.0
992.0,2145.0,553.0,2111.0,363.0,1677.0,168.0,1174.0,192.0
993.0,1403.0,247.0,1444.0,143.0,1033.0,57.0,725.0,54.0
994.0,785.0,504.0,769.0,367.0,1436.0,432.0,1068.0,402.0
995.0,1987.0,1141.0,2027.0,734.0,1216.0,701.0,1063.0,562.0
996.0,1235.0,826.0,1110.0,530.0,1151.0,590.0,940.0,617.0
997.0,1938.0,1436.0,2227.0,1257.0,2872.0,1533.0,1990.0,1051.0
998.0,700.0,866.0,1064.0,1003.0,1090.0,1133.0,1025.0,1131.0
999.0,524.0,582.0,715.0,591.0,462.0,476.0,483.0,504.0
1000.0,2128.0,1409.0,2098.0,1029.0,1593.0,929.0,1186.0,717.0
1001.0,793.0,649.0,818.0,468.0,0.0,0.0,0.0,0.0
1002.0,1534.0,1018.0,1661.0,648.0,2424.0,1022.0,1771.0,923.0
1003.0,1932.0,2045.0,2113.0,1613.0,2878.0,2072.0,2371.0,1733.0
1004.0,2107.0,1746.0,2322.0,1531.0,1179.0,974.0,910.0,872.0
1005.0,1074.0,1124.0,1266.0,856.0,780.0,812.0,381.0,368.0
1006.0,1188.0,891.0,1228.0,659.0,1932.0,798.0,1420.0,766.0
1007.0,284.0,211.0,306.0,143.0,1513.0,560.0,1148.0,498.0
1008.0,2704.0,2359.0,2865.0,1901.0,2664.0,1598.0,2105.0,1512.0
1009.0,1276.0,1751.0,1385.0,1511.0,1255.0,1594.0,984.0,1552.0
1010.0,788.0,994.0,932.0,884.0,946.0,1201.0,900.0,1175.0
1011.0,1460.0,1947.0,1668.0,1685.0,1559.0,1978.0,1649.0,1645.0
1012.0,431.0,842.0,557.0,736.0,517.0,726.0,551.0,582.0
1013.0,1154.0,1904.0,1183.0,1779.0,1000.0,1270.0,708.0,1445.0
1014.0,603.0,996.0,703.0,959.0,996.0,1265.0,904.0,1367.0
1015.0,201.0,223.0,172.0,126.0,208.0,214.0,212.0,221.0
1016.0,1457.0,1606.0,1757.0,1486.0,1476.0,1483.0,1260.0,1526.0
1017.0,423.0,579.0,511.0,595.0,860.0,881.0,794.0,1037.0
1018.0,1167.0,1624.0,1566.0,1648.0,1744.0,1967.0,1539.0,1831.0
1019.0,1563.0,1736.0,1882.0,1745.0,1564.0,1614.0,1358.0,1557.0
1020.0,1100.0,2061.0,1253.0,1882.0,1179.0,1981.0,909.0,1877.0
1021.0,487.0,910.0,531.0,823.0,587.0,1033.0,454.0,1020.0
1022.0,794.0,1536.0,875.0,1445.0,837.0,1587.0,668.0,1623.0
1023.0,1114.0,2520.0,1233.0,2514.0,1199.0,3061.0,1002.0,3002.0
1024.0,526.0,1163.0,549.0,1112.0,370.0,942.0,308.0,933.0
1025.0,427.0,790.0,525.0,773.0,489.0,846.0,362.0,922.0
1026.0,1323.0,2460.0,1588.0,2126.0,1639.0,2506.0,1422.0,2565.0
1027.0,1379.0,2150.0,1516.0,1777.0,1170.0,1668.0,1023.0,1674.0
1028.0,892.0,1516.0,1036.0,1316.0,1286.0,2057.0,993.0,1809.0
1029.0,1292.0,2739.0,1649.0,2692.0,1603.0,3092.0,1318.0,3112.0
1030.0,507.0,1181.0,604.0,1069.0,662.0,1374.0,563.0,1430.0
1031.0,432.0,1015.0,490.0,1035.0,405.0,1058.0,327.0,949.0
1032.0,306.0,573.0,325.0,491.0,256.0,446.0,171.0,430.0
1033.0,298.0,308.0,351.0,211.0,414.0,282.0,311.0,332.0
1034.0,657.0,735.0,705.0,561.0,723.0,634.0,515.0,690.0
1035.0,1067.0,1353.0,1258.0,894.0,1231.0,905.0,843.0,908.0
1036.0,1285.0,1437.0,1525.0,946.0,1419.0,1038.0,1041.0,1191.0
1037.0,580.0,626.0,697.0,393.0,655.0,438.0,410.0,535.0
1038.0,671.0,282.0,684.0,187.0,0.0,0.0,0.0,0.0
1039.0,1632.0,1056.0,1716.0,776.0,932.0,483.0,773.0,429.0
1040.0,647.0,277.0,641.0,203.0,713.0,202.0,415.0,274.0
1041.0,998.0,606.0,1080.0,536.0,1666.0,640.0,1184.0,758.0
1042.0,1803.0,1098.0,1808.0,883.0,1870.0,1150.0,1491.0,1109.0
1043.0,1561.0,918.0,1570.0,697.0,1351.0,633.0,1036.0,651.0
1044.0,1935.0,1244.0,1955.0,992.0,1164.0,746.0,1181.0,914.0
1045.0,0.0,0.0,0.0,0.0,1936.0,1150.0,1540.0,1097.0
1046.0,2408.0,2183.0,2628.0,1666.0,2764.0,2356.0,2470.0,1988.0
1047.0,1537.0,762.0,1508.0,562.0,855.0,363.0,595.0,351.0
1048.0,3459.0,1771.0,3638.0,1409.0,3199.0,1541.0,2389.0,1740.0
1049.0,127.0,74.0,114.0,65.0,659.0,483.0,454.0,553.0
1050.0,869.0,786.0,1059.0,719.0,1042.0,904.0,944.0,947.0
1051.0,261.0,260.0,260.0,212.0,271.0,332.0,219.0,307.0
1052.0,914.0,802.0,956.0,698.0,778.0,651.0,774.0,771.0
1053.0,3080.0,2813.0,4024.0,2569.0,3582.0,2855.0,2997.0,2449.0
1054.0,795.0,487.0,728.0,428.0,891.0,484.0,650.0,548.0
1055.0,838.0,157.0,902.0,99.0,770.0,107.0,625.0,110.0
1056.0,1234.0,652.0,1362.0,468.0,1237.0,365.0,874.0,409.0
1057.0,1406.0,834.0,1396.0,650.0,1206.0,470.0,888.0,550.0
1058.0,1418.0,351.0,1457.0,234.0,1064.0,144.0,738.0,174.0
1059.0,1460.0,1034.0,1541.0,842.0,1544.0,811.0,1240.0,792.0
1060.0,973.0,697.0,956.0,542.0,1404.0,784.0,974.0,875.0
1061.0,954.0,731.0,974.0,622.0,953.0,568.0,703.0,654.0
1062.0,437.0,467.0,507.0,435.0,471.0,390.0,356.0,485.0
1063.0,753.0,521.0,767.0,476.0,680.0,561.0,517.0,470.0
1064.0,750.0,882.0,804.0,816.0,1086.0,888.0,890.0,1036.0
1065.0,1372.0,1126.0,1491.0,1050.0,1487.0,831.0,1251.0,743.0
1066.0,426.0,278.0,525.0,214.0,1198.0,958.0,1014.0,932.0
1067.0,648.0,894.0,804.0,833.0,355.0,466.0,281.0,492.0
1068.0,567.0,707.0,609.0,600.0,598.0,657.0,433.0,728.0
1069.0,1580.0,1309.0,1778.0,991.0,1387.0,951.0,1030.0,1111.0
1070.0,2331.0,1528.0,2751.0,1264.0,2807.0,1442.0,2501.0,1517.0
1071.0,2418.0,1521.0,2691.0,1268.0,2801.0,1426.0,2340.0,1677.0
1072.0,935.0,699.0,1021.0,607.0,937.0,637.0,789.0,660.0
1073.0,1966.0,1622.0,2227.0,1317.0,2198.0,1556.0,1739.0,1642.0
1074.0,368.0,421.0,429.0,318.0,541.0,515.0,407.0,569.0
1075.0,879.0,1180.0,992.0,1024.0,799.0,1015.0,614.0,987.0
1076.0,607.0,685.0,632.0,542.0,522.0,643.0,335.0,748.0
1077.0,466.0,410.0,474.0,362.0,338.0,334.0,210.0,474.0
1078.0,652.0,613.0,608.0,496.0,687.0,725.0,442.0,901.0
1079.0,665.0,793.0,620.0,680.0,432.0,608.0,248.0,778.0
1080.0,1327.0,1433.0,1399.0,1122.0,1255.0,1273.0,816.0,1567.0
1081.0,1691.0,1905.0,1711.0,1489.0,1375.0,1520.0,1325.0,1240.0
1082.0,2170.0,2471.0,2902.0,2787.0,2866.0,3107.0,2801.0,3120.0
1083.0,1054.0,1636.0,1235.0,1656.0,1497.0,2357.0,1486.0,2409.0
1084.0,1296.0,1882.0,1528.0,1821.0,1459.0,2102.0,1338.0,1926.0
1085.0,1744.0,2327.0,1872.0,2389.0,1674.0,2528.0,1426.0,2726.0
1086.0,2024.0,2258.0,2245.0,2345.0,2137.0,2698.0,1642.0,2755.0
1087.0,1221.0,1338.0,1479.0,1450.0,1214.0,1364.0,1089.0,1609.0
1088.0,621.0,760.0,620.0,743.0,529.0,828.0,431.0,862.0
1089.0,1275.0,1167.0,1157.0,1153.0,1007.0,1246.0,651.0,1499.0
1090.0,1937.0,2274.0,2073.0,2278.0,1934.0,2507.0,1507.0,2721.0
1091.0,350.0,368.0,380.0,376.0,407.0,451.0,381.0,432.0
1092.0,851.0,1238.0,953.0,1207.0,908.0,1347.0,945.0,1379.0
1093.0,498.0,537.0,466.0,505.0,593.0,737.0,514.0,714.0
1094.0,1510.0,2000.0,1755.0,1994.0,1722.0,2255.0,1330.0,2479.0
1095.0,2232.0,1924.0,2492.0,1576.0,2512.0,1717.0,1702.0,1870.0
1096.0,501.0,523.0,623.0,440.0,763.0,654.0,561.0,792.0
1097.0,2201.0,1978.0,2703.0,1610.0,2416.0,1523.0,1840.0,1841.0
1098.0,1903.0,1613.0,2246.0,1322.0,2638.0,1586.0,2087.0,1721.0
1099.0,306.0,314.0,361.0,232.0,676.0,513.0,572.0,529.0
1100.0,593.0,576.0,662.0,465.0,703.0,561.0,577.0,609.0
1101.0,317.0,385.0,366.0,300.0,396.0,300.0,300.0,334.0
1102.0,2414.0,1833.0,2899.0,1543.0,3117.0,1649.0,2718.0,1778.0
1103.0,2000.0,1526.0,2363.0,1168.0,2167.0,1361.0,1799.0,1429.0
1104.0,1112.0,1088.0,1229.0,849.0,1216.0,955.0,836.0,1247.0
1105.0,1792.0,1842.0,2158.0,1478.0,1912.0,1450.0,1473.0,1788.0
1106.0,1068.0,1205.0,1228.0,871.0,1288.0,1084.0,888.0,1261.0
1107.0,624.0,635.0,774.0,512.0,744.0,584.0,537.0,655.0
1108.0,1943.0,2160.0,2099.0,1779.0,2164.0,2055.0,1697.0,2339.0
1109.0,599.0,670.0,620.0,579.0,631.0,626.0,441.0,741.0
1110.0,531.0,700.0,560.0,631.0,550.0,694.0,456.0,750.0
1111.0,461.0,579.0,442.0,476.0,426.0,501.0,285.0,652.0
1112.0,422.0,497.0,492.0,403.0,410.0,444.0,285.0,570.0
1113.0,744.0,713.0,844.0,665.0,594.0,469.0,521.0,564.0
1114.0,487.0,711.0,603.0,601.0,319.0,435.0,206.0,542.0
1115.0,1020.0,1171.0,1155.0,881.0,980.0,1097.0,655.0,1078.0
1116.0,539.0,960.0,669.0,751.0,383.0,662.0,373.0,983.0
1117.0,1431.0,1831.0,1762.0,1413.0,2040.0,2071.0,1384.0,2316.0
1118.0,754.0,1131.0,989.0,926.0,791.0,926.0,565.0,1103.0
1119.0,943.0,959.0,1063.0,689.0,975.0,658.0,695.0,736.0
1120.0,499.0,606.0,542.0,441.0,572.0,720.0,366.0,872.0
1121.0,1354.0,1397.0,1458.0,1123.0,1237.0,1367.0,925.0,1558.0
1122.0,569.0,1072.0,707.0,853.0,526.0,867.0,305.0,1022.0
1123.0,483.0,956.0,575.0,787.0,594.0,1057.0,367.0,1253.0
1124.0,486.0,658.0,546.0,538.0,329.0,537.0,206.0,652.0
1125.0,837.0,884.0,881.0,724.0,898.0,836.0,789.0,717.0
1126.0,630.0,400.0,717.0,299.0,1145.0,607.0,847.0,600.0
1127.0,1818.0,1614.0,2083.0,1474.0,830.0,785.0,717.0,714.0
1128.0,2359.0,2107.0,2480.0,1801.0,2564.0,2071.0,2115.0,1791.0
1129.0,952.0,876.0,1146.0,1001.0,1079.0,913.0,784.0,721.0
1130.0,679.0,356.0,686.0,243.0,1411.0,793.0,1041.0,760.0
1131.0,3319.0,2180.0,3372.0,1844.0,1253.0,731.0,862.0,713.0
1132.0,1080.0,966.0,1122.0,788.0,1638.0,1278.0,1500.0,1458.0
1133.0,1151.0,1154.0,1201.0,1059.0,1334.0,1075.0,1054.0,1141.0
1134.0,1265.0,1248.0,1338.0,1076.0,1589.0,1474.0,1308.0,1339.0
1135.0,1029.0,1293.0,1097.0,1162.0,847.0,1091.0,663.0,1135.0
1136.0,745.0,1090.0,996.0,1042.0,962.0,1405.0,778.0,1413.0
1137.0,897.0,1213.0,959.0,1064.0,871.0,1202.0,807.0,1208.0
1138.0,601.0,1094.0,772.0,901.0,513.0,833.0,399.0,841.0
1139.0,1868.0,2601.0,2175.0,2343.0,1910.0,2692.0,1607.0,2532.0
1140.0,845.0,1090.0,978.0,1020.0,972.0,1294.0,847.0,1210.0
1141.0,2144.0,2617.0,2592.0,2482.0,2308.0,2853.0,2026.0,2727.0
1142.0,414.0,607.0,416.0,583.0,380.0,651.0,271.0,667.0
1143.0,583.0,865.0,1316.0,1504.0,1367.0,1815.0,1307.0,1743.0
1144.0,430.0,985.0,530.0,970.0,794.0,1581.0,692.0,1478.0
1145.0,498.0,1298.0,534.0,1200.0,475.0,1321.0,412.0,1223.0
1146.0,652.0,1280.0,739.0,1145.0,595.0,1172.0,457.0,1187.0
1147.0,544.0,1408.0,606.0,1262.0,622.0,1611.0,462.0,1571.0
1148.0,648.0,1488.0,721.0,1340.0,622.0,1541.0,486.0,1450.0
1149.0,759.0,3201.0,892.0,3017.0,794.0,3007.0,651.0,2829.0
1150.0,662.0,534.0,710.0,396.0,756.0,453.0,613.0,380.0
1151.0,717.0,1076.0,808.0,845.0,557.0,813.0,322.0,949.0
1152.0,324.0,511.0,386.0,411.0,332.0,480.0,180.0,597.0
1153.0,688.0,706.0,657.0,564.0,557.0,664.0,315.0,875.0
1154.0,402.0,753.0,496.0,568.0,396.0,733.0,267.0,844.0
1155.0,1002.0,1560.0,1453.0,1431.0,1315.0,1954.0,951.0,2161.0
1156.0,599.0,848.0,675.0,646.0,552.0,848.0,334.0,1011.0
1157.0,922.0,756.0,949.0,607.0,1109.0,853.0,848.0,1080.0
1158.0,1182.0,750.0,1178.0,589.0,953.0,618.0,701.0,867.0
1159.0,961.0,500.0,891.0,433.0,618.0,493.0,401.0,638.0
1160.0,1466.0,885.0,1381.0,721.0,1068.0,664.0,766.0,882.0
1161.0,798.0,506.0,789.0,377.0,960.0,619.0,726.0,804.0
1162.0,774.0,561.0,777.0,442.0,716.0,566.0,465.0,783.0
1163.0,1919.0,1803.0,2234.0,1503.0,1986.0,1685.0,1545.0,2063.0
1164.0,722.0,679.0,853.0,572.0,594.0,443.0,440.0,587.0
1165.0,880.0,850.0,919.0,651.0,906.0,727.0,619.0,894.0
1166.0,1164.0,882.0,1196.0,725.0,1036.0,766.0,811.0,930.0
1167.0,1197.0,910.0,1286.0,696.0,1250.0,827.0,1020.0,1008.0
1168.0,1703.0,1513.0,1918.0,1138.0,1755.0,1193.0,1523.0,1295.0
1169.0,707.0,776.0,776.0,649.0,736.0,676.0,557.0,822.0
1170.0,1199.0,1079.0,1272.0,866.0,1223.0,978.0,963.0,1101.0
1171.0,991.0,666.0,1009.0,548.0,1014.0,652.0,775.0,817.0
1172.0,1145.0,998.0,1256.0,798.0,1215.0,888.0,892.0,937.0
1173.0,971.0,1515.0,1124.0,1298.0,1012.0,1431.0,799.0,1578.0
1174.0,1474.0,2404.0,1727.0,2065.0,1532.0,2242.0,1259.0,2447.0
1175.0,786.0,1249.0,876.0,1134.0,849.0,1237.0,699.0,1189.0
1176.0,925.0,1400.0,1073.0,1231.0,814.0,1172.0,662.0,1216.0
1177.0,1224.0,2660.0,1490.0,2418.0,1205.0,2321.0,1240.0,2763.0
1178.0,484.0,1142.0,564.0,1067.0,579.0,1308.0,240.0,677.0
1179.0,434.0,974.0,558.0,946.0,591.0,1162.0,488.0,1190.0
1180.0,456.0,848.0,550.0,724.0,517.0,876.0,454.0,804.0
1181.0,941.0,1611.0,1187.0,1379.0,1058.0,1532.0,829.0,1560.0
1182.0,814.0,847.0,1125.0,767.0,1528.0,1077.0,1377.0,1094.0
1183.0,2475.0,1782.0,3254.0,1745.0,2722.0,1950.0,2162.0,1783.0
1184.0,913.0,805.0,1054.0,670.0,631.0,441.0,586.0,493.0
1185.0,913.0,1306.0,1058.0,1035.0,1085.0,1204.0,789.0,1341.0
1186.0,929.0,1246.0,1093.0,1061.0,1002.0,1068.0,830.0,1052.0
1187.0,997.0,1194.0,1177.0,954.0,1078.0,1023.0,863.0,936.0
1188.0,720.0,1020.0,780.0,852.0,881.0,1161.0,743.0,1131.0
1189.0,1179.0,1895.0,1583.0,1755.0,1061.0,1359.0,874.0,1386.0
1190.0,1074.0,1641.0,1574.0,1589.0,1641.0,2031.0,1326.0,1985.0
1191.0,788.0,1333.0,949.0,1206.0,612.0,1033.0,499.0,989.0
1192.0,527.0,860.0,773.0,875.0,512.0,762.0,464.0,784.0
1193.0,1168.0,1468.0,1555.0,1231.0,1834.0,1967.0,1632.0,2032.0
1194.0,573.0,801.0,634.0,652.0,490.0,695.0,452.0,607.0
1195.0,609.0,1055.0,672.0,930.0,809.0,1308.0,758.0,1217.0
1196.0,1037.0,1998.0,1245.0,1628.0,1008.0,1704.0,947.0,1594.0
1197.0,931.0,1249.0,1328.0,1257.0,1237.0,1544.0,863.0,1767.0
1198.0,199.0,362.0,245.0,304.0,206.0,335.0,216.0,412.0
1199.0,815.0,708.0,837.0,626.0,793.0,691.0,599.0,835.0
1200.0,764.0,741.0,732.0,671.0,708.0,695.0,507.0,844.0
1201.0,468.0,593.0,469.0,565.0,339.0,475.0,255.0,549.0
1202.0,928.0,914.0,931.0,844.0,860.0,1008.0,670.0,1145.0
1203.0,1727.0,1674.0,1727.0,1474.0,1720.0,1712.0,1264.0,1905.0
1204.0,747.0,1701.0,900.0,1572.0,803.0,1828.0,700.0,1792.0
1205.0,453.0,1641.0,614.0,1513.0,469.0,1477.0,407.0,1446.0
1206.0,414.0,1112.0,487.0,1061.0,446.0,1322.0,364.0,1265.0
1207.0,939.0,2307.0,1188.0,2265.0,990.0,2440.0,796.0,2473.0
1208.0,1006.0,2560.0,1042.0,2385.0,907.0,2684.0,868.0,2532.0
1209.0,570.0,1133.0,661.0,1154.0,331.0,857.0,296.0,843.0
1210.0,784.0,1626.0,974.0,1433.0,804.0,1538.0,616.0,1407.0
1211.0,473.0,894.0,591.0,819.0,237.0,418.0,168.0,371.0
1212.0,662.0,1503.0,865.0,1395.0,887.0,1568.0,858.0,1617.0
1213.0,1407.0,2848.0,1858.0,2598.0,1627.0,3055.0,1360.0,2677.0
1214.0,503.0,935.0,634.0,730.0,471.0,829.0,422.0,734.0
1215.0,1173.0,1980.0,1208.0,1662.0,1876.0,3302.0,1664.0,3154.0
1216.0,516.0,1723.0,620.0,1560.0,572.0,1998.0,477.0,1913.0
1217.0,310.0,896.0,367.0,820.0,534.0,1326.0,446.0,1376.0
1218.0,339.0,775.0,408.0,681.0,446.0,935.0,363.0,850.0
1219.0,880.0,2038.0,1029.0,1844.0,919.0,2296.0,813.0,2264.0
1220.0,633.0,1833.0,713.0,1706.0,654.0,1916.0,584.0,1795.0
1221.0,1748.0,3403.0,2298.0,3319.0,1798.0,3294.0,1501.0,3106.0
1222.0,744.0,2132.0,976.0,2172.0,894.0,2563.0,817.0,2443.0
1223.0,735.0,2182.0,946.0,2218.0,854.0,2386.0,782.0,2312.0
1224.0,362.0,959.0,388.0,926.0,316.0,1018.0,275.0,977.0
1225.0,732.0,1860.0,900.0,1848.0,816.0,2168.0,715.0,2116.0
1226.0,1004.0,3003.0,1160.0,2939.0,1032.0,3331.0,996.0,3176.0
1227.0,978.0,2432.0,1019.0,2348.0,977.0,2748.0,984.0,2645.0
1228.0,725.0,1533.0,824.0,1348.0,277.0,646.0,370.0,685.0
1229.0,1323.0,3241.0,1671.0,3109.0,1383.0,3091.0,1673.0,3291.0
1230.0,548.0,968.0,666.0,871.0,954.0,2103.0,960.0,1740.0
1231.0,584.0,1617.0,765.0,1650.0,1038.0,2193.0,628.0,1282.0
1232.0,1195.0,2307.0,1354.0,2102.0,1240.0,2253.0,1275.0,2056.0
1233.0,989.0,1663.0,1046.0,1446.0,1140.0,1736.0,1049.0,1497.0
1234.0,713.0,1151.0,782.0,965.0,585.0,840.0,523.0,757.0
1235.0,1039.0,2130.0,1174.0,1905.0,1142.0,2312.0,1219.0,1923.0
1236.0,869.0,1751.0,997.0,1618.0,802.0,1430.0,867.0,1260.0
1237.0,366.0,793.0,470.0,800.0,521.0,1066.0,508.0,1054.0
1238.0,880.0,1750.0,1101.0,1757.0,1006.0,1936.0,1069.0,1642.0
1239.0,947.0,1888.0,1101.0,1727.0,1143.0,2267.0,1321.0,2027.0
1240.0,459.0,669.0,441.0,569.0,431.0,647.0,323.0,560.0
1241.0,808.0,1691.0,892.0,1560.0,696.0,1337.0,673.0,1108.0
1242.0,693.0,2094.0,1051.0,2140.0,538.0,1199.0,495.0,951.0
1243.0,1007.0,2572.0,1209.0,2539.0,1248.0,2805.0,1537.0,2292.0
1244.0,427.0,1097.0,515.0,965.0,538.0,1676.0,694.0,1252.0
1245.0,1027.0,2167.0,1135.0,1989.0,808.0,1602.0,876.0,1281.0
1246.0,1510.0,3450.0,1601.0,3275.0,1846.0,3988.0,2044.0,3216.0
1247.0,1289.0,3042.0,1489.0,2721.0,1388.0,2968.0,1706.0,2285.0
1248.0,294.0,700.0,334.0,656.0,285.0,600.0,326.0,528.0
1249.0,972.0,1860.0,1052.0,1666.0,815.0,1456.0,861.0,1169.0
1250.0,575.0,1479.0,770.0,1372.0,829.0,1884.0,953.0,1563.0
1251.0,398.0,1098.0,514.0,956.0,585.0,1305.0,679.0,1097.0
1252.0,909.0,2090.0,1074.0,1904.0,1108.0,2324.0,1195.0,1772.0
1253.0,622.0,1100.0,712.0,1034.0,589.0,1056.0,583.0,903.0
1254.0,1138.0,1772.0,1236.0,1621.0,1451.0,2392.0,1388.0,2003.0
1255.0,1199.0,2128.0,1356.0,1864.0,1466.0,2472.0,1502.0,2027.0
1256.0,1413.0,2515.0,1568.0,2247.0,1031.0,1696.0,978.0,1474.0
1257.0,1919.0,3528.0,2144.0,3363.0,1476.0,3038.0,1568.0,2392.0
1258.0,1037.0,2318.0,1237.0,2270.0,1402.0,3109.0,1401.0,2695.0
1259.0,898.0,1638.0,913.0,1495.0,1266.0,2314.0,1319.0,2107.0
1260.0,356.0,710.0,376.0,689.0,51.0,110.0,57.0,99.0
1261.0,841.0,1853.0,892.0,1754.0,664.0,1817.0,683.0,1656.0
1262.0,1052.0,2154.0,1155.0,2080.0,824.0,1921.0,783.0,1655.0
1263.0,1381.0,2920.0,1690.0,3006.0,998.0,2329.0,663.0,1347.0
1264.0,887.0,2245.0,1050.0,2159.0,1284.0,2992.0,1171.0,2957.0
1265.0,320.0,631.0,379.0,640.0,1119.0,2497.0,1055.0,2292.0
1266.0,219.0,533.0,267.0,549.0,397.0,946.0,718.0,1713.0
1267.0,731.0,1726.0,791.0,1667.0,826.0,2107.0,735.0,1952.0
1268.0,644.0,1548.0,765.0,1502.0,621.0,1524.0,553.0,1532.0
1269.0,1130.0,2691.0,1499.0,2477.0,886.0,2027.0,951.0,1857.0
1270.0,354.0,942.0,402.0,939.0,557.0,1347.0,565.0,1311.0
1271.0,689.0,1668.0,758.0,1600.0,589.0,1433.0,560.0,1321.0
1272.0,979.0,1799.0,1241.0,1624.0,914.0,1506.0,888.0,1208.0
1273.0,1524.0,2214.0,1760.0,1920.0,1589.0,2078.0,1388.0,1754.0
1274.0,1119.0,1956.0,1302.0,1687.0,1446.0,2448.0,1383.0,1932.0
1275.0,802.0,994.0,841.0,892.0,636.0,714.0,536.0,610.0
1276.0,1470.0,2124.0,1536.0,1944.0,1751.0,2765.0,1765.0,2340.0
1277.0,849.0,1449.0,961.0,1226.0,684.0,999.0,731.0,838.0
1278.0,1287.0,1319.0,1554.0,1072.0,1517.0,1285.0,1377.0,1100.0
1279.0,756.0,776.0,886.0,679.0,985.0,1041.0,927.0,833.0
1280.0,855.0,1207.0,942.0,1084.0,1484.0,1318.0,818.0,945.0
1281.0,1026.0,1815.0,1263.0,1785.0,963.0,1399.0,912.0,1152.0
1282.0,710.0,1446.0,774.0,1276.0,506.0,965.0,656.0,976.0
1283.0,372.0,439.0,406.0,375.0,151.0,213.0,161.0,191.0
1284.0,777.0,1812.0,950.0,1714.0,1275.0,2590.0,1325.0,2182.0
1285.0,849.0,1871.0,969.0,1649.0,1207.0,2341.0,1332.0,2080.0
1286.0,1490.0,2224.0,1607.0,2031.0,1583.0,2139.0,1309.0,1744.0
1287.0,338.0,1241.0,390.0,1126.0,382.0,1225.0,415.0,1001.0
1288.0,697.0,1601.0,785.0,1433.0,799.0,1941.0,949.0,1995.0
1289.0,653.0,1375.0,829.0,1366.0,815.0,1717.0,857.0,1596.0
1290.0,1356.0,3027.0,1621.0,2755.0,1141.0,2710.0,1248.0,2419.0
1291.0,1060.0,2227.0,1036.0,1840.0,1048.0,2418.0,1033.0,2058.0
1292.0,1020.0,2293.0,1193.0,1957.0,1151.0,2727.0,1134.0,2254.0
1293.0,872.0,2196.0,1088.0,2183.0,1813.0,4175.0,1425.0,3218.0
1294.0,597.0,1206.0,628.0,1145.0,230.0,499.0,296.0,519.0
1295.0,703.0,2468.0,922.0,2572.0,748.0,2711.0,811.0,2438.0
1296.0,758.0,1990.0,920.0,1978.0,340.0,950.0,513.0,1323.0
1297.0,512.0,1731.0,630.0,1664.0,656.0,2306.0,686.0,2047.0
1298.0,791.0,2209.0,994.0,2166.0,1065.0,2737.0,1045.0,2279.0
1299.0,1042.0,2456.0,1313.0,2196.0,801.0,1879.0,829.0,1716.0
1300.0,887.0,2164.0,1031.0,2086.0,876.0,2325.0,997.0,1999.0
1301.0,1083.0,2544.0,1272.0,2380.0,1045.0,2496.0,1126.0,2183.0
1302.0,815.0,2001.0,931.0,1819.0,892.0,2190.0,986.0,1856.0
1303.0,1161.0,3056.0,1259.0,3040.0,1002.0,2928.0,979.0,2743.0
1304.0,981.0,2480.0,1123.0,2383.0,905.0,2492.0,858.0,2248.0
1305.0,642.0,1561.0,745.0,1552.0,880.0,2203.0,869.0,2034.0
1306.0,279.0,703.0,326.0,644.0,533.0,1235.0,499.0,1138.0
1307.0,988.0,2105.0,1257.0,2158.0,939.0,1971.0,911.0,1921.0
1308.0,987.0,2569.0,1193.0,2337.0,1037.0,2766.0,955.0,2650.0
1309.0,910.0,1768.0,1007.0,1796.0,1027.0,2428.0,948.0,2252.0
1310.0,444.0,920.0,468.0,875.0,399.0,978.0,378.0,903.0
1311.0,621.0,1555.0,679.0,1447.0,556.0,1427.0,612.0,1299.0
1312.0,1372.0,2771.0,1616.0,2613.0,1290.0,2521.0,1194.0,2279.0
1313.0,912.0,1775.0,1211.0,1812.0,967.0,2009.0,1211.0,2060.0
1314.0,851.0,1921.0,1056.0,1770.0,1154.0,2401.0,1080.0,2131.0
1315.0,375.0,1035.0,456.0,961.0,375.0,1046.0,393.0,938.0
1316.0,471.0,1249.0,576.0,1276.0,553.0,1493.0,504.0,1513.0
1317.0,954.0,2632.0,1186.0,2640.0,956.0,2689.0,946.0,2587.0
1318.0,1000.0,1482.0,1128.0,1090.0,971.0,4279.0,669.0,1455.0
1319.0,554.0,948.0,678.0,760.0,449.0,645.0,291.0,775.0
1320.0,1017.0,1291.0,1220.0,1045.0,1173.0,1317.0,874.0,1498.0
1321.0,429.0,651.0,481.0,440.0,491.0,615.0,301.0,786.0
1322.0,908.0,1244.0,943.0,884.0,590.0,681.0,483.0,710.0
1323.0,868.0,1476.0,1042.0,1180.0,916.0,1306.0,700.0,1364.0
1324.0,797.0,1408.0,1005.0,1114.0,880.0,1096.0,560.0,1381.0
1325.0,790.0,1451.0,1019.0,1216.0,630.0,1106.0,461.0,1215.0
1326.0,1872.0,2036.0,2218.0,1476.0,2472.0,2384.0,1750.0,2998.0
1327.0,1601.0,2201.0,2038.0,1696.0,1934.0,1885.0,1622.0,2066.0
1328.0,858.0,1251.0,1011.0,956.0,823.0,1053.0,564.0,1233.0
1329.0,900.0,1429.0,1100.0,1094.0,683.0,1006.0,451.0,1196.0
1330.0,691.0,1102.0,725.0,892.0,626.0,1045.0,451.0,1208.0
1331.0,971.0,1114.0,1111.0,992.0,1097.0,1198.0,756.0,1360.0
1332.0,743.0,935.0,879.0,771.0,654.0,711.0,498.0,874.0
1333.0,631.0,891.0,742.0,710.0,761.0,956.0,541.0,1104.0
1334.0,859.0,1059.0,896.0,937.0,982.0,1106.0,658.0,1295.0
1335.0,783.0,858.0,814.0,702.0,609.0,740.0,425.0,919.0
1336.0,819.0,1218.0,926.0,973.0,917.0,1110.0,666.0,1275.0
1337.0,584.0,460.0,644.0,314.0,761.0,460.0,563.0,484.0
1338.0,1691.0,1416.0,1884.0,985.0,776.0,511.0,676.0,492.0
1340.0,2563.0,2462.0,2725.0,1846.0,2191.0,1759.0,1821.0,1773.0
1341.0,1176.0,851.0,1452.0,553.0,2697.0,1381.0,2100.0,1479.0
1342.0,1475.0,1243.0,1815.0,845.0,1478.0,995.0,1176.0,997.0
1343.0,1322.0,1017.0,1401.0,742.0,1546.0,865.0,1199.0,866.0
1344.0,1117.0,1282.0,1468.0,1104.0,901.0,706.0,739.0,767.0
1345.0,527.0,512.0,557.0,449.0,702.0,528.0,574.0,555.0
1346.0,1908.0,1874.0,2200.0,1478.0,2661.0,1985.0,2229.0,1972.0
1347.0,964.0,802.0,1047.0,570.0,1369.0,825.0,949.0,876.0
1348.0,1178.0,1172.0,1269.0,901.0,766.0,656.0,642.0,701.0
1349.0,832.0,998.0,1006.0,746.0,0.0,0.0,226.0,295.0
1350.0,470.0,551.0,517.0,445.0,1373.0,1163.0,1067.0,1181.0
1351.0,240.0,347.0,266.0,302.0,79.0,112.0,67.0,116.0
1352.0,477.0,694.0,515.0,588.0,658.0,806.0,509.0,846.0
1353.0,1419.0,2166.0,1715.0,1881.0,1451.0,1888.0,1067.0,1542.0
1354.0,786.0,1263.0,1103.0,1136.0,1079.0,1306.0,918.0,1191.0
1355.0,902.0,1569.0,1392.0,1692.0,1374.0,1877.0,1252.0,1952.0
1356.0,872.0,1476.0,1010.0,1308.0,800.0,1151.0,638.0,1192.0
1357.0,787.0,1225.0,926.0,1005.0,1176.0,1394.0,915.0,1608.0
1358.0,932.0,1263.0,1062.0,1067.0,718.0,859.0,514.0,1034.0
1359.0,1011.0,1907.0,1211.0,1641.0,1432.0,1973.0,1080.0,2119.0
1360.0,847.0,1480.0,1052.0,1259.0,510.0,832.0,366.0,892.0
1361.0,726.0,1262.0,969.0,1187.0,1075.0,1677.0,903.0,1830.0
1362.0,1722.0,2559.0,2309.0,2283.0,2243.0,2426.0,1181.0,1736.0
1363.0,602.0,614.0,676.0,453.0,568.0,507.0,323.0,381.0
1364.0,1305.0,1551.0,1440.0,1181.0,1270.0,1259.0,688.0,897.0
1365.0,1334.0,1241.0,1593.0,922.0,1892.0,1587.0,1384.0,1495.0
1366.0,581.0,471.0,649.0,357.0,937.0,644.0,761.0,742.0
1367.0,887.0,778.0,1013.0,574.0,872.0,667.0,1446.0,1371.0
1368.0,787.0,714.0,847.0,534.0,701.0,481.0,522.0,488.0
1369.0,1073.0,821.0,1168.0,606.0,550.0,378.0,409.0,389.0
1370.0,205.0,200.0,230.0,159.0,297.0,262.0,242.0,221.0
1372.0,1622.0,1638.0,1866.0,1299.0,1773.0,1559.0,1360.0,1317.0
1373.0,1056.0,1114.0,1169.0,862.0,1159.0,1020.0,926.0,867.0
1374.0,1782.0,1986.0,2231.0,1704.0,1861.0,1636.0,1619.0,1648.0
1375.0,485.0,653.0,618.0,617.0,267.0,235.0,253.0,249.0
1376.0,1510.0,1608.0,1769.0,1306.0,2048.0,1987.0,1871.0,2252.0
1377.0,611.0,788.0,791.0,714.0,973.0,1167.0,887.0,1221.0
1378.0,1094.0,1169.0,1315.0,956.0,1014.0,1227.0,677.0,1453.0
1379.0,474.0,703.0,643.0,551.0,515.0,719.0,404.0,784.0
1380.0,1658.0,1864.0,1956.0,1393.0,2088.0,2169.0,1541.0,1989.0
1381.0,921.0,1129.0,1166.0,903.0,767.0,843.0,774.0,1116.0
1382.0,947.0,1155.0,1116.0,892.0,860.0,958.0,845.0,1136.0
1383.0,1506.0,1856.0,1881.0,1524.0,1570.0,1693.0,1324.0,1589.0
1384.0,649.0,972.0,889.0,811.0,679.0,1060.0,536.0,1165.0
1385.0,731.0,924.0,823.0,730.0,648.0,889.0,470.0,1027.0
1386.0,678.0,839.0,738.0,719.0,591.0,797.0,455.0,865.0
1387.0,1308.0,1257.0,1426.0,1070.0,1160.0,1121.0,887.0,1188.0
1388.0,679.0,584.0,702.0,445.0,645.0,651.0,475.0,795.0
1389.0,1412.0,1190.0,1500.0,969.0,1360.0,1219.0,1001.0,1200.0
1390.0,1126.0,1154.0,1269.0,905.0,1142.0,1007.0,864.0,1147.0
1391.0,2113.0,2125.0,2373.0,1706.0,2251.0,2032.0,1835.0,2484.0
1392.0,1411.0,1767.0,1681.0,1488.0,1605.0,1810.0,1092.0,1712.0
1393.0,1424.0,1355.0,1538.0,1094.0,839.0,854.0,565.0,1076.0
1394.0,1214.0,1178.0,1316.0,954.0,1522.0,1577.0,1094.0,1794.0
