1,100,185971,94198,31816,29514,18122
1,200,180906,100311,27448,31547,29807
1,301,124291,68124,11896,21096,30967
1,302,103490,53849,10648,16351,20987
1,400,123928,64370,23889,17959,7811
1,500,120874,62089,17718,18683,14396
1,600,153372,81631,26232,25909,16069
1,700,105095,54299,18097,19281,7766
1,800,143574,76527,26021,26236,11772
1,900,103766,54075,16991,19754,8965
1,1000,158632,82995,29973,26089,11303
1,1100,116648,60633,19015,20722,10896
1,1200,203530,111909,21776,33447,48034
1,1301,98344,51340,16470,20136,7677
1,1302,104308,58029,15545,17258,16804
1,1303,171522,91708,9921,21820,54702
1,1304,173847,92242,27263,34157,22214
1,1305,111005,59838,17471,21139,14521
1,1400,120183,62089,21956,21026,7961
1,1500,107220,57251,18695,18113,14062
1,1600,113094,51077,14080,14008,16562
1,1700,132396,65912,25987,20001,8856
1,1800,130078,67804,25297,19732,9483
1,1900,150982,72938,17830,21909,26021
1,2000,195966,100301,25282,29689,32414
1,2100,178898,95811,31178,29659,22951
1,2200,139714,71200,30977,19621,8153
1,2300,123062,63210,20666,20723,12095
1,2400,149085,75390,24472,23793,13690
1,2500,197467,102457,33246,35103,19734
1,2600,195121,101625,28425,34014,29166
1,2701,110179,56807,18230,18118,10706
1,2702,108019,53472,13100,18191,18094
1,2703,196053,104514,36100,33839,20649
2,101,136384,71791,18404,26819,22195
2,102,162723,92026,21249,33126,32474
2,200,153399,83335,27148,33152,17558
2,300,168200,92598,22817,36151,29036
2,400,112669,58984,22858,19568,9988
4,100,131104,65872,9067,25598,28952
4,101,154137,74164,17771,28826,20904
4,102,135945,68196,16141,26225,18961
4,103,109485,58734,14463,20294,11759
4,104,105264,48716,12490,19515,10156
4,105,143817,77812,13244,29851,31215
4,106,119466,66797,13460,23482,21464
4,107,108958,53004,6091,16820,28422
4,108,106071,60852,8902,19934,28102
4,109,106540,48193,8379,16965,18232
4,110,126118,68587,8435,20060,36623
4,111,105616,57272,7039,15956,32273
4,112,113210,60436,6415,17593,35098
4,113,105144,59525,9088,18379,28835
4,114,110582,61504,13848,20285,18934
4,115,103960,57046,14933,19425,13897
4,116,105069,56745,12293,17721,17453
4,117,103614,60405,11134,17378,21769
4,118,107589,58816,13435,14682,14477
4,119,108705,55071,15841,14070,7556
4,120,102458,60157,9517,19361,27661
4,121,137177,66717,17396,19719,10411
4,122,104647,48190,14961,9314,2182
4,123,123219,56598,16752,14125,4302
4,124,105667,52759,16711,15658,5969
4,125,106968,55207,17109,18827,8327
4,126,126230,68797,16108,26599,20840
4,127,120244,62897,17104,24669,15444
4,128,102023,58453,13897,23600,17254
4,129,111197,60568,10495,23952,24102
4,130,118907,39641,13306,14707,6743
4,131,108242,49572,12123,20708,13840
4,132,112185,58781,13746,24328,16355
4,133,108262,55677,14407,19856,11387
4,134,120323,62130,18068,23341,10688
4,201,102176,47624,15429,17263,6344
4,202,119832,60042,13038,22972,18301
4,203,112963,55502,9715,21348,22184
4,204,103528,52706,6249,16103,28723
4,205,128568,62424,12679,26258,17969
4,206,104391,53240,11186,19610,17615
4,207,101944,46175,9984,15255,14384
4,208,106274,50144,15480,14465,4409
4,209,118861,59508,15025,24659,12974
4,300,179780,84730,28381,31889,10334
4,400,136701,65387,14487,22669,21633
4,500,215996,103987,26471,41408,24396
4,600,223697,106225,37174,38837,11935
4,700,202987,91184,21013,30704,13642
4,800,111630,53428,17536,20813,7124
4,803,132300,62912,17980,26392,12096
4,805,116913,60992,18498,21406,8375
4,807,128524,65340,19859,24727,11508
4,900,176720,85788,20464,33634,18881
5,100,238198,124055,37081,31605,39438
5,200,216432,107072,28217,27539,34476
5,300,154079,76097,28698,25455,12165
5,400,134936,66247,26693,20906,9581
5,500,185354,93365,34315,28142,20457
5,600,104190,53155,20103,16643,8055
5,700,107092,54986,23261,16091,5726
5,800,111642,55957,21741,15559,9801
5,900,204036,108877,30868,36016,31704
5,1000,186427,102167,23455,30184,39775
5,1100,190034,96247,29548,33226,25121
5,1200,113833,59478,19158,19939,14411
5,1300,142005,70622,26508,19289,13100
5,1400,189021,97786,32551,31858,18119
5,1500,101924,50188,19183,15633,6168
5,1600,162218,80285,27673,28097,15239
5,1700,102700,53019,21465,16561,9152
5,1800,105112,53573,22753,15085,7476
5,1900,103117,51514,20521,14999,9379
5,2000,105858,54388,21110,17566,7335
6,101,136655,67892,4303,11476,49366
6,102,163993,103751,15234,27926,44685
6,103,129751,77358,6162,15954,52069
6,104,132216,69592,17295,18691,9846
6,105,169503,97881,18621,27868,39388
6,106,141039,78159,19220,25627,23090
6,107,153539,85955,22098,25615,22898
6,108,142693,81577,19727,21151,33830
6,109,198655,115115,20390,24290,63493
6,110,216939,122976,16201,33299,65788
6,300,187280,98501,26995,40399,21045
6,701,113391,53599,7795,21863,20033
6,702,109173,52676,14557,22279,7950
6,1100,125950,63481,17626,23315,9392
6,1301,119097,64286,15166,17404,12853
6,1302,122267,69270,11913,22591,28338
6,1303,135801,77209,15918,25665,26402
6,1304,124374,61252,3935,11872,44545
6,1305,127727,69445,4682,14857,48683
6,1306,116093,64209,8514,18300,34463
6,1307,127385,68715,16919,24609,15067
6,1308,112121,59271,16277,23844,12202
6,1309,111203,57555,13134,24579,14218
6,1500,132478,72283,19027,29802,11726
6,1700,182093,97849,20448,38076,31958
6,1901,146581,71586,18004,17542,5866
6,1902,181853,91971,17200,34477,32302
6,1903,107534,49984,12567,16427,6602
6,1904,171214,84354,22619,27787,10367
6,1905,109501,50932,12570,13020,5808
6,1906,107968,54864,10450,21462,17551
6,1907,132098,63779,13829,19313,11573
6,2300,135034,70691,17226,26977,19450
6,2500,178206,86535,20042,29430,13169
6,2901,192983,97892,27630,24699,12126
6,2902,210195,107454,26693,39932,27156
6,2903,161258,75095,20079,22066,8654
6,2904,113456,53314,16208,12206,2795
6,2905,187844,96331,27213,34552,14964
6,3100,150998,78904,19346,27643,10436
6,3300,151702,78858,22167,31471,13896
6,3701,138767,75294,16826,26390,21695
6,3702,195972,105335,18796,38464,37632
6,3703,165619,85797,25847,32225,13097
6,3704,168711,82939,21736,28512,12385
6,3705,177899,94057,18200,28266,37925
6,3706,141717,74291,18331,21141,20056
6,3707,151355,79394,21803,16287,9238
6,3708,135894,76728,19833,22236,16007
6,3709,112990,61400,7061,15926,35106
6,3710,177158,91085,27083,23605,17130
6,3711,168589,85574,13482,31728,34366
6,3712,149980,75938,19355,19760,13482
6,3713,111822,58686,11771,20254,19943
6,3714,111657,62957,10449,17433,29609
6,3715,122664,64560,16582,20295,14728
6,3716,113035,59416,18829,14777,6924
6,3717,192107,107092,19724,27674,48961
6,3718,137938,79686,10173,19080,41760
6,3719,195689,112611,21008,34069,46190
6,3720,118825,69583,11045,23056,29957
6,3721,135317,81335,15768,22905,27156
6,3722,166092,95741,19741,25811,28116
6,3723,145859,76712,19479,16943,13142
6,3724,174333,96548,19149,28074,34191
6,3725,180830,101318,20853,27429,37327
6,3726,103741,54110,5599,13043,34005
6,3727,156874,92970,7393,19343,64532
6,3728,104216,65454,4927,13083,45110
6,3729,208975,117441,9257,24567,76568
6,3730,170473,105449,13697,22385,58323
6,3731,111429,74545,6866,17603,48161
6,3732,180577,114721,18620,27145,46736
6,3733,115672,70570,15793,14341,18291
6,3734,199930,119478,20972,23777,37322
6,3735,197257,108600,22054,27088,29804
6,3736,117581,68125,13502,17971,27396
6,3737,131227,72237,19446,18080,18427
6,3738,134036,71533,20258,14122,8322
6,3739,170081,89806,21190,30085,25279
6,3740,131127,68065,20763,18750,10942
6,3741,145931,72094,16924,13152,4417
6,3742,132240,65720,14929,10921,3586
6,3743,122557,60904,14435,12119,3995
6,3744,168946,94592,18609,19028,20107
6,3745,121691,61406,13310,7860,2345
6,3746,114967,54380,13273,10785,8404
6,3747,155105,86874,20020,28292,17994
6,3748,184621,110857,10209,29160,65556
6,3749,115052,61903,12824,21015,11001
6,3750,171808,87847,23899,21987,8853
6,3751,155882,72412,19487,13891,3584
6,3752,173882,88557,23958,19040,6434
6,3753,111933,59769,14836,18692,13479
6,3754,141341,72383,19725,25249,15294
6,3755,123490,64200,17896,20955,10898
6,3756,118379,59915,16507,17583,7498
6,3757,159604,77639,21004,20721,5606
6,3758,156991,82175,22118,25306,15793
6,3759,114388,61922,14650,18116,11941
6,3760,139974,85079,7426,20213,55289
6,3761,127777,69900,10403,21929,33620
6,3762,113521,59838,12933,19482,17232
6,3763,146680,75776,16996,25588,15015
6,3764,160973,86692,16800,29249,30241
6,3765,132162,75290,8670,25963,37576
6,3766,104200,55812,11658,15966,10731
6,3767,185927,97476,23843,28915,19241
6,3768,112869,57969,7428,14415,33341
6,3769,101482,56853,11203,17139,14572
6,3900,153187,75634,18977,24272,9703
6,4101,108308,58820,8121,17801,29626
6,4102,150041,81785,7768,17511,48916
6,4701,106291,51812,13610,14463,5048
6,4702,157594,73644,17556,24135,11278
6,5301,181342,92888,16747,28039,33004
6,5302,167615,84104,19166,21794,9751
6,5303,137041,72053,18159,20287,8770
6,5500,140295,73485,13730,23022,23094
6,5700,101591,53605,10590,22120,17480
6,5901,183109,102116,12862,33406,48610
6,5902,108569,58629,8311,18886,28246
6,5903,203702,109022,9761,27793,68051
6,5904,223128,121200,11152,27047,78380
6,5905,208126,116412,15238,32160,57451
6,5906,184805,99262,15968,33247,41228
6,5907,194019,101155,17768,30160,38429
6,5908,181674,95405,17292,30528,38453
6,5909,148302,76698,18440,22254,16942
6,5910,197835,107127,24708,29411,27324
6,5911,139666,74491,13022,22788,27141
6,5912,172596,92627,20807,30601,21279
6,5913,161440,87226,21829,25665,16099
6,5914,196502,109743,17133,38108,46298
6,5915,104955,56620,6245,15899,32899
6,5916,158077,82419,19821,18232,9583
6,5917,167023,85120,19439,16930,9527
6,5918,182541,104854,16006,33294,42610
6,6101,132626,68691,11036,27506,26772
6,6102,118349,58726,9975,23240,22788
6,6103,115305,61735,12615,22768,22344
6,6501,186148,92278,25683,23214,9682
6,6502,131512,66003,16063,21341,16836
6,6503,134706,69368,13742,28621,22459
6,6504,134699,67918,16263,29096,17365
6,6505,190658,96833,27179,36875,15826
6,6506,156329,73931,22313,27015,11667
6,6507,154365,72716,21593,25676,12060
6,6508,189521,95981,26712,32755,13869
6,6509,124819,60648,16995,16627,7190
6,6510,147882,72221,15965,23855,20609
6,6511,173753,88036,23872,27159,13380
6,6512,111759,59768,14133,21225,17573
6,6513,149071,81384,21587,26596,19385
6,6514,154748,79177,19740,24701,16567
6,6515,158062,71524,17602,23417,17595
6,6701,107467,57589,14818,26153,11180
6,6702,115117,62450,13071,24812,19312
6,6703,112760,59769,10171,23382,22733
6,6704,125835,64966,18050,26474,11291
6,6705,108646,62348,12343,22943,20205
6,6706,119852,61073,18646,22568,8835
6,6707,115692,66700,8291,20116,32663
6,6708,138461,71570,19101,21982,11129
6,6709,140026,70007,16022,24924,17020
6,6710,159114,84185,15329,31223,31289
6,6711,111779,58081,13700,21654,14041
6,6712,111083,62849,10190,20034,28846
6,7101,140715,67627,20798,26689,10732
6,7102,165543,79159,23023,30433,8632
6,7103,170905,82557,25739,31290,10494
6,7104,111652,60225,16026,24790,11616
6,7105,141988,71987,16756,26565,21613
6,7106,106032,53657,13304,15364,12792
6,7107,110503,55233,15422,17239,6839
6,7108,173364,80691,22593,21688,7290
6,7109,113072,56041,15626,16686,6645
6,7110,107361,52776,16039,13084,4663
6,7111,171986,94926,18340,37270,32220
6,7112,124470,64928,16116,21539,15974
6,7113,171287,90731,24804,28068,13147
6,7114,162024,92506,19093,30845,29272
6,7115,123867,65183,16536,22433,12131
6,7301,196003,94278,21555,36900,22988
6,7302,116400,59644,13631,21630,14920
6,7303,110553,60736,16067,20256,10507
6,7304,121237,65636,7018,21165,34846
6,7305,122463,64967,12393,22157,18338
6,7306,143050,75105,14203,24245,16519
6,7307,109294,58940,16621,23249,13049
6,7308,128935,69578,7668,18752,40692
6,7309,170059,93159,8597,21657,59546
6,7310,167505,93154,9701,24857,56484
6,7311,116419,67237,4587,13477,47442
6,7312,110133,60052,6076,16037,35467
6,7313,182861,96386,26502,34536,21926
6,7314,153205,82804,12294,29672,36871
6,7315,163800,92536,16176,29099,38990
6,7316,169456,111228,15464,30126,52416
6,7317,169472,88213,18736,27093,22065
6,7318,164917,83461,21054,29320,12585
6,7319,137220,72792,17803,27649,17446
6,7320,146034,77011,11322,28701,31136
6,7321,176855,89534,24316,30104,12353
6,7322,147225,74309,18759,24450,11010
6,7501,145050,91162,7239,18494,59715
6,7502,112685,75822,5075,10368,54556
6,7503,128691,90984,12582,18264,48786
6,7504,111414,81028,5129,13345,58784
6,7505,112452,70591,7105,15839,42892
6,7506,118643,66484,10215,16634,32790
6,7507,111828,64524,16035,17439,16526
6,7701,180361,87508,20858,32854,19824
6,7702,152995,73840,19257,21938,7014
6,7703,209398,110504,31200,38957,22630
6,7704,165800,83138,22300,28233,15392
6,7901,169479,77594,12736,28715,28709
6,7902,107038,58411,12811,23603,14848
6,8101,143656,82536,15563,28258,30670
6,8102,121578,69663,13264,23456,24796
6,8103,109948,62155,8768,15350,32281
6,8104,122722,70206,7496,16985,40974
6,8105,133418,75848,9734,17596,41387
6,8106,117409,62449,8510,10952,31826
6,8301,125833,59958,10867,18030,9546
6,8302,102839,52659,11787,18678,11308
6,8303,207178,95844,13163,25521,44267
6,8501,203158,109856,6489,14700,84605
6,8502,154157,92356,9147,17015,59416
6,8503,138764,82478,10647,17231,49335
6,8504,135630,80545,12974,21001,37452
6,8505,112101,61608,13839,17834,17348
6,8506,115072,60331,10787,21117,18480
6,8507,142376,76802,3760,12286,59340
6,8508,139019,81154,10477,19830,44997
6,8509,131861,75794,14082,18427,27754
6,8510,157725,88104,15903,23739,33011
6,8511,106387,59820,9777,19790,25669
6,8512,108582,58368,7161,18000,29831
6,8513,115124,62314,10369,16527,25197
6,8514,108193,56236,14664,13791,9894
6,8701,144337,76027,13280,24710,23319
6,8702,124941,63358,8089,20959,28688
6,8900,178942,90901,22496,41239,18362
6,9501,148282,81516,19087,31670,22522
6,9502,142933,75751,17271,30630,18319
6,9503,134538,72466,17118,29685,16396
6,9701,184679,98220,17423,33077,36005
6,9702,121549,65016,12499,23934,21733
6,9703,188850,103907,22089,37090,27198
6,9901,116416,58916,18610,18153,6005
6,9902,122441,60911,17258,18763,8794
6,9903,179300,89755,24726,30499,17899
6,9904,109210,55943,15500,21504,11233
6,10100,168684,84422,21055,33403,13538
6,10701,140525,69933,16342,25656,15819
6,10702,152625,70883,20355,20979,7512
6,10703,160883,74036,18226,17891,6284
6,11101,115221,63497,12376,23884,21475
6,11102,153043,81233,10446,23270,42035
6,11103,198926,101377,22815,30369,16150
6,11104,122760,66488,13121,24291,21374
6,11105,121467,61822,12551,20637,13791
6,11106,129416,66266,10252,22339,25699
6,11300,207320,97936,18403,26976,39717
8,100,109058,56375,18228,20370,9613
8,102,123105,66040,14169,23766,25052
8,103,195122,96713,14228,29438,49090
8,200,100511,56510,15084,17453,17898
8,300,185671,92661,24495,32591,22293
8,400,114682,70822,13015,19447,32733
8,600,103863,58869,19241,20577,13163
8,700,153704,77674,21707,31090,16916
8,800,99252,48229,13662,18522,9280
8,801,103449,61280,7532,15740,36699
8,802,164485,89878,15918,26996,39047
8,803,120047,57244,3706,9616,42035
8,804,150288,85853,11497,22597,49068
8,805,123168,69423,15796,24490,22480
8,806,145554,78043,22069,25826,18159
8,807,162835,86588,25948,25975,16730
8,808,113745,64637,11384,22768,28047
8,809,117278,62363,16524,23224,15022
8,810,119779,63832,17514,18024,14174
8,811,117464,64152,6724,16027,40070
8,812,171337,98460,18772,24513,38686
8,813,104396,66134,10397,14582,32481
8,814,110196,73736,5212,13170,53343
8,815,165595,97913,15150,25995,50837
8,816,127136,66852,18389,17706,12755
8,817,117182,64766,15147,21987,23918
8,818,120104,65548,14189,20880,23601
8,819,143761,81464,17072,26428,33720
8,820,108602,60837,11666,19354,25436
8,821,130574,73495,8810,20609,42617
8,822,109385,59519,7056,16169,34893
8,823,117792,66221,9622,21959,33120
8,824,110254,59760,14774,21210,18065
8,900,110049,59737,13374,19186,23302
8,1001,129856,65325,18208,23383,17094
8,1002,101263,52647,17265,16060,14069
8,4101,115808,58541,13933,25530,16090
8,4102,111085,59746,10046,19617,27372
8,4103,109541,56004,12780,22675,16826
8,4104,114226,62485,11919,24367,23565
8,4105,114543,57576,15877,24924,9583
8,4106,113161,61385,6470,18691,35600
9,100,171822,93058,20868,21169,42367
9,101,117886,57577,5077,8681,42678
9,102,189026,104445,18205,20455,57760
9,103,136420,74707,13102,14500,42006
9,104,147340,78961,25704,22051,14079
9,105,177489,93345,21247,23747,44371
9,300,157725,87635,24124,25141,33400
9,301,109324,61483,16595,19547,19594
9,302,124795,61498,19359,16236,10054
9,303,162045,85697,12275,17716,52828
9,304,113678,62286,17897,19195,21792
9,305,111265,58963,19491,16798,15674
9,306,118111,63535,11891,14894,34306
9,500,186304,102331,28922,30707,36050
9,700,165165,90263,22454,25044,38792
9,900,133701,71328,18138,18748,30398
9,901,109551,56998,20693,16922,9129
9,902,129465,72432,23184,20966,23354
9,903,124371,64871,16579,17209,27210
9,904,122341,66561,18390,18480,25193
9,905,130612,67644,19379,13914,24430
9,906,112183,59792,14633,15853,27097
9,1100,138944,76972,25998,24221,21094
9,1101,134241,69351,18338,19289,27061
9,1300,151948,75048,19089,22011,30344
9,1500,117470,63796,21514,21433,14882
10,101,109173,59722,21423,14746,14408
10,102,146493,77446,15174,17961,40697
10,103,146130,76268,19353,22968,27316
10,104,147847,82212,24377,24778,27168
10,200,169509,85024,27707,27401,19867
10,300,207302,103238,35802,29617,23289
11,101,109644,58423,1371,3732,52476
11,102,124401,74970,13982,14173,36711
11,103,111653,68900,12033,12307,38287
11,104,149653,75605,29792,22509,12203
11,105,152133,102755,7210,10140,79322
12,101,146026,62348,12963,18435,26451
12,102,108192,58488,11886,18241,25211
12,500,279104,150062,46276,51649,32128
12,901,183167,94018,24902,35681,24781
12,902,120307,61904,13069,22058,23890
12,903,120211,61249,16012,22098,18903
12,904,129906,66224,21581,25048,13107
12,1101,153032,83409,16503,27421,34543
12,1102,115023,60988,19214,19573,17435
12,1103,106497,55906,18761,16310,14256
12,1104,120714,64191,18394,17830,19472
12,1105,176539,98597,30692,31006,23957
12,1106,175764,98039,23477,33375,34426
12,1107,103856,53226,19407,16637,8349
12,1108,147915,87474,22220,23833,28465
12,1109,104568,58621,18106,17917,16647
12,1110,122701,67776,16046,20719,26578
12,1111,139556,75244,10676,22891,39517
12,1112,134588,73499,12920,26541,30627
12,1113,124678,69214,19815,23402,19124
12,1114,117721,63378,18925,21916,14121
12,1500,165783,73110,24710,27421,13383
12,1701,139654,62055,24161,20858,10168
12,1900,197417,104543,30949,39887,25020
12,2101,110073,48719,11972,13729,20065
12,2102,114901,52179,16150,13337,13208
12,2103,116117,55194,15810,13819,12186
12,2300,183124,95960,36873,31763,10791
12,2700,151500,68923,26267,16952,8934
12,3101,127071,67403,20578,25988,13076
12,3102,113943,58910,24549,16168,7373
12,3103,104472,55995,17931,20203,11145
12,3104,135827,76989,18157,25662,28143
12,3105,128346,72457,13625,22394,31890
12,3106,117243,66786,13703,22603,25664
12,3107,163771,89397,26907,32099,19688
12,3301,117778,60048,16754,22540,15661
12,3302,188549,94823,26432,35520,23952
12,3500,108096,50942,17268,18140,12054
12,5301,174809,82223,29364,31537,12578
12,5701,145515,77907,28255,23260,13101
12,5702,166495,95619,19464,23797,44907
12,5703,153675,88178,22702,26285,32880
12,5704,159307,88814,22286,28804,30249
12,5705,155291,78578,15749,22371,32947
12,5706,130166,67967,22934,20140,11243
12,5707,193222,108674,29072,38794,30457
12,5708,199213,100606,23717,33583,31814
12,6100,142866,65490,19041,22185,16093
12,6300,190973,106533,39243,32551,15547
12,6901,104188,50593,16600,17206,9621
12,6902,145399,54973,18704,17794,12137
12,6903,169475,82790,25477,28207,18650
12,7101,117009,49712,12378,15658,17975
12,7102,170589,86859,31980,29217,18661
12,7103,161459,80158,28482,23887,12514
12,7104,106169,54988,16032,15353,13239
12,7105,108449,47616,11619,13787,14974
12,7300,141659,76255,13701,21692,36659
12,7301,141281,56628,9944,17539,24206
12,8101,113302,56157,16470,17534,15719
12,8102,120322,57752,18889,18268,11924
12,8103,110105,52018,14260,15327,16296
12,8301,101487,48432,18773,15160,6744
12,8302,103619,51294,16861,17801,11271
12,8303,131705,57131,20623,20289,8633
12,8500,151182,72043,18094,23840,22235
12,8601,120088,67182,19237,22378,19232
12,8602,105797,55952,21918,16609,8935
12,8603,105928,57102,15306,19701,14772
12,8604,105874,57744,10289,16336,28025
12,8605,109748,57820,19222,17137,9007
12,8606,101808,53370,21163,14335,6399
12,8607,105420,57521,22053,16385,10010
12,8608,121803,68625,18269,15218,27550
12,8609,103854,54620,24591,11415,7391
12,8610,104340,56865,20815,14150,11192
12,8611,108480,61874,19257,14229,13701
12,8612,105508,63455,11884,15105,31298
12,8613,107242,62731,22854,12341,10032
12,8614,104829,61271,10367,11233,35032
12,8615,112180,61186,23979,13660,11243
12,8616,107654,56570,6972,14526,32403
12,8617,104811,56222,16114,14357,20156
12,8618,110969,61116,18847,16344,17579
12,8619,107579,59821,16319,18908,18207
12,8620,100996,56081,13087,15412,23136
12,8621,111521,60846,14402,22025,20940
12,8622,113772,60986,21049,17814,13062
12,8623,117173,61126,15656,19178,19479
12,8624,109766,56934,17062,15508,6552
12,8700,107803,62416,17754,19544,16765
12,8900,103015,54233,20682,17726,10044
12,9100,192237,101867,25562,38131,29443
12,9300,100143,49412,17629,11610,5026
12,9501,136845,72393,22254,23150,15578
12,9502,134483,73076,18195,21762,24782
12,9503,115099,66150,11108,18881,33287
12,9504,130849,74944,23619,23888,16508
12,9505,114337,67500,17461,20644,22263
12,9506,109700,58964,18330,18724,13138
12,9507,113190,61387,11993,18042,26623
12,9508,113086,52217,12653,18026,16569
12,9509,132978,75718,18024,26831,23006
12,9510,128472,71083,15398,23928,26554
12,9701,171959,90839,30749,32366,16828
12,9702,128911,67458,22661,24131,13093
12,9901,107535,58069,11916,17296,25187
12,9902,116934,60812,14441,18933,21152
12,9903,150804,77432,21610,20985,21399
12,9904,129750,66857,21643,19740,11460
12,9905,132330,68897,18349,20598,15245
12,9906,155737,73686,18293,24633,23110
12,9907,118953,49734,10432,15254,18704
12,9908,112246,53636,8646,14527,28459
12,9909,106743,50594,9757,16282,22377
12,9910,111575,55459,9952,16630,26715
12,9911,136199,72275,22412,22418,15927
12,10101,120393,58775,18326,19517,13561
12,10102,102900,50252,16699,19170,9395
12,10103,131514,65946,25345,23076,9540
12,10104,124481,65433,13601,24661,24035
12,10301,121503,62322,13902,21507,23975
12,10302,110645,55448,13154,19862,18577
12,10303,104917,54405,15631,19313,14066
12,10304,107955,57080,18472,19294,12389
12,10305,107188,56703,15555,19154,18967
12,10306,112171,61485,22186,19051,12339
12,10307,153933,87384,22377,27083,29863
12,10308,113165,59420,15827,20110,18632
12,10501,180284,87866,31812,26328,17501
12,10502,168662,82339,29170,24393,14325
12,10503,134744,70771,23445,20718,17194
12,10504,142986,67116,24387,19421,10306
12,10700,101036,50268,18279,16131,6954
12,10900,182155,96149,17476,29484,44894
12,11101,103682,48147,16498,15405,7170
12,11102,184728,93570,28998,33311,19631
12,11300,161021,87943,22691,33163,24036
12,11501,126603,61568,17974,18114,19633
12,11502,135848,59922,17314,18770,20323
12,11503,129587,57279,20416,19720,13442
12,11701,110096,61543,11467,20919,26598
12,11702,105131,58518,14585,21111,18232
12,11703,108977,62073,15405,23162,19495
12,11704,113142,58431,11188,19639,25222
12,12100,108205,56410,22352,15918,5714
12,12701,113321,55182,17232,18888,12383
12,12702,127129,65091,21468,22837,13409
12,12703,133656,67107,21930,24351,15326
12,12704,122300,62864,21758,23170,12492
13,100,147195,75706,22824,27472,17102
13,200,114166,57733,17165,21995,13342
13,300,141222,67566,22199,21399,15767
13,401,167943,84845,22144,28619,24447
13,402,111347,61011,14552,18917,23384
13,500,170000,88634,35582,24321,11026
13,600,113203,52617,14145,18267,12695
13,700,127699,64098,23945,19782,8668
13,800,112004,57118,20383,15763,8773
13,900,122256,62063,17725,22586,12580
13,1001,117625,68582,7881,12705,44242
13,1002,115129,64629,5200,12744,44530
13,1003,119334,64308,17383,19981,18388
13,1004,121879,65911,16089,21957,21436
13,1005,158976,89641,11218,20221,53509
13,1006,114926,70740,4357,10013,53693
13,1007,133292,85007,13664,18600,45831
13,1008,123549,70249,18067,26234,21237
13,1100,119881,61055,22990,17372,8011
13,1200,160119,85589,36193,21193,10653
13,1300,141102,71909,30408,18243,10057
13,1400,154875,78509,24992,22941,19320
13,1500,159160,84632,24886,32301,19812
13,1600,180111,91628,34296,27292,16643
13,1700,212199,108921,28776,40404,27373
13,1800,165894,86050,30808,25611,13966
13,1900,149772,77121,29167,23088,11278
13,2001,130899,73131,19481,27634,20534
13,2002,131408,72654,14514,16384,34775
13,2003,159613,89327,16154,23279,38788
13,2004,142603,84831,11274,12956,46270
13,2100,133416,71605,22041,21803,20977
13,2200,101781,51826,19537,15401,8534
13,2300,112595,56053,20097,15666,10394
13,2400,108655,56282,10735,16305,26376
13,2500,165949,84367,28019,24963,14658
13,2600,175346,92272,31961,30064,14738
13,2700,103456,52343,14401,14124,7326
13,2800,177445,92875,33050,25506,14037
13,2900,101336,54100,18932,15990,10029
13,3001,148069,82206,16814,23728,29412
13,3002,128758,69990,13402,22445,29725
13,3003,126677,68912,14930,21669,27372
13,3004,167474,98108,17164,23940,46252
13,3005,148155,81838,9149,19023,51613
13,3101,106715,58323,14314,17069,20038
13,3102,119229,64379,14204,20586,24662
13,3200,130176,63958,20388,20679,14858
13,3300,196236,104999,18347,28101,51273
13,3400,187916,95515,26498,26592,21221
13,3500,135091,67890,25114,19133,10415
13,3600,120905,53636,11313,13603,21804
13,3700,113188,58789,19376,15863,15074
13,3800,133432,71276,24127,22269,13467
13,3900,117694,61238,21651,19825,11413
13,4000,201291,104134,31917,35226,21708
13,4001,147332,84592,17401,20723,35671
13,4002,118241,62419,11371,18482,27224
13,4003,150377,81171,18177,26588,27383
13,4004,113116,61167,14264,19651,22996
13,4005,125833,67666,14954,23608,24452
13,4006,204335,113037,28227,31333,30793
13,4100,136204,73462,16146,25531,27013
13,4200,127676,65075,27046,17110,7912
13,4300,189546,98725,29514,32373,23883
13,4400,136520,73658,21854,23853,20492
13,4500,147400,79710,27998,24756,20210
13,4600,131001,61183,20479,18657,11183
13,5001,112872,59875,18722,20012,13622
13,5002,154316,82466,26237,26998,13607
13,6001,104192,54594,16718,18784,14193
13,6002,107366,58209,15754,18650,18827
15,100,230639,126395,39419,45870,33396
15,200,191482,100967,32541,34054,27262
15,301,105911,49251,16747,18756,9956
15,302,115873,59769,14269,20064,23527
15,303,106298,56786,9113,16406,29318
15,304,119548,68017,12674,19970,31684
15,305,120969,63337,17533,18560,17116
15,306,149445,76001,17729,29535,24952
15,307,147928,78582,21056,29867,23263
15,308,118206,63297,17201,24943,17210
16,100,117263,57905,17067,20844,15560
16,200,139808,72031,20490,30416,16443
16,300,104526,53557,16753,20212,12320
16,400,110092,55974,15712,19664,15192
16,500,115657,54919,16670,18862,10174
16,600,121835,60301,16257,21334,15650
16,701,114453,60148,12817,23709,20956
16,702,102365,56613,12650,19701,20927
16,800,112840,61553,11865,21714,24703
16,900,103373,49460,13520,19357,8963
16,1000,111961,54895,14609,18666,11027
16,1100,130609,57730,14007,23471,14295
16,1200,107788,52550,13699,19567,14728
16,1300,123977,60298,17664,23441,14142
17,104,129875,66850,23286,25038,12680
17,105,147161,75649,21692,28315,17781
17,202,177803,87930,28513,32097,20090
17,300,111521,57375,20348,20743,11717
17,401,141551,72715,27009,25609,14425
17,501,141058,74462,25808,27105,14584
17,600,101798,49448,16132,17690,10731
17,700,108264,56439,18465,22236,9618
17,800,138445,70403,22524,29134,11083
17,900,188159,94842,26394,37558,23111
17,1001,158308,83974,27966,32241,16280
17,1104,150631,80537,17178,31798,28112
17,1105,116398,61142,19378,22921,11070
17,1204,121448,63374,14768,22027,24533
17,1205,145908,78676,27163,31157,14121
17,1300,199016,106094,27160,34256,37528
17,1500,109193,55467,17081,19216,14027
17,1602,146692,76281,27387,27603,14707
17,1701,187112,96559,24951,33054,30651
17,1900,135697,71651,21376,26751,19828
17,2000,173114,84815,19669,21982,39978
17,2100,205766,95673,19440,27527,44113
17,2200,160945,82278,31513,29274,12772
17,2300,112221,56884,18175,21341,11409
17,2400,112579,58734,20670,22196,10169
17,2501,149187,75302,24914,27654,16696
17,2601,104345,49202,11554,19023,15377
17,2700,99022,50459,15998,20131,10274
17,2801,200427,102050,31994,34140,22014
17,2901,143863,76943,25629,26178,18436
17,3005,147774,74129,18349,18184,11762
17,3007,117618,65130,11240,19383,31359
17,3008,140424,74494,18154,21362,19019
17,3009,119070,61719,12158,18759,28628
17,3102,134458,69954,22743,21183,14294
17,3105,141394,73060,18976,25322,21758
17,3106,171412,93123,15276,24199,47621
17,3107,124717,67283,14673,21659,28718
17,3108,112014,60641,19023,22505,16123
17,3202,118528,62927,7111,15417,37541
17,3203,118933,65886,8394,16142,39842
17,3204,148830,80483,11239,21352,45271
17,3205,125321,65528,9474,18086,35208
17,3207,117413,63432,17245,19457,18480
17,3208,179152,100368,22002,30335,36108
17,3209,122235,68495,9264,16374,39417
17,3306,159730,86501,22611,26438,28438
17,3307,140609,71070,21955,20077,11419
17,3308,114726,62106,9366,15949,33496
17,3309,153348,78887,12686,19839,41028
17,3310,134505,70975,6158,11377,51345
17,3401,128337,72221,10940,17666,38428
17,3407,179053,95310,23695,28122,30977
17,3408,193147,102294,25811,23469,31213
17,3409,153953,80464,22672,21941,25257
17,3410,175999,94151,22889,29782,36810
17,3411,174386,91563,27266,32344,23155
17,3412,110667,59405,17050,21642,15528
17,3413,170054,89591,27926,34732,17368
17,3414,168737,88097,21417,33108,25760
17,3415,126940,70319,13060,17514,33732
17,3416,142761,69256,5775,9545,52598
17,3417,122612,69724,14989,18760,25933
17,3418,110229,63907,12694,19313,28090
17,3419,123407,68234,13775,18466,29708
17,3420,186596,101588,20821,28432,44514
17,3421,182080,94914,13855,20564,54138
17,3422,131409,72911,22800,22830,17810
17,3501,164412,106344,15791,22692,57111
17,3502,165171,108668,5056,11660,90418
17,3503,147595,90200,13337,17410,50352
17,3504,145478,82873,16828,19155,32709
17,3520,135135,78085,22503,24294,21602
17,3521,189826,98597,32873,26597,13302
17,3522,139759,82829,18665,16455,32315
17,3523,202511,99964,32158,24925,9780
17,3524,181760,115932,14640,18328,70526
17,3525,141554,95797,3731,12479,77877
17,3526,162860,85907,28429,17422,13927
17,3527,153737,79574,27081,19860,11601
17,3528,146174,71880,25855,23288,7153
17,3529,184128,93484,18717,30961,34627
17,3530,132374,68626,16005,24232,22837
17,3531,132120,67179,19532,26328,13057
17,3532,131432,64408,19604,22657,10841
17,3601,134545,70747,16627,24711,23832
17,3602,172792,96547,23832,33260,33742
17,3700,170313,92201,24040,33051,29876
18,101,113066,57641,20411,17638,7620
18,102,127976,65166,24573,23885,8687
18,103,118327,62733,18622,21088,18877
18,104,132227,70495,21713,24159,21512
18,200,166570,89202,29133,29279,24807
18,300,111280,60202,22781,19858,10488
18,401,113847,54799,17040,16293,13564
18,402,153399,80531,21825,25821,26857
18,500,200685,100495,36145,27228,18244
18,600,162346,81106,29442,24386,12929
18,700,104196,53548,22455,17040,7331
18,800,124945,63463,23411,18295,12994
18,900,132631,66708,26881,21075,12338
18,1001,130713,67240,19319,22767,15711
18,1002,122513,62217,16620,22747,17256
18,1003,110227,57410,14903,19100,20194
18,1100,124161,62833,26164,19263,10460
18,1200,180952,81192,19621,24501,29932
18,1300,136814,70231,24859,24034,13214
18,1400,137465,68426,27976,21187,11519
18,1500,108473,55776,24158,17267,7810
18,1600,106019,55909,22465,18470,8477
18,1700,108268,54029,16921,18473,12461
18,1801,116243,62061,13690,15939,29640
18,1802,122881,68059,6372,13500,46824
18,1803,118022,63525,9544,17179,34367
18,1900,130280,68145,25126,22690,12799
18,2000,117335,52734,17066,17816,13177
18,2100,122064,64265,25673,21129,10942
18,2200,153435,82547,21160,27017,30227
18,2301,105557,56480,12898,17601,20055
18,2302,109975,62085,9167,15364,34327
18,2303,121587,65408,13960,19528,24933
18,2304,144274,75861,24082,23419,12605
18,2305,146116,82665,26230,21343,16739
18,2306,158039,83963,26304,25758,21684
18,2307,140787,74201,23931,23377,17454
18,2400,145645,76589,23871,24240,23559
18,2500,115769,61641,21136,20607,15515
18,2600,115929,59227,23406,17982,9774
18,2700,162219,83348,33065,26788,11533
18,2800,142404,63796,13191,16943,29750
18,2900,122959,64744,23994,17881,17280
18,3000,110589,57763,24874,17615,8469
18,3100,117759,62044,25403,19218,11624
18,3200,120230,63216,21262,22881,15479
18,3300,181305,94626,30034,31971,24567
18,3400,143901,74154,30781,23786,11833
18,3500,143060,76630,27580,24503,17068
18,3600,113181,62013,20014,22175,13235
19,100,119164,57474,17420,22634,13846
19,200,114842,57637,17745,24194,12305
19,400,119616,58041,20558,20962,13292
19,500,132496,63826,18843,21187,18327
19,600,130457,65046,20258,27196,12962
19,700,153983,77920,27611,25814,20104
19,800,130213,67113,22186,25711,14085
19,900,169994,90362,23177,30765,30871
19,1000,216640,113206,26169,43430,38529
19,1100,139436,68483,10411,18160,36602
19,1200,119293,59234,18771,21483,13076
19,1300,119987,52286,10177,17256,22887
19,1400,154960,79063,25162,28894,20663
19,1500,181882,100969,13767,28336,55572
19,1600,127972,69335,14969,24198,27054
19,1700,195607,104522,30553,34358,27016
19,1800,105091,50873,18589,19108,9365
19,1900,122716,59932,19617,22191,11671
19,2000,127383,63751,20025,21720,14402
19,2100,181355,93026,30252,34319,20305
19,2200,123511,62423,20899,22675,13461
19,2300,106928,55054,19340,21021,10275
20,100,110196,53210,14916,20069,14466
20,200,148613,73456,23141,27860,16911
20,300,134434,59371,12963,22295,21306
20,400,121617,64042,20285,22113,17420
20,500,160806,82821,26515,25734,13530
20,601,115230,63171,9643,18449,32431
20,602,152773,83878,10751,23884,45763
20,603,156665,84492,15343,27326,37098
20,604,142146,77744,5265,16567,55122
20,700,114967,53249,9632,14023,27274
20,801,102311,52285,16480,16213,12611
20,802,122838,62947,18324,21986,20257
20,900,108058,52007,16933,18842,11244
20,1000,103324,51080,13700,20416,11862
20,1100,116720,57258,17209,22558,11951
20,1200,139164,67877,16243,20370,11891
20,1301,159471,80977,17864,27649,29595
20,1302,160783,81905,16034,27551,33745
20,1303,121586,62661,20254,20924,9965
20,1304,165616,85419,23823,31241,22045
20,1400,103758,51826,16217,21091,11214
20,1500,131911,63727,18673,24917,14408
21,100,196579,99218,33318,32372,22312
21,200,109269,57203,23023,17600,8493
21,300,109335,52336,17490,19291,8747
21,400,171966,89192,37739,24060,12708
21,500,118950,58290,17379,17448,17370
21,600,105612,53173,21815,14647,7547
21,700,102291,54075,22558,14844,7034
21,800,111350,60566,24671,15414,7385
21,900,123953,63665,24849,15197,8253
21,1000,111296,60758,22545,16437,7337
21,1100,151043,82361,31293,23406,10229
21,1200,108238,57181,24153,17750,8912
21,1300,164791,86951,31027,29304,16817
21,1400,108456,56476,21725,18778,7723
21,1500,106842,55220,20701,18007,11191
21,1600,111236,61286,22711,21074,11441
21,1701,128189,65070,22819,22543,8192
21,1702,117440,68317,10312,17761,36539
21,1703,110078,59417,7449,15757,34553
21,1704,128033,70788,13756,22579,31215
21,1705,125545,66956,21452,24365,14493
21,1706,146524,78539,29839,26784,11386
21,1800,114867,62643,17887,19244,19130
21,1901,116472,54965,10927,13711,22798
21,1902,191834,109198,20380,33512,47599
21,2000,118198,63507,21218,18649,16665
21,2100,121190,62555,21855,18027,13981
21,2200,112761,56387,19032,16123,13974
21,2300,131571,70242,24229,21994,15736
21,2400,163007,89090,24608,28795,27383
21,2500,124617,67529,17583,23439,22356
21,2600,160767,85209,30703,24840,20232
21,2700,138787,71696,27372,20248,12271
21,2800,136266,72182,27501,24579,11954
22,100,128389,66860,22122,20466,14166
22,101,126353,64649,19870,20190,18151
22,200,164020,85402,25958,28287,20780
22,300,177346,83633,31308,22955,16387
22,400,155769,78630,25600,22927,19073
22,500,152692,77772,33285,19394,9043
22,600,124201,66015,27797,16666,6875
22,700,184701,93121,33600,29155,17452
22,800,146852,77995,32222,21957,12910
22,900,149087,76102,25980,23462,16571
22,1000,117381,58548,25037,12652,7510
22,1100,121273,61953,25020,15873,7515
22,1200,116885,61618,20646,18480,12491
22,1201,114926,63446,15161,17320,26306
22,1300,180505,93682,41018,22513,12147
22,1400,115666,63531,24867,16956,10177
22,1500,129947,66782,12043,18648,32408
22,1501,179985,90516,22866,26272,31190
22,1502,134758,66902,23182,21712,14832
22,1600,114738,61814,20269,18071,17111
22,1700,144767,77321,30841,20896,14721
22,1800,172042,88181,32202,24506,15681
22,1900,118450,63328,23243,19773,11763
22,2000,120531,63601,24964,14200,9868
22,2100,112742,59108,23765,14802,8266
22,2200,127133,68134,15475,20382,26188
22,2201,115827,61009,16734,21504,15171
22,2300,107209,59988,17068,18512,17089
22,2301,141076,78033,18124,23665,28076
22,2302,133147,70741,23916,21806,11923
22,2400,139165,76143,18708,24632,23204
22,2401,114492,67523,17312,17496,20437
22,2402,123081,70654,12581,17725,34403
22,2500,120117,64637,24775,19741,9455
23,100,102196,53390,20541,18017,10183
23,200,156556,84108,34664,27464,15298
23,300,153437,81554,26875,27950,21406
23,400,121112,65886,22834,22063,16695
23,500,167513,89502,30396,27646,26332
23,600,107393,57538,20968,19908,12519
23,700,103974,55649,14062,16956,22258
23,800,175973,96587,29767,31255,30607
23,900,131169,70447,17009,19762,30695
23,1000,109777,64008,13544,18368,28396
24,100,103362,52828,21096,16692,10127
24,200,149270,80458,29341,25074,17159
24,301,125981,67905,18108,19609,26799
24,302,115392,63850,12654,19020,27751
24,400,167444,89226,24975,26921,32476
24,501,119577,63799,13120,16280,32065
24,502,130364,71214,16153,21405,29081
24,503,115057,61073,10704,15553,31858
24,504,119239,58721,13173,15530,26357
24,505,111571,61545,17704,18968,20622
24,506,110596,58717,25629,17890,7097
24,507,116555,62923,15503,18482,22755
24,601,135298,71769,16695,22258,29912
24,602,113668,63044,17774,21586,19430
24,700,101960,54968,20135,16657,12925
24,801,140118,72149,25669,19879,14913
24,802,112896,60176,12899,12935,28160
24,803,121454,66955,22886,20694,16206
24,804,128541,78444,19788,15055,30681
24,805,119445,67371,21072,17997,16049
24,901,133208,71033,6981,12914,50034
24,902,170907,97755,14579,21410,56618
24,1001,135543,74695,8304,16703,46517
24,1002,134759,77453,13535,21351,35974
24,1003,185098,103449,12136,18375,64162
24,1004,185790,97528,5101,10000,80652
24,1005,143454,77572,15940,15858,33235
24,1006,118508,64320,10937,15831,33176
24,1007,114707,68352,8821,11467,38798
24,1101,123181,63373,13320,11992,16031
24,1102,134927,76839,15677,20781,32097
24,1103,109461,60770,15928,15264,14578
24,1104,111383,60728,22350,20117,11187
24,1105,174419,98240,17771,31104,45198
24,1106,126038,71248,18794,23725,24545
24,1107,113407,63548,20954,21544,14310
24,1201,163573,93847,19079,27775,41387
24,1202,115194,64840,22463,20649,14028
24,1203,134629,72933,14420,21704,33923
24,1204,141884,74843,16151,20289,33747
24,1300,171517,87366,29044,25009,23822
24,1400,178681,87700,28434,25356,24230
24,1500,199728,107838,32310,35449,33544
24,1600,152754,83903,25841,29136,24186
25,100,129288,67026,20415,20011,21513
25,200,123352,56779,13340,16337,24015
25,300,183382,94711,27042,25160,29469
25,301,120387,64753,19916,19988,17789
25,302,122452,66815,19064,18586,25380
25,303,116786,64406,11069,14731,36119
25,304,153504,83321,24170,25559,28482
25,400,109936,62651,17997,18050,22918
25,501,116029,64531,14658,16147,31733
25,502,109349,59373,19691,14964,13656
25,503,141796,76097,11011,13507,47698
25,504,144760,81142,17160,14855,42649
25,505,124890,70963,6954,10252,51939
25,506,107916,61114,4633,5723,48306
25,507,122480,74550,16936,13462,35934
25,508,117748,69044,17329,16249,30056
25,701,189490,101285,30729,29746,23547
25,702,109440,57839,9738,13551,32686
25,703,201832,108767,21452,27403,54510
25,704,109116,58030,16888,16301,15645
25,1000,132488,71244,15501,19202,33648
25,1300,129828,70533,17203,17398,33681
25,1400,122248,67150,8425,10808,45881
25,1600,144843,79196,20244,23269,31638
25,1900,153947,74887,23322,21986,13587
25,1901,148750,76717,20253,24206,24021
25,1902,129052,68243,19370,20640,22535
25,2400,119015,65659,10344,14496,38965
25,2800,142314,81080,20170,21299,36282
25,3301,109000,47372,5429,6884,32274
25,3302,153485,96960,14203,11519,58111
25,3303,121039,75367,17299,14794,33269
25,3304,132633,67147,20884,19062,14142
25,3305,133795,79259,16320,17395,40697
25,3306,108967,63314,21256,15180,14418
25,3400,146807,75131,4812,6974,62028
25,3500,109120,51024,2843,4726,42912
25,3601,132394,72622,12095,16971,40964
25,3602,120846,66533,14647,18629,30173
25,3603,120480,68936,14072,15348,33899
25,3900,133626,72623,16701,19322,33898
25,4000,127095,66671,21006,20541,15988
25,4200,123899,69096,17149,22244,25335
25,4301,108494,55251,17061,15721,16971
25,4302,106998,57260,19458,16285,9988
25,4303,126488,69371,20126,20446,23088
25,4500,110936,59316,18948,16284,11313
25,4700,130438,66056,16603,21120,25393
25,4800,111932,56022,13632,17374,22037
25,4901,120437,63692,17693,20792,22522
25,4902,110339,59349,16056,18396,22480
25,4903,129920,68814,15313,19183,32150
26,100,174771,86642,29475,29376,22734
26,200,134300,70241,26331,25883,12492
26,300,134226,68099,24043,26565,11447
26,400,147388,76042,26160,26788,16683
26,500,153652,81215,22703,30029,23579
26,600,114395,58000,21294,20947,9114
26,700,171483,89716,30438,34173,16415
26,801,144575,72589,18836,23310,24083
26,802,128561,59686,16983,20361,19638
26,900,112837,59107,22354,19221,12717
26,1001,143508,77483,22412,26254,20315
26,1002,193158,98602,21501,30259,32969
26,1003,164863,86689,16584,24118,41549
26,1004,121061,65155,17001,23511,20302
26,1100,193603,99371,36652,36322,16009
26,1200,143257,66631,22929,23887,13529
26,1300,111616,55766,21563,20205,7504
26,1400,190322,100151,30275,36609,26587
26,1500,196479,99492,30959,36913,22151
26,1600,128724,66073,27788,22964,9533
26,1701,185218,98657,29754,38670,24192
26,1702,105213,54116,18644,21622,8103
26,1703,99830,50997,17466,19999,5642
26,1704,182961,96206,28964,39797,21445
26,1801,168809,76238,13350,23918,35668
26,1802,114682,60441,14010,23595,16329
26,1900,185246,97693,24863,39697,28077
26,2000,193937,100532,34834,37225,20488
26,2101,132932,68425,15117,25072,24786
26,2102,123820,56602,10606,21586,20707
26,2200,104728,53534,20646,18873,7623
26,2300,127303,66021,22256,23656,12769
26,2400,155565,79926,23143,27203,21772
26,2500,145080,74607,26622,26864,14116
26,2600,159759,84642,28603,31280,17379
26,2701,110808,60609,11047,18704,28826
26,2702,117435,52981,3946,8648,38833
26,2703,125849,65257,10499,20831,29662
26,2800,184591,100460,23162,37721,36018
26,2901,132360,73316,17378,24739,27164
26,2902,134617,72753,14391,24014,31400
26,2903,167327,91417,10762,21696,55787
26,2904,155282,83222,23556,30199,19898
26,2905,123236,69749,10874,19232,36554
26,2906,154414,79777,7470,16672,53136
26,2907,168476,90968,14049,28201,45085
26,2908,193791,114119,23355,35206,48618
26,3001,121446,66534,18013,26323,17616
26,3002,164522,89144,20275,32177,31763
26,3003,131139,70263,18191,23001,21435
26,3004,154307,83887,22882,34606,19526
26,3005,140104,77030,24241,32146,14315
26,3006,143163,75690,25239,26284,14182
26,3100,160429,85657,28412,34158,15529
26,3201,189296,103578,16375,30543,52738
26,3202,142964,79158,19558,28755,26691
26,3203,152725,75413,18318,24817,20956
26,3204,151951,82605,27132,32204,13948
26,3205,110680,58996,21829,22219,7774
26,3206,131439,71418,20949,27974,17852
26,3207,117935,64426,22355,22946,10176
26,3208,160403,81455,26497,31201,10356
26,3209,130432,63033,20730,23424,10107
26,3210,120232,62502,22964,21561,4946
26,3211,127878,67757,19121,22592,15661
26,3212,128006,62130,19955,15940,4945
26,3213,115036,58409,13351,16406,20137
26,3300,150436,80700,27395,31099,16173
27,100,146837,72297,20800,28367,19493
27,200,117343,56668,16943,22576,12893
27,300,122295,62284,19796,25701,13395
27,400,131015,69928,20895,30240,15363
27,500,101349,49099,11099,17994,17632
27,600,163160,87538,31014,34446,16338
27,700,134235,67214,21564,27893,13284
27,800,145425,71380,19504,30558,17618
27,900,152595,74006,20022,29660,20202
27,1000,129622,70160,17903,30011,18429
27,1101,105768,59052,16405,24099,15579
27,1102,116278,63663,17354,24846,16359
27,1103,116718,66296,15255,24551,23584
27,1201,128321,69048,14395,25088,27396
27,1202,118349,65442,11464,20169,32040
27,1301,127607,68133,12398,20379,32697
27,1302,104761,55477,12343,17377,21829
27,1303,134231,70503,17348,21678,18968
27,1304,160812,85128,12815,20687,43911
27,1401,112166,62426,11190,20308,29384
27,1402,109813,62717,6946,16505,38099
27,1403,110852,61689,13297,22339,21530
27,1404,109221,59959,12998,19592,21781
27,1405,141620,71009,14564,21087,27117
27,1406,129786,75300,12704,18971,33401
27,1407,133950,85828,8427,17881,53776
27,1408,114408,63469,6480,14460,40091
27,1409,113928,65229,6334,16790,40673
27,1410,122032,67797,13304,21742,27222
27,1501,152633,84234,14912,27600,37194
27,1502,144259,79860,16411,27592,32880
27,1503,111564,61393,11459,21253,25819
27,1600,122507,67589,13751,22956,27960
27,1700,110530,59906,11760,18274,27704
27,1800,128691,68423,17863,27778,19877
27,1900,131811,66924,21005,27244,13669
27,2000,101890,49862,16167,19384,11433
27,2100,116610,56969,19224,21077,11008
27,2200,117287,56747,15250,21750,17271
27,2300,138970,70536,21733,25807,18021
27,2400,126937,63502,19534,24500,14591
27,2500,148736,80168,14224,26482,35329
27,2600,112249,54611,16673,21173,13999
28,100,168586,89555,24817,34301,21751
28,200,149147,75945,27518,23934,10098
28,300,121239,61937,20153,19560,9220
28,400,142975,69090,20033,22000,15513
28,500,143364,73346,21312,25709,13778
28,600,177219,84664,23585,26270,21506
28,700,124237,60738,21094,18501,9393
28,800,126293,64123,18667,19035,11457
28,900,107134,57534,11660,16328,22400
28,1000,112544,58567,13239,21956,18875
28,1100,127136,63821,16106,20480,18106
28,1200,104114,53701,15817,19270,11764
28,1300,174162,94196,25265,32443,26890
28,1400,124055,61726,21565,19355,7670
28,1500,117857,59536,18044,22456,11038
28,1600,181341,91493,32727,28906,13765
28,1700,134381,68324,22266,22001,10732
28,1800,173448,87679,24912,28247,23860
28,1900,141905,72476,23256,25966,11416
28,2000,196268,102609,28828,37889,21725
28,2100,140676,74472,22654,28510,14903
29,100,111931,52700,21718,14686,10486
29,200,119671,63420,23926,19956,12808
29,300,125356,59404,23723,17432,11806
29,400,143132,75019,31182,22233,11312
29,500,150658,80533,27583,23384,21862
29,600,170770,82634,15185,21784,41083
29,700,135205,68307,24449,22318,12780
29,800,139683,68633,24880,23354,14957
29,901,109689,58203,14840,19307,20889
29,902,109535,60664,16540,20429,19042
29,903,104531,58040,11716,19528,24248
29,1001,166740,92702,23616,24272,28532
29,1002,128266,66523,22820,23306,12893
29,1003,132777,70507,21641,25074,19195
29,1004,103663,55556,9769,19364,24758
29,1005,149459,80638,21228,26985,25390
29,1100,117424,60509,20373,20629,14930
29,1200,124352,61492,24005,19312,10439
29,1300,111374,54595,20994,17124,8693
29,1400,142551,69542,24462,22646,14545
29,1500,109306,53754,20177,15214,10669
29,1600,101828,53817,17181,20296,10741
29,1701,107841,59274,11346,18595,27994
29,1702,135313,71452,18143,25157,24650
29,1703,131651,71288,17036,24796,25457
29,1801,120218,60105,16978,24828,12271
29,1802,127411,66775,18704,27309,15865
29,1803,110459,58356,18049,21287,12180
29,1804,114016,60338,7399,14511,36830
29,1805,117739,61760,4037,10395,45973
29,1806,115845,61311,7645,14666,37075
29,1807,159291,85273,15633,24196,40511
29,1808,136359,72122,13333,23186,33220
29,1901,128641,66808,16688,20574,19194
29,1902,189198,115635,24033,34096,43454
29,2001,110236,60676,18526,22561,13558
29,2002,111341,60860,19694,24420,10268
29,2100,128148,68878,26209,22983,9143
29,2200,129023,64266,22484,19134,15338
29,2300,111855,56226,22655,15133,7468
29,2400,105923,53650,19974,17150,7321
29,2500,126859,62728,25538,19224,8725
29,2601,156181,81293,25947,27896,20440
29,2602,120255,58057,16729,19687,14712
29,2603,124364,63059,13261,22610,23964
29,2700,143419,71590,26323,22695,11247
29,2800,175961,88727,28878,28343,20094
30,100,126342,66165,20378,24770,17140
30,200,197530,101469,27060,34801,33837
30,300,153512,81299,22937,27833,25711
30,400,148786,74847,22774,27208,19069
30,500,134220,70959,16357,21819,30604
30,600,147473,75973,25706,28329,16712
30,700,106836,55455,15764,19083,16907
31,100,110330,54453,15578,21956,12553
31,200,183029,88423,26598,33267,18234
31,300,108533,54073,16613,19540,11195
31,400,105149,52267,15177,20768,10537
31,500,116198,56279,15111,21853,15853
31,600,137944,67565,21350,26051,15070
31,701,103255,52618,16025,19592,13525
31,702,169192,90015,17941,33579,35096
31,801,162012,77422,17647,28910,24473
31,802,136068,71606,12076,23559,33041
31,901,172381,94329,14237,31165,45494
31,902,146382,78953,12920,24928,38566
31,903,105750,54657,14769,18658,13582
31,904,113142,58678,13344,15023,14928
32,101,180186,95431,21163,30543,27479
32,102,114745,61937,12084,21568,23719
32,103,140088,75237,21049,27387,15913
32,200,157327,81506,22910,32446,16637
32,300,170718,88276,28936,33050,13352
32,401,134809,74626,20745,28027,20014
32,402,129926,68985,19859,27491,15990
32,403,187206,95119,28708,30202,14061
32,404,148660,71709,22256,22619,7766
32,405,128020,67689,21456,16493,5229
32,406,141381,73117,24169,22002,9812
32,407,149581,81286,17862,28225,28937
32,408,205615,117543,31691,41443,32441
32,409,149635,85936,28393,25025,15143
32,410,147817,80256,26918,24994,10719
32,411,210351,111562,26202,41392,37588
32,412,151649,85208,23308,31940,24086
32,413,150922,88108,22553,32745,25236
33,100,121211,63267,19182,18046,21285
33,200,123066,66340,20978,21452,19160
33,300,150791,78731,20403,24712,28649
33,400,112427,61227,15924,19307,22503
33,500,119565,63190,21539,18026,19434
33,600,106771,59636,14271,16413,26326
33,700,153857,86307,22692,26930,33447
33,800,110139,62007,19117,18280,17910
33,900,133271,74442,18644,22558,27520
33,1000,193103,108034,24978,31336,47944
34,101,112574,57007,17025,16138,14835
34,102,152026,82276,27389,23283,21419
34,301,112500,62975,14954,14218,27885
34,302,118808,68199,19783,17071,27800
34,303,140630,81613,18748,15111,40856
34,304,122932,68658,21018,17479,24073
34,305,104657,53202,6715,8689,36036
34,306,105992,54491,7448,11012,34826
34,307,115443,61249,14626,14465,28699
34,308,105368,54082,6310,9868,36788
34,400,146987,75551,31837,16987,8302
34,501,139870,72646,24892,15911,16371
34,502,110514,59268,17886,14462,22914
34,503,109852,58837,16779,13745,25611
34,601,139320,90490,15626,14093,52042
34,602,113227,62024,19502,15538,18738
34,701,144195,83188,22506,20815,25827
34,702,134323,84995,16149,12506,42923
34,703,131554,75209,24894,17791,23813
34,800,126250,69486,13988,16726,35970
34,901,118782,61507,16148,17130,25168
34,902,113614,65551,9477,11660,42039
34,903,111618,63222,13910,14499,30539
34,904,107855,63227,12468,12879,34256
34,905,112545,66149,20841,15821,24323
34,906,154179,73371,17136,14257,28903
34,907,111707,61479,18608,16723,16220
34,1001,110518,60030,7695,10382,40740
34,1002,105044,57928,8666,11639,35636
34,1003,115048,64660,18065,15559,26283
34,1101,101400,53523,12095,14692,24121
34,1102,109965,59288,12995,15103,28178
34,1103,105383,56412,15964,13836,20595
34,1104,100787,55942,11928,13814,27454
34,1105,107941,59359,14830,16127,25245
34,1106,103709,55334,11367,14061,28156
34,1201,117487,58320,18146,19715,16907
34,1202,109088,53694,20039,16416,13716
34,1203,142367,56431,16700,15689,16725
34,1204,110236,50709,17598,15828,14257
34,1205,104272,56971,17401,16633,20594
34,1301,161282,92175,32356,18762,13232
34,1302,118511,59921,22160,19709,8264
34,1401,112605,64622,16731,17762,25927
34,1402,189879,101542,32051,29510,27639
34,1403,106608,56374,8031,10029,36613
34,1404,102724,53847,8352,8594,34882
34,1501,131987,73059,18408,18715,30509
34,1502,131014,70953,13587,16128,39343
34,1503,114160,63325,12344,12313,36470
34,1504,121025,63706,8380,9838,42616
34,1600,146281,81512,23927,25257,28636
34,1700,107226,58323,18187,16592,18978
34,1800,127759,67897,28065,15261,8046
34,1901,107794,59348,16922,18511,18275
34,1902,104907,55385,6783,9715,37306
34,1903,102265,55530,11848,11892,23496
34,1904,106019,60107,19387,18711,17092
34,2001,128622,70787,22076,20699,23813
34,2002,154624,83666,16032,21681,43427
34,2003,167310,89262,27792,28581,26354
34,2101,125945,63891,24536,16769,8618
34,2102,122043,68348,19869,21557,22008
34,2103,146135,81360,26744,26868,22375
34,2104,117875,61764,10408,13403,35534
34,2201,128713,70842,23543,22357,21153
34,2202,161585,85497,26134,24973,29234
34,2301,121011,64753,22826,16480,11543
34,2302,146053,76476,9328,12615,50597
34,2303,103148,56334,15565,16599,19979
34,2400,115621,63550,25560,16245,10109
34,2500,106534,55335,20116,15476,10533
34,2600,106581,54228,16925,15469,16912
35,100,128700,63483,23198,21072,6736
35,200,97813,49563,15214,18665,8254
35,300,124159,64303,16980,22290,17196
35,400,103550,50037,14053,17728,10379
35,500,147108,79555,17293,22121,29826
35,600,136638,71599,17960,27613,19904
35,700,100867,53171,15118,18040,12402
35,801,102727,54459,8603,16752,26590
35,802,100405,53710,11942,18880,19959
35,803,105286,56859,13755,17360,15489
35,804,100615,54047,12153,15924,19523
35,805,125623,69604,15219,26645,23785
35,806,114717,56886,19617,17262,6004
35,900,107096,50281,16152,15745,9095
35,1001,104004,48411,11983,13471,10765
35,1002,109959,49952,10275,16559,16326
35,1100,151060,73392,20905,26713,13071
35,1200,123790,62032,20436,19288,9449
36,100,112011,55403,19510,17526,12992
36,200,176637,94894,32996,30390,20449
36,300,127880,69095,25009,21372,16487
36,401,115365,60539,21110,20885,13710
36,402,163230,82456,23419,28123,21517
36,403,112309,55628,19054,17518,14232
36,500,146071,74016,25151,27091,15377
36,600,121183,63340,24313,19777,11813
36,701,144564,68521,17265,19571,19099
36,702,126536,70569,16537,24585,26348
36,703,161673,85305,18671,27257,35617
36,704,114704,61865,18265,20484,17671
36,800,127560,68371,23728,23118,14841
36,901,132358,69840,13547,21032,32207
36,902,110358,59505,14662,17054,17809
36,903,100100,50802,16036,16235,9388
36,904,125325,68053,18361,24522,20500
36,905,105246,54615,14035,18894,19388
36,906,175969,89041,12250,22125,51595
36,1000,101662,54409,19705,19367,10132
36,1101,107009,57678,19613,19765,13719
36,1102,107141,56439,17585,20595,15080
36,1201,109099,59282,14269,20888,21607
36,1202,124044,59425,7986,14589,35077
36,1203,109876,59165,15003,19428,22919
36,1204,150966,80387,25498,29067,21353
36,1205,142038,71140,22185,26912,11365
36,1206,117479,63919,13238,17473,23902
36,1207,168082,91286,25320,30771,30811
36,1300,106247,56090,19733,19105,11499
36,1400,134379,68809,18631,23162,21929
36,1500,121470,59713,19342,19989,15999
36,1600,104385,54938,19318,19307,9086
36,1700,154796,81967,22734,26385,26003
36,1801,108224,59628,9936,17852,29759
36,1802,115550,63253,18170,20136,21439
36,1900,159900,85841,22605,30874,26136
36,2001,106801,52346,13118,15001,19465
36,2002,200662,106013,24161,32122,45241
36,2100,110507,58936,18634,18901,15260
36,2201,125548,59367,15923,19235,18851
36,2202,108825,56583,18268,19344,15293
36,2203,110369,56674,21835,17859,11100
36,2300,103855,47051,8418,11476,24900
36,2401,104486,54623,17139,17829,15165
36,2402,100856,53066,21123,17977,9250
36,2500,127032,62979,24273,20187,12163
36,2600,132646,66965,22627,23200,14298
36,2701,110789,60110,18691,19081,15429
36,2702,146841,79101,23194,24995,24205
36,2801,127204,67961,16832,22044,24089
36,2802,169724,89758,22994,27633,31020
36,2901,120922,62809,17804,20127,18251
36,2902,124241,66862,20290,22413,17026
36,2903,130221,62133,14160,19827,23781
36,3001,105235,55291,10346,14919,24612
36,3002,105557,53443,8986,13169,27314
36,3003,109896,46744,13679,10963,13271
36,3101,102260,56962,13999,16091,23503
36,3102,149034,80275,15235,17070,37597
36,3103,136917,70189,8025,13144,45522
36,3104,120249,61285,10236,9773,33354
36,3105,166220,89507,11170,15804,55501
36,3106,199435,106096,26610,29144,35395
36,3107,192688,102219,20561,25002,44951
36,3201,113485,55097,5964,8406,38307
36,3202,111121,56585,8767,9802,34116
36,3203,102233,54474,10055,13371,28280
36,3204,115620,61582,12613,14391,28549
36,3205,120719,64087,13835,18194,27745
36,3206,146563,76488,22682,19436,16228
36,3207,113609,61192,15237,17950,23988
36,3208,110767,60075,14863,17804,25188
36,3209,103268,55641,10606,14554,29015
36,3210,102203,54050,11110,13416,26818
36,3211,110425,59285,13366,17399,24282
36,3212,104582,55522,9986,13841,29026
36,3301,103455,54993,9199,11906,28676
36,3302,100785,51273,8582,12765,28130
36,3303,118373,61023,11216,17125,31042
36,3304,117827,56478,10762,15408,28427
36,3305,138522,73808,19641,19433,28086
36,3306,131623,72454,25735,21888,18261
36,3307,127250,71166,21180,22416,21564
36,3308,112659,60680,18161,19658,19152
36,3309,99182,53754,12991,17090,21500
36,3310,131171,70553,24127,17352,10436
36,3311,106394,57106,14872,16477,21565
36,3312,99733,56574,18971,16707,16899
36,3313,114399,61213,19377,17413,15616
36,3701,109425,56718,11067,14125,22790
36,3702,143158,75259,22772,21724,18380
36,3703,124045,64737,17279,21120,18647
36,3704,130836,70959,18734,19838,18448
36,3705,170324,81752,21894,20729,10765
36,3706,128610,68583,19265,17009,12871
36,3707,135594,70540,20440,17770,9455
36,3708,141348,71815,18953,18237,10891
36,3709,186187,98996,27971,28090,17737
36,3710,158830,77827,20924,18229,8292
36,3801,216535,127825,23656,27968,44577
36,3802,131157,72005,12167,13210,34017
36,3803,131891,76901,16932,17626,29590
36,3804,121669,67332,16407,13021,23309
36,3805,220697,135230,5788,12848,114111
36,3806,194449,120356,7517,11784,96062
36,3807,149404,104084,7412,12240,80170
36,3808,146468,93207,4563,8796,77895
36,3809,163970,99630,17310,14809,49210
36,3810,153267,102311,4539,8521,86802
36,3901,166591,91447,27003,25982,33489
36,3902,133508,73533,22123,19756,25504
36,3903,172382,90918,26134,26025,26919
36,4001,153557,93565,17330,17900,46933
36,4002,136730,76396,17651,15074,17940
36,4003,139904,73571,20742,17673,21277
36,4004,131889,81492,9874,12484,52208
36,4005,115910,76435,6150,8684,56773
36,4006,125410,74344,17619,16631,29293
36,4007,125747,63120,23024,17189,8086
36,4008,154119,78721,32111,18694,12027
36,4009,208145,113168,30962,34442,36595
36,4010,136530,73970,26526,21669,17010
36,4011,111688,59866,16318,17746,17862
36,4012,152612,87765,17299,12187,23533
36,4013,129717,73876,15095,15139,31920
36,4014,165372,72685,23116,14018,19773
36,4015,161205,85601,21621,18830,31839
36,4016,149519,79748,20176,16442,33059
36,4017,189387,107308,29743,19950,32679
36,4018,107818,54753,13496,12517,19332
36,4101,173828,110280,21040,21766,52943
36,4102,183644,106132,33601,19639,22590
36,4103,250097,143362,39038,34236,43268
36,4104,121032,68721,13237,16810,33528
36,4105,199745,109558,30888,33669,33740
36,4106,160025,86875,19043,20925,36472
36,4107,143434,83268,22385,17921,19003
36,4108,114489,67331,10094,14237,39773
36,4109,138596,88260,19590,17467,35360
36,4110,170817,97500,31994,25077,27075
36,4111,153164,85914,24578,20426,23300
36,4112,236745,127316,38966,38851,27530
36,4113,136623,77184,25116,20177,17293
36,4114,118917,59582,14821,15968,16214
37,100,129983,62156,17010,21034,15897
37,200,153027,78424,24120,26400,12028
37,300,138961,74088,26699,24717,10926
37,400,120545,64832,21729,22688,10560
37,500,121456,63265,20535,20899,10811
37,600,104923,53725,19511,17545,7135
37,700,114549,60176,18330,22697,11600
37,800,101623,54194,17853,19536,9330
37,900,150002,77958,26630,26415,13061
37,1000,102909,53652,16959,17666,8949
37,1100,178396,95360,27563,33731,20867
37,1201,139966,70042,12287,16634,32553
37,1202,131414,74824,11078,18783,38003
37,1203,112566,60893,9081,18893,29737
37,1204,119594,66403,15992,21495,20002
37,1205,113062,62145,12999,20410,23415
37,1206,111953,67715,5584,14305,46542
37,1207,134027,78521,9179,17658,47688
37,1208,113437,62732,6375,14361,39810
37,1301,154754,88199,10238,20316,49013
37,1302,134063,74701,15385,20375,27680
37,1400,138681,69512,9875,13826,40680
37,1500,126849,64532,15041,20722,18614
37,1600,155221,79391,21698,27496,17747
37,1701,135458,70884,12720,19613,32426
37,1702,114446,59230,14828,19885,16956
37,1703,119918,64980,15582,20161,24486
37,1704,136941,71044,17932,22335,21156
37,1801,107509,51560,11358,13931,18523
37,1802,124525,65794,15384,19667,21326
37,1803,129650,71152,17600,22801,25732
37,1900,105764,55535,18031,18348,10558
37,2000,118916,63151,21697,20644,9012
37,2100,134509,70922,22505,24796,11485
37,2201,124073,67981,12126,20372,30457
37,2202,123263,66606,19032,21403,18979
37,2300,109327,55853,16563,20348,12148
37,2400,106212,50792,14766,17956,12074
37,2500,142647,69932,18246,24364,18772
37,2600,137082,69586,21885,24224,13477
37,2700,126866,68288,21792,23608,13108
37,2800,154610,81414,23639,27100,18384
37,2900,138737,73747,17841,26438,21828
37,3001,103200,56176,17913,20578,9324
37,3002,106607,55828,15538,18999,13684
37,3101,111447,66573,12355,17171,27445
37,3102,122397,64939,19709,21574,11021
37,3103,115945,60089,13602,19347,17552
37,3104,149833,82797,6737,17852,56398
37,3105,110907,64850,11214,16279,27743
37,3106,146332,84167,12508,23886,44063
37,3107,117380,65477,12499,21275,27268
37,3108,116047,66779,10617,18134,34261
37,3200,142174,74887,18608,25697,23295
37,3300,106787,56674,18537,20179,11666
37,3400,138344,72093,22644,24711,13204
37,3500,163867,87007,27955,28043,17764
37,3600,142370,74751,25455,24774,11492
37,3700,119344,58490,14821,19487,16517
37,3800,124320,64645,18889,24374,13536
37,3900,123326,62920,19125,20668,7508
37,4000,124355,64011,17797,23860,12372
37,4100,110771,56846,17873,22710,8010
37,4200,173798,83378,19618,29818,26128
37,4300,104450,49897,13354,19702,10914
37,4400,128771,66724,19259,25462,14324
37,4500,141930,61058,15934,28224,12864
37,4600,108867,58985,15679,20772,17277
37,4700,159390,81693,15811,27732,31409
37,4800,115926,58958,15802,21257,13741
37,4900,104830,53997,17483,20227,6704
37,5001,108579,54989,12117,23847,14907
37,5002,109260,53349,14476,22146,12040
37,5003,106764,56947,14164,25425,13131
37,5100,121991,61173,20423,19079,8214
37,5200,133053,69512,22297,24891,11685
37,5300,118093,61642,21260,19788,10182
37,5400,121464,62917,10253,18754,30736
38,100,200239,102602,29552,42017,25327
38,200,125337,61442,17981,24197,14909
38,300,127805,67585,16976,25104,23052
38,400,105759,50202,12761,19451,15292
38,500,162500,83559,15095,32652,32721
39,100,123235,63328,26798,20850,10390
39,200,115319,53976,18515,17996,14240
39,300,152459,80142,15919,25757,35891
39,400,135390,69296,20501,26237,16919
39,500,139853,73373,26279,25586,8279
39,600,105772,56043,18863,21623,12334
39,700,136328,70821,27290,24526,13844
39,801,132916,68411,24259,26021,9649
39,802,170236,90510,25489,30482,29250
39,901,102429,55202,10679,16478,26190
39,902,141641,77479,17835,23395,32315
39,903,114898,62705,13222,17450,29849
39,904,123507,65399,21809,23523,15549
39,905,103697,58749,18891,17713,11488
39,906,125804,69642,21115,19033,13453
39,907,103071,54176,18791,19944,10847
39,908,162395,77818,26314,27821,10265
39,909,146314,76847,17624,25948,27977
39,910,139433,70792,9292,16369,43474
39,1000,100128,54022,16688,18900,15770
39,1100,107983,57372,18902,19131,14762
39,1200,115200,58810,14134,16770,23901
39,1300,99777,52257,22832,15499,7172
39,1400,131604,68560,30159,19443,13415
39,1500,193763,100726,33347,33383,25492
39,1600,115556,59225,25531,16886,11202
39,1700,161897,80487,29050,24012,22198
39,1801,115049,61467,11128,14753,34123
39,1802,108963,59802,17445,18455,20908
39,1803,106249,54920,20544,18645,8340
39,1804,107150,56754,17109,18361,15944
39,1805,104436,55708,20461,16819,14350
39,1900,174831,94055,28224,29703,31863
39,2000,115371,57020,22419,13954,12984
39,2100,112126,56770,24912,16091,9958
39,2200,122312,63596,25151,21184,10262
39,2300,121121,61503,26838,20612,9177
39,2400,109612,56657,20025,18448,14692
39,2500,105196,53101,19729,18984,9740
39,2600,115312,58289,25563,19120,10787
39,2700,116613,58758,27613,16238,9619
39,2800,161921,84242,34982,26095,14055
39,2900,119786,58693,24199,14283,6596
39,3000,108330,56055,25044,15876,8430
39,3100,138948,73407,26666,24536,17888
39,3200,137678,69788,22169,24042,16793
39,3300,126714,65363,25898,20072,14072
39,3400,105987,56719,25735,16908,8293
39,3500,137613,72985,28657,26398,12030
39,3600,105319,54928,23435,17652,8507
39,3700,122041,62848,26050,20171,9226
39,3800,168715,88520,30995,28610,21639
39,3900,149112,78724,24228,26788,22129
39,4000,185433,99936,18122,24402,55076
39,4101,110575,63919,10399,16438,34797
39,4102,103645,57287,10184,16966,26719
39,4103,112832,66939,7962,14877,42391
39,4104,106272,61152,6061,13349,40469
39,4105,109298,54070,5290,11861,34289
39,4106,129962,70005,21454,23141,14179
39,4107,105042,55484,16679,16550,14118
39,4108,118269,62890,20738,22902,14335
39,4109,107839,58533,21018,18508,12965
39,4110,104260,57046,19741,14880,10268
39,4111,107767,61153,16713,18322,20265
39,4200,153441,84829,32367,25582,18587
39,4300,136827,69324,24247,24173,12968
39,4400,103517,54172,19112,18568,11710
39,4500,143105,73233,33246,23199,10672
39,4601,108931,57854,18690,21138,13903
39,4602,127184,66167,18579,27383,15133
39,4603,173258,86746,25872,32175,15444
39,4604,124390,65059,10973,21860,29689
39,4700,164192,83430,19490,26124,32852
39,4800,106103,57724,24276,17153,8901
39,4900,103398,54086,22618,15515,8317
39,5000,119012,56332,19640,17115,12873
39,5100,139844,72889,29589,22484,11601
39,5200,113291,58241,24381,18256,7970
39,5301,108709,58823,13895,16488,25941
39,5302,111207,59884,15222,16284,24670
39,5401,113663,60281,11952,16075,29356
39,5402,133182,70850,26080,22147,15962
39,5403,125693,58516,23605,16634,11989
39,5501,111751,59774,18337,19485,18657
39,5502,147550,77466,24420,26380,20316
39,5503,109647,58228,19526,18047,11254
39,5504,119465,58237,14919,16150,18939
39,5505,105315,60577,11516,15212,29659
39,5506,105109,55660,13105,14714,23385
39,5507,105357,55223,7086,12578,34272
39,5600,130700,70552,19769,21074,25249
39,5700,113832,60816,26848,17403,9036
40,100,166767,83065,30739,27697,13594
40,200,111797,54981,20617,16276,9999
40,300,177973,89049,34977,27635,12901
40,400,112048,55736,19278,16933,11569
40,500,115312,58102,20431,16427,11937
40,601,106768,54541,18003,20104,11293
40,602,113224,57390,21882,17836,10387
40,701,106279,53345,21766,14967,9836
40,702,121826,59720,20566,18227,12581
40,800,126193,67897,19123,25700,18202
40,900,268614,137287,35259,47538,43974
40,1001,109624,55786,17481,14970,7169
40,1002,154583,81401,16413,27008,31592
40,1003,143471,74194,10367,21027,40140
40,1004,117274,61081,19062,22675,13556
40,1005,120179,62107,19320,17786,8534
40,1006,109349,60527,13114,18286,22235
40,1101,108529,56028,20352,18636,11073
40,1102,131728,67057,22927,22243,14321
40,1201,199687,107881,21462,34929,41734
40,1202,200305,104706,24403,35430,35028
40,1203,120209,60197,19213,20064,10744
40,1204,169609,87754,27700,30357,20606
40,1301,117335,60832,18522,22197,16172
40,1302,150229,74982,27725,25421,12352
40,1400,119285,59106,20045,19035,12456
40,1501,151641,70044,22788,21321,17948
40,1601,99895,50398,18964,15338,11033
41,100,125392,62948,18427,24611,11573
41,200,114764,58108,17293,20430,11076
41,300,111594,56206,16129,22284,10199
41,400,166622,89396,19620,35301,29080
41,500,158548,83829,25621,32653,17092
41,600,205466,101298,23599,37761,32605
41,703,146363,72995,13806,27226,26812
41,704,105289,53954,13262,21747,13562
41,705,105408,54472,15746,22989,10777
41,800,168522,83580,26600,33693,14820
41,901,105359,52870,14514,20256,10943
41,902,103004,53565,14261,20089,14835
41,1000,107194,53777,16612,23571,8636
41,1103,103779,51378,13761,18657,8429
41,1104,105807,56122,13692,20289,15631
41,1105,113673,56395,15872,19487,10990
41,1200,178383,87721,24366,31542,22416
41,1301,116314,73104,10222,21591,35886
41,1302,127740,70105,18887,25092,13666
41,1303,112448,70414,12572,21883,29557
41,1305,115745,76146,8821,20305,44027
41,1314,134228,83385,5898,20034,55525
41,1316,162055,86140,22916,32827,17604
41,1317,104727,56274,16135,23483,12182
41,1318,172100,93422,22593,38067,25701
41,1319,112611,60303,7725,17733,32808
41,1320,113817,62969,10460,21033,27077
41,1321,107461,56602,10817,16610,23301
41,1322,111199,62719,11816,20177,23504
41,1323,114923,65515,12568,20493,26440
41,1324,108698,62383,9626,17984,29659
42,101,107850,55063,21905,14140,12763
42,102,172008,89095,32808,23547,27985
42,200,128305,65927,28867,17052,13856
42,300,177843,94717,45528,25425,15688
42,400,110893,56576,25677,14550,11162
42,500,150643,80046,32632,23870,16934
42,600,167881,88717,31411,29149,21160
42,701,109993,54514,18883,15338,14237
42,702,131613,70490,24804,20199,21600
42,801,128385,68066,22667,21781,20138
42,802,127355,63335,22833,19568,13071
42,803,131267,68493,29094,18972,14598
42,900,156270,78899,31477,22794,17089
42,1000,112514,59826,27862,13849,11632
42,1100,156508,79286,36093,18325,13147
42,1200,157823,72253,20934,15474,31833
42,1300,145697,75313,36306,19096,13184
42,1400,115320,57791,24029,15085,13687
42,1501,105695,54901,22676,15495,12735
42,1502,153252,80979,28247,27688,20810
42,1600,185689,98838,30590,27614,36086
42,1701,193432,97512,21435,22593,48000
42,1702,115895,65231,20428,19910,20148
42,1801,107218,60571,15335,17249,25274
42,1802,157079,85455,17379,20913,45205
42,1803,125237,70384,16400,19040,32379
42,1804,176913,96583,25035,31885,35571
42,1805,115636,61069,23436,21281,12759
42,1806,126125,69197,15958,18526,32181
42,1807,113610,60712,13280,15853,30193
42,1900,155874,77881,34113,21117,16418
42,2001,102000,54092,16308,16649,18997
42,2002,152173,80571,27341,25141,24489
42,2003,107078,56602,22387,17760,13462
42,2100,139381,71638,31060,20207,15564
42,2200,172354,89409,42126,23063,17889
42,2301,138439,71623,30158,18526,16396
42,2302,148665,80544,22194,21416,32968
42,2401,158566,86104,26589,25436,25302
42,2402,112528,60589,20737,15212,19559
42,2500,135776,68789,28766,17359,14522
42,2600,146360,79070,35661,22167,13591
42,2701,123384,64656,23147,16665,19526
42,2702,142247,70810,24664,17619,12870
42,2703,148334,77531,29723,20944,21687
42,2801,128586,70584,26021,20402,19546
42,2802,153946,81329,22376,22557,32361
42,2803,119261,59268,20346,17030,9564
42,2901,171810,87670,26665,26444,26826
42,2902,147403,79265,27355,24834,23180
42,3001,134191,73770,22376,19627,28525
42,3002,140738,72355,14746,17065,37566
42,3003,173125,95953,26899,26302,39454
42,3004,178529,97841,31294,28347,32758
42,3101,139889,75768,21579,19438,31217
42,3102,119303,64512,17448,16593,27219
42,3103,132347,70964,10499,11156,47198
42,3104,123323,68374,17206,15811,30304
42,3105,128806,69168,13361,17395,36458
42,3106,169302,88965,15514,20213,50327
42,3201,154672,84596,30207,24142,22475
42,3202,143481,74651,27493,19106,14343
42,3203,125567,68104,30010,16797,9916
42,3204,175671,87682,31882,25231,13598
42,3205,166447,85365,31915,15947,11589
42,3206,138161,77966,19184,17687,34583
42,3207,108179,51301,21706,13811,6276
42,3208,129025,62394,19703,21927,12833
42,3209,133178,89920,9247,10253,66719
42,3210,149086,73512,24957,19578,18119
42,3211,131605,76320,26232,18132,18190
42,3301,131931,65117,10498,13354,39669
42,3302,163475,88387,26750,25666,29045
42,3303,145736,77220,32188,22530,15288
42,3304,120541,62339,16053,14831,29053
42,3401,109236,59172,10988,10324,35860
42,3402,133222,68839,10067,13524,42950
42,3403,147994,81244,20616,19226,36905
42,3404,119345,61201,14347,12781,26290
42,3501,118299,59733,20468,14508,14957
42,3502,109782,56435,22493,13358,16421
42,3503,172428,83356,33741,16503,15663
42,3504,129707,66690,22795,16039,23677
42,3601,166432,85130,31596,21852,22488
42,3602,126623,70988,29508,18411,17842
42,3603,146605,79135,31953,22534,18489
42,3701,126876,65859,27363,17325,14609
42,3702,127176,64492,28373,16092,12585
42,3800,140397,74542,36521,18675,11662
42,3900,134851,72307,34972,19132,11041
42,4001,144405,77299,24820,20944,27115
42,4002,101759,52896,23472,14009,11212
44,101,145168,79078,24047,26299,21565
44,102,178584,97097,26830,30034,26348
44,103,178680,87971,20531,20425,26657
44,104,128027,70203,20818,19690,22298
44,201,164958,92115,24772,31292,30038
44,300,131839,68642,14182,17483,33220
44,400,126405,63246,13791,17238,29516
45,101,195073,94538,30312,29733,21142
45,102,106658,55931,14720,17640,16973
45,103,165572,84747,20802,23261,27274
45,104,111399,61099,13026,17212,25423
45,105,157663,84237,26044,27171,20984
45,200,191215,98432,29992,34064,20273
45,301,119003,59476,15838,18585,15492
45,302,172237,91157,28246,31060,20138
45,400,154234,78983,28676,23816,11787
45,501,115650,63027,18050,19719,18682
45,502,124426,65161,16491,21528,21404
45,601,169680,92436,27974,29367,24114
45,602,124163,65996,15700,22336,22401
45,603,180950,95982,21610,32185,35492
45,604,209023,103518,21453,31862,39356
45,605,108714,55608,19677,17967,10974
45,700,155448,81884,29663,23548,13991
45,800,193654,98039,33611,32877,16361
45,900,206252,106679,36391,32750,22554
45,1000,124174,62278,22538,18643,11412
45,1101,136356,68563,22731,23789,13255
45,1102,154374,83386,24487,28479,21915
45,1201,149512,80860,24200,30379,17688
45,1202,204109,112110,21174,31348,52370
45,1203,149526,82268,17355,22935,36086
45,1204,209085,112748,31652,41058,25657
45,1300,196420,97906,35782,30660,16362
45,1400,197969,93833,25367,29838,29057
45,1500,190374,100066,32514,30171,24387
45,1600,104663,52280,16669,16510,10194
46,100,180106,93335,26888,35577,25537
46,200,103341,48946,15120,17623,10358
46,300,132182,64979,22856,22573,15689
46,400,133341,63265,18125,21665,18872
46,500,129823,66140,18515,23381,21287
46,600,164397,88761,22149,29207,30334
47,100,141042,72383,29100,20358,12808
47,200,137828,68369,30004,17851,11225
47,300,199266,104152,31825,39383,25910
47,400,181603,97813,39212,28135,17139
47,500,169623,90671,28307,30947,23907
47,600,122621,64125,28246,15699,8568
47,700,120283,59085,25043,14288,11924
47,800,107234,52449,23247,13447,7438
47,900,122403,64987,30375,15469,7061
47,1000,107749,55160,23196,15927,8827
47,1100,105598,56593,18420,17878,14052
47,1200,161603,85340,36402,22021,13138
47,1300,125317,64593,19004,18541,21298
47,1400,121056,63464,29202,15705,8524
47,1500,146107,76383,30058,22785,12620
47,1601,105841,55805,20870,16074,11436
47,1602,109282,57506,18894,19494,14307
47,1603,178208,88619,24329,27132,27674
47,1604,145543,79785,12463,21248,42548
47,1700,125188,65951,22301,21025,16103
47,1800,148684,75697,29282,22547,13472
47,1900,171255,88337,32284,26550,16733
47,2001,117107,59194,16420,19114,14279
47,2002,109316,59855,14797,19502,20461
47,2003,121698,66713,16986,22866,21546
47,2100,114218,59435,24671,15786,7030
47,2200,134487,68377,26961,19447,12686
47,2300,122445,66169,20432,20078,20392
47,2401,131256,71005,23056,22739,18523
47,2402,151302,76944,18716,24160,28620
47,2501,158639,93621,24174,29776,30441
47,2502,109439,59548,19206,17920,12606
47,2503,115688,66692,17226,17174,20573
47,2504,127320,73383,16817,17547,28509
47,2505,147420,81497,8139,15920,54028
47,2600,199456,106570,15301,24600,62962
47,2700,161234,85371,32912,26048,14929
47,2800,107880,55491,24275,15132,7391
47,2900,136203,70704,31649,18291,8939
47,3000,115508,58260,19706,17958,14480
47,3100,127915,68077,26673,20949,11363
47,3201,137785,75853,22855,20323,21696
47,3202,133265,69280,16868,17387,22960
47,3203,114088,56264,19786,18726,9441
47,3204,101499,54041,13955,18286,17074
47,3205,112646,62146,11500,21477,25871
47,3206,125218,68769,9904,18636,38035
47,3207,108724,55690,16609,18873,12728
47,3208,104525,53495,20133,18148,7343
48,100,187241,92183,28241,28833,14818
48,200,122352,62784,17405,21577,9149
48,300,126782,65756,13833,27211,20007
48,400,131565,63511,18940,19118,9150
48,501,114999,48031,13283,14866,12025
48,502,175783,88450,21946,29629,26266
48,600,150739,77103,27291,24767,13410
48,700,131957,65642,20636,21884,14505
48,800,195289,98488,31321,35298,19042
48,900,173588,90355,24965,30053,25087
48,1000,158853,77609,26362,25779,12005
48,1100,123483,63504,23813,21513,10871
48,1200,116761,59390,19253,20318,10603
48,1300,119001,57486,20413,19048,8771
48,1400,109289,57431,17266,19910,11576
48,1501,105425,52534,14518,18407,12004
48,1502,112127,54863,11965,18650,15155
48,1600,123178,61828,17069,22487,12303
48,1700,128524,65472,21963,21660,8947
48,1800,136931,72863,26169,23591,9551
48,1901,116580,66760,7975,16491,38251
48,1902,115914,68023,4306,14673,48022
48,1903,107564,60300,10300,17794,26386
48,1904,129517,70683,9738,20587,37560
48,1905,133248,71047,11328,21546,32909
48,1906,125487,68892,8071,20485,37408
48,1907,133905,71871,16434,23211,25960
48,2001,115352,69841,11525,20460,32301
48,2002,109155,62641,13326,20282,21982
48,2003,128661,72981,8507,19896,42646
48,2004,132029,73610,12840,23080,33824
48,2005,120174,56954,11274,19092,20919
48,2006,126480,69977,16945,25321,21469
48,2101,157058,81520,23518,28500,17781
48,2102,155450,80813,25296,28737,14196
48,2200,129739,61420,18345,20500,14043
48,2301,105814,58013,13288,19503,16426
48,2302,105114,51580,13573,15405,7800
48,2303,122391,64188,17933,23345,13098
48,2304,103796,52381,18818,13878,3640
48,2305,131268,63009,19568,14884,4543
48,2306,129420,69601,14413,17055,21537
48,2307,120706,64740,13709,16985,20195
48,2308,107893,57499,11901,17600,17607
48,2309,117234,61968,8487,14420,29894
48,2310,109962,65518,12451,17924,25477
48,2311,109396,58848,9226,9482,25141
48,2312,112510,66297,9516,11154,33701
48,2313,116255,78289,7749,14848,46009
48,2314,118362,58219,18465,12940,3842
48,2315,112347,58057,15071,10350,7706
48,2316,105579,50891,15800,12684,5964
48,2317,106366,55609,13919,21599,13872
48,2318,108369,57309,13327,21407,15683
48,2319,113768,58764,17363,16585,10964
48,2320,103716,52648,14448,12670,7283
48,2321,111898,63556,14331,16818,20408
48,2322,112839,67642,7632,14162,40200
48,2400,121418,64005,16452,23733,17800
48,2501,111272,63726,7593,16616,37229
48,2502,120487,71091,14204,26275,24619
48,2503,132035,65662,19260,18019,9877
48,2504,111030,60262,13025,22468,18114
48,2505,108836,60021,10645,20553,26029
48,2506,115082,59370,16641,21274,14017
48,2507,117398,63071,14793,20992,19817
48,2508,109445,52753,15955,12048,4398
48,2509,140439,73080,18157,25157,18131
48,2510,119202,65498,12079,21981,27626
48,2511,119919,64972,11388,23968,26678
48,2512,112108,57382,17234,13771,7397
48,2513,128183,62638,15793,14501,18263
48,2514,129748,68964,16243,21587,24587
48,2515,107492,60146,16302,17239,15787
48,2516,131850,72487,17190,26591,22011
48,2600,193834,96471,34904,29959,14313
48,2700,134435,63108,18085,21620,15541
48,2800,103997,53711,17669,16810,7733
48,2900,115056,56477,17304,18024,12451
48,3000,151290,78484,18768,27220,20188
48,3100,149557,74123,21524,23940,11060
48,3200,114643,57788,17773,15124,8960
48,3301,157311,73509,19197,23407,11821
48,3302,166058,83533,22003,31316,20860
48,3303,128513,60826,18647,18267,8111
48,3304,104160,50080,12415,14168,9130
48,3305,135631,64514,16568,23854,13424
48,3306,139422,72039,12780,20732,29821
48,3400,178848,89708,26833,35096,16197
48,3501,162742,83386,20995,38592,18150
48,3502,163299,80168,24175,27590,19950
48,3601,150023,74359,26462,22821,11384
48,3602,205271,87159,17183,23526,34133
48,3700,161462,80407,26382,26545,11009
48,3801,104457,44771,13455,13425,6928
48,3802,137048,68861,17467,26134,18459
48,3900,179820,93204,36118,27391,12625
48,4000,153279,72729,21305,23831,13776
48,4100,116321,56798,24598,17589,5854
48,4200,138592,71936,27585,25528,11209
48,4301,116525,58272,17545,19505,13582
48,4302,136347,75101,26211,24298,11014
48,4400,114737,60921,21450,18893,7816
48,4501,144658,74362,22970,19644,13057
48,4502,128510,68189,18218,23108,20172
48,4503,113900,62077,7290,15867,37020
48,4504,115518,61975,13430,20867,18707
48,4601,114445,67520,13145,14054,25056
48,4602,111680,61726,16257,13486,8245
48,4603,122491,65792,7925,14790,38327
48,4604,130448,87202,5277,14451,64685
48,4605,118904,58866,18947,15043,4980
48,4606,115766,57549,16307,14047,5334
48,4607,109683,56886,19711,14559,8400
48,4608,102446,47626,14093,7380,1910
48,4609,128866,67593,18527,13394,10874
48,4610,112527,57275,17908,13125,6109
48,4611,108969,60231,17969,14713,10186
48,4612,108145,56921,12726,11998,16374
48,4613,112251,66283,6435,14015,41518
48,4614,106753,60118,14800,11627,12805
48,4615,102292,52454,12727,10664,13408
48,4616,115961,60542,12648,15017,19430
48,4617,116011,58764,18563,17086,10273
48,4618,104297,52336,17641,10394,3945
48,4619,111593,56357,17072,13852,7267
48,4620,111377,59979,12392,23433,17649
48,4621,107451,59586,10451,19909,25353
48,4622,108003,57255,16058,20939,8980
48,4623,110370,55245,15962,20256,7291
48,4624,117337,63850,12022,21068,27591
48,4625,121529,64230,15896,23354,16594
48,4626,130888,68236,20421,21150,9095
48,4627,119748,65453,17430,24299,17489
48,4628,112700,62852,15504,19676,19192
48,4629,118065,65347,11634,21798,27068
48,4630,119923,63161,12715,18089,28141
48,4631,125303,67536,12622,21565,29384
48,4632,125419,67523,13979,21494,25181
48,4633,109885,59212,13331,17768,20977
48,4634,111676,60349,15148,20202,17258
48,4635,111861,62867,11442,20033,25213
48,4636,114244,62869,10551,14711,30665
48,4637,121087,70718,13822,20363,24673
48,4638,105968,56658,14256,14736,10452
48,4701,158472,84537,24637,30676,16083
48,4702,149691,81215,13972,27410,33731
48,4801,113533,62718,9980,17748,31097
48,4802,114976,62177,17955,19791,13290
48,4803,103232,54016,16191,19921,9645
48,4901,110814,59905,12662,18013,22591
48,4902,125083,71228,9184,19050,37436
48,4903,109905,58368,13303,15445,21039
48,4904,140899,76620,11130,22510,36483
48,4905,171630,91638,14020,25322,44451
48,5000,173352,82851,28186,24805,14209
48,5100,157808,81615,27821,25091,13559
48,5201,123011,61347,17585,20040,17764
48,5202,113574,61705,11403,21177,24235
48,5203,110035,64838,9733,20136,32328
48,5204,126972,69428,12729,24723,28285
48,5301,123881,71420,14582,24490,25637
48,5302,109969,67984,13986,17039,25929
48,5303,139247,79822,17857,19922,23509
48,5304,135768,72422,18033,17495,17293
48,5305,112996,65627,4124,12843,47916
48,5306,142686,76363,6735,13776,52355
48,5307,119010,77252,12707,21051,37406
48,5308,120897,73161,6813,16793,47684
48,5309,117191,67088,13462,18986,25866
48,5400,177562,86596,18223,28127,31187
48,5500,142545,72504,26621,21759,12467
48,5600,111765,56236,17705,19379,10242
48,5700,143460,74253,21360,24571,20403
48,5800,119632,62558,15142,20873,20950
48,5901,106635,54218,17167,11930,6163
48,5902,121556,59992,12931,17663,20941
48,5903,117606,59384,21904,16959,5797
48,5904,105568,54315,16120,16703,8374
48,5905,117911,54338,19033,14782,4285
48,5906,123099,60114,21143,15472,4148
48,5907,108333,54537,18878,18221,6681
48,5908,115456,61738,16218,24148,14851
48,5909,114739,61940,15264,24333,17852
48,5910,117797,63528,10566,23017,25515
48,5911,119652,64112,9347,19839,31218
48,5912,108616,60147,13166,23381,20378
48,5913,108177,55611,16163,22669,9804
48,5914,120134,63541,9871,21194,30184
48,5915,110640,58376,6164,15545,35372
48,5916,109583,59144,14041,22374,17918
48,6000,123631,58957,15457,17819,18867
48,6100,133406,66921,22830,20905,11409
48,6200,171252,78553,21314,22423,11498
48,6301,135645,61330,17390,14503,8581
48,6302,127606,59563,13638,16209,13623
48,6400,106423,48406,13469,10715,4997
48,6500,130298,66110,21719,22104,8808
48,6601,121789,64326,18434,23327,13881
48,6602,117818,59755,20245,16965,6005
48,6603,112453,57317,13325,22356,16887
48,6701,126507,57031,13903,12374,9379
48,6702,146398,66010,18299,19872,10449
48,6703,145042,67001,15488,18251,12738
48,6801,107276,46960,12318,11458,5680
48,6802,113387,47552,13230,9827,3988
48,6803,128717,56421,15245,13959,7699
48,6804,112874,52427,11682,13964,13332
48,6805,137177,67186,13336,18879,20938
48,6806,108830,47838,10637,11940,10710
48,6807,110956,50164,12343,8697,3670
48,6900,103278,48173,15734,12945,7550
49,3001,111884,53475,16909,20920,12021
49,5001,168538,76496,14981,25584,30812
49,11001,206254,98554,21702,40510,31763
49,11002,117120,57164,9635,21553,23578
49,13001,139170,67064,19773,27196,13273
49,21001,142572,63588,17811,25762,14140
49,35001,107477,54827,16220,18326,7419
49,35002,117700,67029,8203,17537,37845
49,35003,109100,55021,17869,18218,6647
49,35004,119034,62081,16831,21576,11784
49,35005,152608,80947,13577,26692,35361
49,35006,109015,53539,12048,23402,14904
49,35007,153715,78192,17437,31561,24173
49,35008,104244,55010,10936,19274,21816
49,35009,106097,56419,10319,21607,22545
49,49001,118532,50862,9730,21717,16380
49,49002,165509,71729,11748,28946,25725
49,49003,115416,41126,5493,15501,16171
49,49004,152468,65239,9610,25352,27391
49,53001,148244,63802,15131,27521,16318
49,57001,135011,67624,20705,26104,15113
49,57002,103671,51615,14310,18656,12174
50,100,215081,114438,26935,30621,50455
50,200,148524,79714,26089,21705,26451
50,300,128937,70368,22616,18877,24375
50,400,134062,69864,22790,19513,22764
51,1301,113378,72668,3899,6682,59341
51,1302,110567,75466,6877,10764,51861
51,4101,105523,56439,12608,16794,20487
51,4102,119223,64665,15544,21075,23415
51,4103,103430,55637,11937,17034,24019
51,10701,110368,62781,10182,14324,32655
51,10702,123591,69761,5268,12687,49912
51,10703,117170,63898,9371,14732,36239
51,51010,203377,110219,39568,35377,15314
51,51020,192174,101283,36970,31317,19408
51,51040,180482,83723,22592,24135,29640
51,51044,132063,70715,20945,22455,18233
51,51045,201955,105378,30977,34742,30933
51,51080,162404,82295,31902,20778,20584
51,51084,122807,65332,18767,19146,20387
51,51085,105306,55881,22291,15525,10365
51,51087,170803,89764,28871,26582,25177
51,51089,113263,61432,17993,15798,20595
51,51090,128725,65245,13254,14171,32699
51,51095,123819,64862,21091,20957,16511
51,51096,133170,61773,18116,20014,17399
51,51097,189712,97675,31619,35724,15434
51,51105,187299,94689,34749,28351,15379
51,51110,129173,59663,19144,13768,17734
51,51115,164540,87166,20352,28870,32882
51,51120,181973,97845,31300,29252,28541
51,51125,170133,86596,31947,26900,17461
51,51135,173526,94384,35271,28658,15962
51,51145,148791,80180,22781,27453,21015
51,51154,228845,115375,31359,42546,28710
51,51155,112742,60092,15865,20598,15587
51,51164,143200,77258,14176,27147,31874
51,51165,173274,95974,22505,39826,28507
51,51167,131816,72012,15215,28613,24354
51,51175,181054,94072,25326,36618,23236
51,51186,137081,71821,18754,30165,17528
51,51206,164244,81516,16275,24549,36166
51,51215,194043,105732,29837,32482,35523
51,51224,144774,78814,23212,25256,22446
51,51225,174090,96031,13729,23404,53221
51,51235,213735,118934,26594,29383,44747
51,51244,120811,64565,9523,18605,33921
51,51245,123071,69157,17614,19502,20323
51,51246,249757,138725,31141,42630,50127
51,51255,149315,99254,11267,17968,62269
51,55001,116567,63305,16445,24054,17788
51,55002,114034,62315,15408,21142,21908
51,59301,149503,86139,16132,17880,37428
51,59302,130582,73652,10705,14691,37466
51,59303,158530,84013,9655,16629,53030
51,59304,105981,58693,7422,14365,35179
51,59305,122737,69134,4501,10052,52325
51,59306,106252,61601,8928,13569,34518
51,59307,166509,99217,9605,16621,67385
51,59308,113929,62808,4722,7144,48876
51,59309,111409,67088,8709,15199,40164
53,10100,207100,103685,22772,38862,33518
53,10200,214628,108860,27230,42957,28903
53,10300,113866,56829,16209,17755,12371
53,10400,105500,53613,16834,21189,9211
53,10501,128453,66040,17645,27290,16216
53,10502,119700,62401,13427,22702,22453
53,10503,125226,67213,17035,28891,17348
53,10504,107453,56414,13308,23079,17085
53,10600,104440,45685,10253,15787,14387
53,10701,112906,56346,13871,18629,13513
53,10702,110949,56398,13332,20412,16019
53,10703,107244,53325,12082,20618,12302
53,10800,134274,62745,16020,20404,13844
53,10901,122768,59557,15425,18535,10639
53,10902,124640,57807,17191,15127,7203
53,11000,107578,55125,16387,23001,9554
53,11101,107675,59794,16024,23054,14156
53,11102,112898,59514,13496,24457,17118
53,11103,108411,56675,12323,22157,18453
53,11104,115522,59645,16483,24112,14541
53,11200,127018,64451,19415,27098,10126
53,11300,132210,69529,21433,28980,10590
53,11401,158866,85931,16799,33084,30947
53,11402,103857,56094,14217,22275,16349
53,11501,123943,68879,17678,24097,18917
53,11502,111211,58756,11756,22587,21271
53,11503,113807,57727,13538,25352,14246
53,11504,129121,68233,23719,26033,9551
53,11505,110392,61289,17248,22700,18008
53,11506,125380,66784,19054,27389,16669
53,11507,108098,59460,20740,23693,9924
53,11601,145721,96780,7231,21179,65728
53,11602,125141,64744,5238,14089,43278
53,11603,129294,88090,6912,19973,58258
53,11604,116048,71088,7981,16199,41390
53,11605,136606,83147,12145,22941,38699
53,11606,118833,67740,8960,20943,33327
53,11607,137432,83781,7501,21033,52049
53,11608,138339,80086,7665,15488,53662
53,11609,140577,79156,5723,16217,55945
53,11610,133739,77701,16183,25799,27801
53,11611,128802,71355,19310,24262,16392
53,11612,125243,68097,17481,25572,17331
53,11613,126048,68715,17473,24908,16781
53,11614,111941,60135,18086,22284,13081
53,11615,120390,68220,16360,25093,22535
53,11616,111633,64303,8330,18269,35681
53,11701,116116,65692,13234,23130,24697
53,11702,119860,68065,14240,25748,23074
53,11703,118255,66010,16584,26856,15651
53,11704,123736,70886,11661,23421,33154
53,11705,129389,72890,20222,29212,17167
53,11706,139266,76135,22655,32694,14258
53,11801,126179,65508,12811,25173,25395
53,11802,129262,69542,17605,32561,14885
53,11900,102480,50452,14092,20363,12299
54,100,129983,67822,25208,20465,16376
54,200,150966,79544,30662,22636,17996
54,300,135477,68867,23270,15734,24078
54,400,232710,125501,49353,36143,25877
54,500,127215,65836,31734,14402,10722
54,600,109889,57442,26206,15004,8319
54,700,100036,52971,19963,17971,10572
54,800,165500,84956,30774,25528,18989
54,900,102156,55190,23014,15145,10761
54,1000,199922,107659,39529,29251,28034
54,1100,106289,56175,26115,13559,9386
54,1200,185918,98522,39895,26428,18602
54,1300,105359,58327,26306,14476,4751
55,100,176992,92184,32333,34556,19178
55,101,118063,55062,6008,11942,34122
55,102,190595,106997,21786,37742,42764
55,103,201540,112099,17837,30087,60094
55,200,106013,55295,16546,17769,13807
55,300,148704,80596,21860,27632,26823
55,600,113995,58928,20842,22168,12045
55,700,203483,104324,37186,36987,21816
55,800,146883,73552,26365,26240,16140
55,900,117048,57239,13677,22352,18962
55,1000,119599,64025,21269,23216,15138
55,1001,172892,93456,33845,32821,19245
55,1300,110970,58429,22364,21259,10976
55,1301,101004,53212,19768,18757,10794
55,1400,156566,80741,33882,26878,13168
55,1401,151598,80815,27286,28040,20777
55,1500,180430,97700,30200,33544,29311
55,1501,169004,88392,27056,30214,24933
55,1600,135177,71422,24359,24179,18409
55,1601,191389,98284,34601,34422,22395
55,2400,160727,84451,28515,28861,18263
55,2500,115226,61354,20306,21182,15498
55,10000,167738,89563,27453,31460,23491
55,20000,220194,118249,28514,40346,45191
55,30000,194895,103859,29896,37448,26028
55,40101,110538,59091,5733,12374,39614
55,40301,120184,67792,18336,23443,21210
55,40701,171509,96236,22701,30152,37678
55,41001,109005,53203,16056,20105,9599
55,41002,118549,61296,18703,21382,14118
55,41003,105051,50023,14802,15387,9391
55,41004,103129,51449,16199,11822,6298
55,41005,117974,67290,19920,21285,18563
55,50000,103039,52035,15958,17123,14187
55,55101,132687,67560,26034,23790,11445
55,55102,130277,68004,17958,25743,21469
55,55103,155577,78738,21975,29757,22509
55,70101,115392,62989,14089,20122,27221
55,70201,154807,82329,15109,23791,41580
55,70301,123674,66659,14111,22567,26987
56,100,111245,60070,15415,21673,19775
56,200,104204,55647,17719,22083,11497
56,300,132996,67025,15056,25917,22902
56,400,109851,59487,17509,24554,12758
56,500,121383,64043,21120,24566,13322
72,101,163309,84589,23961,19099,18984
72,102,127616,65189,18853,15881,16294
72,201,133534,65364,19731,14729,16732
72,202,115884,53622,17649,10761,12931
72,301,129694,65281,20930,17187,15044
72,302,135728,69379,18097,17802,16552
72,401,119855,60337,18875,13422,12518
72,402,171944,84532,25832,19202,23056
72,403,137150,69520,22956,15556,17238
72,501,149247,75458,17211,20685,17068
72,502,123408,63830,17307,18255,18285
72,503,113922,59739,14300,16023,17667
72,601,138465,70354,23238,17876,12534
72,602,141467,73325,25082,17025,17666
72,701,122974,61907,21287,15360,12062
72,801,100510,50698,10710,15850,17183
72,802,96777,49277,11445,15467,15639
72,803,120579,63213,12674,13989,28135
72,804,165897,85154,19004,20310,29011
72,805,97015,47265,11274,13301,12652
72,806,108488,56402,9357,13434,27879
72,901,163538,81827,19343,26078,27820
72,902,152348,78781,22371,20345,23459
72,1001,138262,70512,18495,18412,23798
72,1002,165252,87238,25708,22520,23565
72,1101,130743,64824,21457,17395,14502
72,1102,119467,60934,18638,15609,13706
