rn,seq,eid,rev,nodea,nodeb
0,1,134300,True,91809,92349
0,2,134429,True,91913,91809
0,3,134384,True,91880,91913
0,4,134383,True,91879,91880
0,5,135059,True,92349,91879
1,1,134429,False,91809,91913
1,2,134478,True,91948,91809
1,3,134477,True,91914,91948
1,4,134431,False,91913,91914
2,1,134477,False,91948,91914
2,2,134939,True,92272,91948
2,3,134940,True,92273,92272
2,4,134938,True,91914,92273
3,1,134430,False,91914,91882
3,2,134938,False,92273,91914
3,3,135686,True,92773,92273
3,4,134941,True,91882,92773
4,1,134384,False,91913,91880
4,2,134431,True,91914,91913
4,3,134430,True,91882,91914
4,4,134388,False,91880,91882
5,1,134383,False,91880,91879
5,2,134386,True,91881,91880
5,3,134942,True,92275,91881
5,4,134944,True,92276,92275
5,5,134385,True,91879,92276
6,1,134386,False,91880,91881
6,2,134388,True,91882,91880
6,3,134611,True,92045,91882
6,4,134387,True,91881,92045
7,1,134611,False,91882,92045
7,2,134941,False,92773,91882
7,3,135706,True,92046,92773
7,4,134614,False,92045,92046
8,1,134298,False,92044,91807
8,2,134612,True,92045,92044
8,3,134614,True,92046,92045
8,4,134613,True,91807,92046
9,1,134387,False,92045,91881
9,2,134612,False,92044,92045
9,3,134949,False,92278,92044
9,4,134948,False,92275,92278
9,5,134942,False,91881,92275
10,1,134658,False,92772,92076
10,2,135688,False,92273,92772
10,3,134940,False,92272,92273
10,4,134937,False,92076,92272
11,1,134409,True,91897,92076
11,2,134955,True,92282,91897
11,3,135684,True,92772,92282
11,4,134658,True,92076,92772
12,1,134391,False,92771,91883
12,2,135685,True,92772,92771
12,3,135684,False,92282,92772
12,4,134956,False,91883,92282
13,1,135685,False,92771,92772
13,2,135687,True,92773,92771
13,3,135686,False,92273,92773
13,4,135688,True,92772,92273
14,1,134613,False,92046,91807
14,2,135706,False,92773,92046
14,3,135687,False,92771,92773
14,4,135683,False,92051,92771
14,5,134622,False,91807,92051
15,1,134389,False,91884,91883
15,2,134620,True,92051,91884
15,3,135683,True,92771,92051
15,4,134391,True,91883,92771
16,1,134619,False,91807,92050
16,2,134622,True,92051,91807
16,3,134623,True,92052,92051
16,4,134978,True,92296,92052
16,5,134950,True,92279,92296
16,6,134621,True,92050,92279
17,1,134390,False,92053,91884
17,2,134625,True,92052,92053
17,3,134623,False,92051,92052
17,4,134620,False,91884,92051
18,1,134943,True,92274,92278
18,2,134952,True,92280,92274
18,3,135057,True,92348,92280
18,4,134945,True,92276,92348
18,5,134944,False,92275,92276
18,6,134948,True,92278,92275
19,1,134610,False,92277,92044
19,2,134947,True,92274,92277
19,3,134943,False,92278,92274
19,4,134949,True,92044,92278
20,1,134298,True,91807,92044
20,2,134619,True,92050,91807
20,3,134946,True,92277,92050
20,4,134610,True,92044,92277
21,1,134621,False,92279,92050
21,2,134953,True,92281,92279
21,3,134951,True,92277,92281
21,4,134946,False,92050,92277
22,1,134947,False,92277,92274
22,2,134951,False,92281,92277
22,3,134987,True,92302,92281
22,4,134954,True,92280,92302
22,5,134952,False,92274,92280
23,1,134955,False,91897,92282
23,2,135770,False,92774,91897
23,3,135690,False,92283,92774
23,4,134958,False,92282,92283
24,1,135030,False,92283,92330
24,2,135690,True,92774,92283
24,3,135689,False,92338,92774
24,4,135043,False,92330,92338
25,1,134393,True,91885,92330
25,2,135028,True,92328,91885
25,3,134394,True,91886,92328
25,4,134957,True,92283,91886
25,5,135030,True,92330,92283
26,1,134392,False,91883,91886
26,2,134956,True,92282,91883
26,3,134958,True,92283,92282
26,4,134957,False,91886,92283
27,1,134317,True,91825,91886
27,2,134967,True,92289,91825
27,3,134624,True,92053,92289
27,4,134390,True,91884,92053
27,5,134389,True,91883,91884
27,6,134392,True,91886,91883
28,1,134317,False,91886,91825
28,2,134394,False,92328,91886
28,3,135029,False,92288,92328
28,4,134968,False,92289,92288
28,5,134967,False,91825,92289
29,1,134726,False,92286,92124
29,2,135768,True,92826,92286
29,3,134962,True,92285,92826
29,4,134960,False,92284,92285
29,5,134964,True,92287,92284
29,6,134966,True,92288,92287
29,7,134963,True,92124,92288
30,1,134624,False,92289,92053
30,2,134968,True,92288,92289
30,3,134966,False,92287,92288
30,4,134969,True,92290,92287
30,5,134965,True,92053,92290
31,1,134964,False,92284,92287
31,2,134971,True,92292,92284
31,3,134973,True,92293,92292
31,4,134970,True,92290,92293
31,5,134969,False,92287,92290
32,1,134972,True,92291,92292
32,2,134975,True,92294,92291
32,3,134985,True,92301,92294
32,4,134974,True,92293,92301
32,5,134973,False,92292,92293
33,1,134959,False,92295,92284
33,2,134977,True,92294,92295
33,3,134975,False,92291,92294
33,4,134972,False,92292,92291
33,5,134971,False,92284,92292
34,1,134625,False,92053,92052
34,2,134965,False,92290,92053
34,3,134970,False,92293,92290
34,4,134980,True,92298,92293
34,5,134982,True,92299,92298
34,6,134979,True,92296,92299
34,7,134978,False,92052,92296
35,1,134981,True,92297,92298
35,2,134984,True,92300,92297
35,3,134990,True,92304,92300
35,4,134983,True,92299,92304
35,5,134982,False,92298,92299
36,1,134974,False,92301,92293
36,2,135004,True,92313,92301
36,3,134986,True,92300,92313
36,4,134984,False,92297,92300
36,5,134981,False,92298,92297
36,6,134980,False,92293,92298
37,1,134950,False,92296,92279
37,2,134992,True,92305,92296
37,3,134994,True,92306,92305
37,4,134988,True,92302,92306
37,5,134987,False,92281,92302
37,6,134953,False,92279,92281
38,1,134979,False,92299,92296
38,2,134983,False,92304,92299
38,3,135002,True,92311,92304
38,4,134991,True,92303,92311
38,5,134993,True,92305,92303
38,6,134992,False,92296,92305
39,1,134667,False,92307,92080
39,2,134997,True,92308,92307
39,3,135758,True,92819,92308
39,4,134996,True,92306,92819
39,5,134994,False,92305,92306
39,6,134993,False,92303,92305
39,7,134989,False,92080,92303
40,1,134666,False,92309,92081
40,2,135067,True,92355,92309
40,3,135053,True,92345,92355
40,4,135054,True,92346,92345
40,5,134999,True,92308,92346
40,6,134997,False,92307,92308
40,7,134995,False,92081,92307
41,1,134999,False,92346,92308
41,2,135058,False,92348,92346
41,3,135057,False,92280,92348
41,4,135759,True,92819,92280
41,5,135758,False,92308,92819
42,1,134954,False,92302,92280
42,2,134988,False,92306,92302
42,3,134996,False,92819,92306
42,4,135759,False,92280,92819
43,1,134665,False,92081,92080
43,2,134995,True,92307,92081
43,3,134667,True,92080,92307
44,1,134432,True,91915,92303
44,2,134998,True,92309,91915
44,3,134666,True,92081,92309
44,4,134665,True,92080,92081
44,5,134989,True,92303,92080
45,1,134404,False,92422,91893
45,2,135167,False,92421,92422
45,3,135165,False,92354,92421
45,4,135068,False,92355,92354
45,5,135067,False,92309,92355
45,6,134998,False,91915,92309
45,7,134432,False,92303,91915
45,8,134991,False,92311,92303
45,9,135003,False,92823,92311
45,10,135766,False,92824,92823
45,11,135765,False,92314,92824
45,12,135007,False,92897,92314
45,13,135875,False,92898,92897
45,14,135874,False,92310,92898
45,15,135000,False,91893,92310
46,1,134986,False,92313,92300
46,2,135005,True,92312,92313
46,3,135764,True,92823,92312
46,4,135003,True,92311,92823
46,5,135002,False,92304,92311
46,6,134990,False,92300,92304
47,1,134985,False,92294,92301
47,2,135873,True,92897,92294
47,3,135007,True,92314,92897
47,4,135765,True,92824,92314
47,5,135006,True,92301,92824
48,1,135004,False,92301,92313
48,2,135006,False,92824,92301
48,3,135766,True,92823,92824
48,4,135764,False,92312,92823
48,5,135005,False,92313,92312
49,1,134977,False,92295,92294
49,2,135001,False,92898,92295
49,3,135875,True,92897,92898
49,4,135873,False,92294,92897
50,1,134436,False,92310,91918
50,2,135874,True,92898,92310
50,3,135001,True,92295,92898
50,4,134976,False,91918,92295
51,1,134395,True,91887,91900
51,2,134572,True,92017,91887
51,3,134401,True,91892,92017
51,4,134403,True,91893,91892
51,5,135000,True,92310,91893
51,6,134436,True,91918,92310
51,7,134410,True,91899,91918
51,8,134412,True,91900,91899
52,1,134401,False,92017,91892
52,2,134574,False,92801,92017
52,3,135731,True,92800,92801
52,4,135729,False,91892,92800
53,1,134575,False,92917,92019
53,2,135901,True,92919,92917
53,3,135900,True,92918,92919
53,4,135899,True,92916,92918
53,5,135897,False,92182,92916
53,6,134808,False,92800,92182
53,7,135731,False,92801,92800
53,8,135730,False,92019,92801
54,1,134395,False,91900,91887
54,2,134413,False,91898,91900
54,3,134411,False,91917,91898
54,4,134435,False,92018,91917
54,5,135898,True,92917,92018
54,6,134575,True,92019,92917
54,7,135730,True,92801,92019
54,8,134574,True,92017,92801
54,9,134572,False,91887,92017
55,1,134411,True,91898,91917
55,2,134413,True,91900,91898
55,3,134412,False,91899,91900
55,4,134437,True,91919,91899
55,5,135767,True,92825,91919
55,6,134433,True,91917,92825
56,1,134410,False,91918,91899
56,2,134976,True,92295,91918
56,3,134959,True,92284,92295
56,4,134960,True,92285,92284
56,5,134438,True,91919,92285
56,6,134437,False,91899,91919
57,1,134438,False,92285,91919
57,2,134962,False,92826,92285
57,3,135769,True,92825,92826
57,4,135767,False,91919,92825
58,1,134433,False,92825,91917
58,2,135769,False,92826,92825
58,3,135768,False,92286,92826
58,4,134961,False,91917,92286
59,1,134434,True,91916,92125
59,2,134573,True,92018,91916
59,3,134435,True,91917,92018
59,4,134961,True,92286,91917
59,5,134726,True,92124,92286
59,6,134728,True,92125,92124
60,1,134573,False,91916,92018
60,2,135016,False,92921,91916
60,3,135904,True,92920,92921
60,4,135902,True,92919,92920
60,5,135901,False,92917,92919
60,6,135898,False,92018,92917
61,1,135009,False,92916,92315
61,2,135899,False,92918,92916
61,3,135900,False,92919,92918
61,4,135902,False,92920,92919
61,5,135904,False,92921,92920
61,6,135903,False,92319,92921
61,7,135015,False,92922,92319
61,8,135906,True,92923,92922
61,9,135907,True,92315,92923
62,1,134630,False,92183,92056
62,2,134810,False,92182,92183
62,3,135897,True,92916,92182
62,4,135009,True,92315,92916
62,5,135010,True,92316,92315
62,6,135008,True,92056,92316
63,1,134816,False,92317,92188
63,2,135012,True,92316,92317
63,3,135010,False,92315,92316
63,4,135908,True,92924,92315
63,5,135123,True,92393,92924
63,6,135013,True,92188,92393
64,1,134582,False,92892,92025
64,2,135866,False,92056,92892
64,3,135008,False,92316,92056
64,4,135012,False,92317,92316
64,5,135011,False,92025,92317
65,1,135014,False,92320,92318
65,2,135019,False,92321,92320
65,3,135018,False,92322,92321
65,4,135021,False,92325,92322
65,5,135025,False,92392,92325
65,6,135124,False,92393,92392
65,7,135123,False,92924,92393
65,8,135908,False,92315,92924
65,9,135907,False,92923,92315
65,10,135906,False,92922,92923
65,11,135905,False,92318,92922
66,1,135014,True,92318,92320
66,2,135905,True,92922,92318
66,3,135015,True,92319,92922
66,4,135017,True,92320,92319
67,1,134434,False,92125,91916
67,2,134729,False,92321,92125
67,3,135019,True,92320,92321
67,4,135017,False,92319,92320
67,5,135903,True,92921,92319
67,6,135016,True,91916,92921
68,1,134727,True,92123,92324
68,2,135020,True,92322,92123
68,3,135018,True,92321,92322
68,4,134729,True,92125,92321
68,5,134728,False,92124,92125
68,6,135032,True,92331,92124
68,7,135022,True,92324,92331
69,1,134727,False,92324,92123
69,2,135746,True,92812,92324
69,3,135026,True,92327,92812
69,4,135023,True,92323,92327
69,5,135024,True,92325,92323
69,6,135021,True,92322,92325
69,7,135020,False,92123,92322
70,1,135023,False,92327,92323
70,2,135126,True,92395,92327
70,3,135027,True,92326,92395
70,4,135122,True,92392,92326
70,5,135025,True,92325,92392
70,6,135024,False,92323,92325
71,1,135026,False,92812,92327
71,2,135747,False,92810,92812
71,3,135745,False,92872,92810
71,4,135837,False,92873,92872
71,5,135839,False,92875,92873
71,6,135843,False,92394,92875
71,7,135127,False,92395,92394
71,8,135126,False,92327,92395
72,1,135037,False,92874,92334
72,2,135840,True,92875,92874
72,3,135839,True,92873,92875
72,4,135837,True,92872,92873
72,5,135836,False,92811,92872
72,6,135744,False,92334,92811
73,1,135022,False,92331,92324
73,2,135033,False,92329,92331
73,3,135031,False,92811,92329
73,4,135836,True,92872,92811
73,5,135745,True,92810,92872
73,6,135747,True,92812,92810
73,7,135746,False,92324,92812
74,1,134393,False,92330,91885
74,2,135043,True,92338,92330
74,3,135044,True,92339,92338
74,4,135034,True,92333,92339
74,5,135036,True,92334,92333
74,6,135744,True,92811,92334
74,7,135031,True,92329,92811
74,8,135033,True,92331,92329
74,9,135032,False,92124,92331
74,10,134963,False,92288,92124
74,11,135029,True,92328,92288
74,12,135028,False,91885,92328
75,1,135035,True,92332,92876
75,2,135838,True,92874,92332
75,3,135037,True,92334,92874
75,4,135036,False,92333,92334
75,5,135844,True,92877,92333
75,6,135841,True,92876,92877
76,1,135035,False,92876,92332
76,2,135842,True,92407,92876
76,3,135144,False,92394,92407
76,4,135843,True,92875,92394
76,5,135840,False,92874,92875
76,6,135838,False,92332,92874
77,1,134321,False,92879,91828
77,2,135847,True,92878,92879
77,3,135845,False,92408,92878
77,4,135146,False,92407,92408
77,5,135842,False,92876,92407
77,6,135841,False,92877,92876
77,7,135848,True,91828,92877
78,1,134409,False,92076,91897
78,2,134661,False,92077,92076
78,3,134660,False,91901,92077
78,4,135751,True,92814,91901
78,5,135750,False,92341,92814
78,6,135048,False,92813,92341
78,7,135749,True,91897,92813
79,1,134301,True,91810,92781
79,2,135852,True,92882,91810
79,3,135775,True,92829,92882
79,4,135697,True,92780,92829
79,5,135699,True,92781,92780
80,1,135748,False,92774,92813
80,2,135770,True,91897,92774
80,3,135749,False,92813,91897
81,1,134414,False,92881,91901
81,2,135851,True,92880,92881
81,3,135849,False,92083,92880
81,4,134670,False,92788,92083
81,5,135715,False,92790,92788
81,6,135776,False,92829,92790
81,7,135775,False,92882,92829
81,8,135876,True,92899,92882
81,9,135854,True,92883,92899
81,10,135853,True,91901,92883
82,1,134414,True,91901,92881
82,2,134660,True,92077,91901
82,3,134657,True,92075,92077
82,4,135850,True,92881,92075
83,1,134657,False,92077,92075
83,2,134661,True,92076,92077
83,3,134937,True,92272,92076
83,4,134659,True,92075,92272
84,1,134478,False,91809,91948
84,2,135039,True,92335,91809
84,3,135038,False,92336,92335
84,4,135041,True,92075,92336
84,5,134659,False,92272,92075
84,6,134939,False,91948,92272
85,1,134300,False,92349,91809
85,2,135061,False,92885,92349
85,3,135857,True,92884,92885
85,4,135855,False,92789,92884
85,5,135713,False,92787,92789
85,6,135710,False,92335,92787
85,7,135039,False,91809,92335
86,1,135700,False,92779,92781
86,2,135774,True,92828,92779
86,3,135773,False,92827,92828
86,4,135772,True,92781,92827
87,1,134301,False,92781,91810
87,2,135772,False,92827,92781
87,3,135771,False,91827,92827
87,4,134319,False,92900,91827
87,5,135878,True,92899,92900
87,6,135876,False,92882,92899
87,7,135852,False,91810,92882
88,1,135751,False,91901,92814
88,2,135853,False,92883,91901
88,3,135854,False,92899,92883
88,4,135878,False,92900,92899
88,5,135877,False,92814,92900
89,1,134302,True,91811,91827
89,2,134318,True,91826,91811
89,3,135047,True,92341,91826
89,4,135750,True,92814,92341
89,5,135877,True,92900,92814
89,6,134319,True,91827,92900
90,1,134668,False,92787,92082
90,2,135713,True,92789,92787
90,3,135712,False,92790,92789
90,4,135715,True,92788,92790
90,5,135711,False,92082,92788
91,1,134669,False,92880,91829
91,2,135851,False,92881,92880
91,3,135850,False,92075,92881
91,4,135041,False,92336,92075
91,5,135040,False,91829,92336
92,1,135042,True,92337,92831
92,2,135714,True,92790,92337
92,3,135712,True,92789,92790
92,4,135855,True,92884,92789
92,5,135861,True,92888,92884
92,6,135778,True,92831,92888
93,1,135042,False,92831,92337
93,2,135779,True,92830,92831
93,3,135777,False,92780,92830
93,4,135697,False,92829,92780
93,5,135776,True,92790,92829
93,6,135714,False,92337,92790
94,1,135778,False,92888,92831
94,2,135863,False,92889,92888
94,3,135862,False,92830,92889
94,4,135779,False,92831,92830
95,1,135698,True,92779,92889
95,2,135700,True,92781,92779
95,3,135699,False,92780,92781
95,4,135777,True,92830,92780
95,5,135862,True,92889,92830
96,1,134320,False,92340,91826
96,2,135046,True,92339,92340
96,3,135044,False,92338,92339
96,4,135689,True,92774,92338
96,5,135748,True,92813,92774
96,6,135048,True,92341,92813
96,7,135047,False,91826,92341
97,1,135034,False,92339,92333
97,2,135046,False,92340,92339
97,3,135045,False,91828,92340
97,4,135848,False,92877,91828
97,5,135844,False,92333,92877
98,1,134302,False,91827,91811
98,2,135771,True,92827,91827
98,3,135773,True,92828,92827
98,4,135846,True,92879,92828
98,5,134321,True,91828,92879
98,6,135045,True,92340,91828
98,7,134320,True,91826,92340
98,8,134318,False,91811,91826
99,1,134322,True,91829,92082
99,2,135040,True,92336,91829
99,3,135038,True,92335,92336
99,4,135710,True,92787,92335
99,5,134668,True,92082,92787
100,1,134322,False,92082,91829
100,2,135711,True,92788,92082
100,3,134670,True,92083,92788
100,4,135849,True,92880,92083
100,5,134669,True,91829,92880
101,1,135063,False,92707,92352
101,2,135589,False,92708,92707
101,3,135588,False,92351,92708
101,4,135064,False,92352,92351
102,1,134732,False,92342,92128
102,2,135587,True,92707,92342
102,3,135063,True,92352,92707
102,4,135052,True,92344,92352
102,5,135051,True,92343,92344
102,6,135050,False,92128,92343
103,1,134385,False,92276,91879
103,2,134945,False,92348,92276
103,3,135058,True,92346,92348
103,4,135054,False,92345,92346
103,5,135056,True,92347,92345
103,6,135055,False,92343,92347
103,7,135051,False,92344,92343
103,8,135052,False,92352,92344
103,9,135064,True,92351,92352
103,10,135062,False,92350,92351
103,11,135856,True,92885,92350
103,12,135061,True,92349,92885
103,13,135059,False,91879,92349
104,1,134539,False,92128,91993
104,2,135050,True,92343,92128
104,3,135055,True,92347,92343
104,4,134733,True,92127,92347
104,5,134894,True,92242,92127
104,6,134731,True,92126,92242
104,7,134730,False,91993,92126
105,1,134733,False,92347,92127
105,2,135056,False,92345,92347
105,3,135053,False,92355,92345
105,4,135068,True,92354,92355
105,5,135165,True,92421,92354
105,6,135162,True,92419,92421
105,7,135066,True,92353,92419
105,8,135065,False,92241,92353
105,9,134895,False,92242,92241
105,10,134894,False,92127,92242
106,1,134402,True,91891,92357
106,2,135072,True,92358,91891
106,3,135166,True,92422,92358
106,4,134404,True,91893,92422
106,5,134403,False,91892,91893
106,6,135729,True,92800,91892
106,7,134808,True,92182,92800
106,8,134565,True,92013,92182
106,9,134567,True,92014,92013
106,10,135070,True,92357,92014
107,1,134565,False,92182,92013
107,2,134810,True,92183,92182
107,3,134809,False,92022,92183
107,4,134581,False,92023,92022
107,5,134580,False,92013,92023
108,1,134626,False,92022,92054
108,2,134809,True,92183,92022
108,3,134630,True,92056,92183
108,4,134629,False,92055,92056
108,5,134628,True,92054,92055
109,1,134323,True,91830,92366
109,2,134577,True,92021,91830
109,3,134579,True,92022,92021
109,4,134626,True,92054,92022
109,5,135128,True,92396,92054
109,6,135084,True,92366,92396
110,1,134566,True,92012,92023
110,2,134576,True,92020,92012
110,3,134568,True,92014,92020
110,4,134567,False,92013,92014
110,5,134580,True,92023,92013
111,1,134566,False,92023,92012
111,2,134581,True,92022,92023
111,3,134579,False,92021,92022
111,4,134578,True,92020,92021
111,5,134576,False,92012,92020
112,1,135069,True,92356,92360
112,2,135085,True,92367,92356
112,3,135073,True,92359,92367
112,4,135075,True,92360,92359
113,1,134568,False,92020,92014
113,2,134578,False,92021,92020
113,3,134577,False,91830,92021
113,4,135076,True,92361,91830
113,5,135071,True,92357,92361
113,6,135070,False,92014,92357
114,1,134402,False,92357,91891
114,2,135071,False,92361,92357
114,3,135078,True,92362,92361
114,4,135077,True,92360,92362
114,5,135075,False,92359,92360
114,6,135074,True,92358,92359
114,7,135072,False,91891,92358
115,1,134316,False,92363,91824
115,2,135782,True,92833,92363
115,3,135082,True,92365,92833
115,4,135081,False,92024,92365
115,5,135149,True,92411,92024
115,6,135083,True,92364,92411
115,7,135133,True,92400,92364
115,8,135080,True,91824,92400
116,1,134316,True,91824,92363
116,2,135135,True,92402,91824
116,3,135139,True,92404,92402
116,4,134329,True,91835,92404
116,5,134328,True,91834,91835
116,6,135079,True,92363,91834
117,1,134323,False,92366,91830
117,2,135138,True,92403,92366
117,3,135131,True,92398,92403
117,4,135132,True,92399,92398
117,5,135087,True,92368,92399
117,6,135147,True,92409,92368
117,7,135086,True,92367,92409
117,8,135085,False,92356,92367
117,9,135069,False,92360,92356
117,10,135077,False,92362,92360
117,11,135078,False,92361,92362
117,12,135076,False,91830,92361
118,1,134396,False,91820,91888
118,2,134400,True,91890,91820
118,3,134399,False,91889,91890
118,4,135145,True,92408,91889
118,5,135845,True,92878,92408
118,6,134518,True,91978,92878
118,7,134398,True,91888,91978
119,1,134325,True,91831,91832
119,2,135092,True,92372,91831
119,3,134397,True,91889,92372
119,4,134399,True,91890,91889
119,5,134327,True,91833,91890
119,6,134326,False,91832,91833
120,1,134734,False,92371,92129
120,2,135091,True,92370,92371
120,3,135089,False,92369,92370
120,4,135093,True,92372,92369
120,5,135094,True,92129,92372
121,1,135096,True,92373,92375
121,2,135106,True,92381,92373
121,3,135120,True,92391,92381
121,4,135125,True,92394,92391
121,5,135144,True,92407,92394
121,6,135097,True,92374,92407
121,7,135098,True,92375,92374
122,1,135095,False,92377,92374
122,2,135154,True,92414,92377
122,3,135101,True,92376,92414
122,4,135102,True,92379,92376
122,5,135104,True,92380,92379
122,6,135099,True,92375,92380
122,7,135098,False,92374,92375
123,1,135103,True,92378,92379
123,2,135114,True,92387,92378
123,3,135109,True,92383,92387
123,4,135105,True,92380,92383
123,5,135104,False,92379,92380
124,1,134359,False,92382,91859
124,2,135108,True,92381,92382
124,3,135106,False,92373,92381
124,4,135096,False,92375,92373
124,5,135099,False,92380,92375
124,6,135105,False,92383,92380
124,7,135111,True,92384,92383
124,8,135110,False,91859,92384
125,1,135109,False,92387,92383
125,2,135115,True,92386,92387
125,3,135148,True,92410,92386
125,4,135118,True,92390,92410
125,5,135113,True,92385,92390
125,6,135112,False,92384,92385
125,7,135111,False,92383,92384
126,1,134359,True,91859,92382
126,2,135110,True,92384,91859
126,3,135112,True,92385,92384
126,4,135107,True,92382,92385
127,1,135107,False,92385,92382
127,2,135113,False,92390,92385
127,3,135119,True,92389,92390
127,4,135117,False,92388,92389
127,5,135121,True,92391,92388
127,6,135120,False,92381,92391
127,7,135108,False,92382,92381
128,1,134817,False,92188,92187
128,2,135013,False,92393,92188
128,3,135124,True,92392,92393
128,4,135122,False,92326,92392
128,5,135027,False,92395,92326
128,6,135127,True,92394,92395
128,7,135125,False,92391,92394
128,8,135121,False,92388,92391
128,9,135116,False,92187,92388
129,1,134328,False,91835,91834
129,2,134480,True,91950,91835
129,3,134366,True,91866,91950
129,4,134368,True,91867,91866
129,5,134330,True,91834,91867
130,1,134366,False,91950,91866
130,2,135129,True,92397,91950
130,3,134481,True,91949,92397
130,4,134479,False,91866,91949
131,1,134481,False,92397,91949
131,2,135130,True,92396,92397
131,3,135128,False,92054,92396
131,4,134628,False,92055,92054
131,5,134627,False,91949,92055
132,1,135080,False,92400,91824
132,2,135137,True,92401,92400
132,3,135134,True,92399,92401
132,4,135132,False,92398,92399
132,5,135136,True,92402,92398
132,6,135135,False,91824,92402
133,1,135131,False,92403,92398
133,2,135140,True,92404,92403
133,3,135139,False,92402,92404
133,4,135136,False,92398,92402
134,1,134329,False,92404,91835
134,2,135140,False,92403,92404
134,3,135138,False,92366,92403
134,4,135084,False,92396,92366
134,5,135130,False,92397,92396
134,6,135129,False,91950,92397
134,7,134480,False,91835,91950
135,1,134330,False,91867,91834
135,2,134369,False,91865,91867
135,3,134367,False,92026,91865
135,4,134585,False,92365,92026
135,5,135082,False,92833,92365
135,6,135782,False,92363,92833
135,7,135079,False,91834,92363
136,1,134367,True,91865,92026
136,2,134369,True,91867,91865
136,3,134368,False,91866,91867
136,4,134479,True,91949,91866
136,5,134627,True,92055,91949
136,6,134629,True,92056,92055
136,7,135866,True,92892,92056
136,8,134582,True,92025,92892
136,9,134584,True,92026,92025
137,1,134583,True,92024,92074
137,2,135081,True,92365,92024
137,3,134585,True,92026,92365
137,4,134584,False,92025,92026
137,5,135011,True,92317,92025
137,6,134816,True,92188,92317
137,7,134655,True,92074,92188
138,1,134377,False,92389,91874
138,2,135119,False,92390,92389
138,3,135118,False,92410,92390
138,4,135150,False,92886,92410
138,5,135859,True,92189,92886
138,6,134820,False,92190,92189
138,7,134819,False,91874,92190
139,1,134583,False,92074,92024
139,2,134818,True,92189,92074
139,3,134656,True,92073,92189
139,4,134654,True,92024,92073
140,1,134654,False,92073,92024
140,2,134656,False,92189,92073
140,3,135859,False,92886,92189
140,4,135858,False,92887,92886
140,5,135860,False,92411,92887
140,6,135149,False,92024,92411
141,1,134325,False,91832,91831
141,2,134461,False,92130,91832
141,3,134736,False,92129,92130
141,4,135094,False,92372,92129
141,5,135092,False,91831,92372
142,1,134364,False,92129,91863
142,2,134736,True,92130,92129
142,3,134735,False,92132,92130
142,4,134739,True,92131,92132
142,5,135156,True,92416,92131
142,6,134737,True,91863,92416
143,1,134364,True,91863,92129
143,2,135797,True,92844,91863
143,3,135090,True,92371,92844
143,4,134734,True,92129,92371
144,1,134737,False,92416,91863
144,2,135157,False,92845,92416
144,3,135799,False,92844,92845
144,4,135797,False,91863,92844
145,1,134377,True,91874,92389
145,2,134819,True,92190,91874
145,3,134815,True,92187,92190
145,4,135116,True,92388,92187
145,5,135117,True,92389,92388
146,1,134655,False,92188,92074
146,2,134817,True,92187,92188
146,3,134815,False,92190,92187
146,4,134820,True,92189,92190
146,5,134818,False,92074,92189
147,1,134689,False,92370,92097
147,2,135091,False,92371,92370
147,3,135090,False,92844,92371
147,4,135799,True,92845,92844
147,5,135798,False,92414,92845
147,6,135154,False,92377,92414
147,7,135100,False,92097,92377
148,1,134689,True,92097,92370
148,2,135100,True,92377,92097
148,3,135095,True,92374,92377
148,4,135088,True,92369,92374
148,5,135089,True,92370,92369
149,1,134397,False,92372,91889
149,2,135093,False,92369,92372
149,3,135088,False,92374,92369
149,4,135097,False,92407,92374
149,5,135146,True,92408,92407
149,6,135145,False,91889,92408
150,1,134518,False,92878,91978
150,2,135847,False,92879,92878
150,3,135846,False,92828,92879
150,4,135774,False,92779,92828
150,5,135698,False,92889,92779
150,6,135863,True,92888,92889
150,7,135861,False,92884,92888
150,8,135857,False,92885,92884
150,9,135856,False,92350,92885
150,10,135060,False,92234,92350
150,11,134883,False,91978,92234
151,1,135083,False,92411,92364
151,2,135860,True,92887,92411
151,3,135858,True,92886,92887
151,4,135150,True,92410,92886
151,5,135148,False,92386,92410
151,6,135115,False,92387,92386
151,7,135114,False,92378,92387
151,8,135103,False,92379,92378
151,9,135102,False,92376,92379
151,10,135101,False,92414,92376
151,11,135798,True,92845,92414
151,12,135157,True,92416,92845
151,13,135156,False,92131,92416
151,14,135153,True,92413,92131
151,15,135158,True,92415,92413
151,16,135155,False,92412,92415
151,17,135664,True,92759,92412
151,18,135163,True,92420,92759
151,19,135152,True,92409,92420
151,20,135147,False,92368,92409
151,21,135087,False,92399,92368
151,22,135134,False,92401,92399
151,23,135137,False,92400,92401
151,24,135133,False,92364,92400
152,1,135073,False,92367,92359
152,2,135086,False,92409,92367
152,3,135152,False,92420,92409
152,4,135667,True,92761,92420
152,5,135646,True,92747,92761
152,6,135643,True,92745,92747
152,7,135164,True,92419,92745
152,8,135162,False,92421,92419
152,9,135167,True,92422,92421
152,10,135166,False,92358,92422
152,11,135074,False,92359,92358
153,1,7171,False,5151,5141
153,2,7185,False,5149,5151
153,3,7182,False,91836,5149
153,4,134813,True,92186,91836
153,5,134716,True,92116,92186
153,6,134445,True,91925,92116
153,7,134444,True,91924,91925
153,8,135630,True,92736,91924
153,9,134333,True,91837,92736
153,10,134332,False,5141,91837
154,1,134334,True,91838,91905
154,2,134416,True,91903,91838
154,3,134452,True,91930,91903
154,4,134454,True,91931,91930
154,5,134634,True,92059,91931
154,6,134418,True,91905,92059
155,1,134334,False,91905,91838
155,2,134419,True,91904,91905
155,3,134447,True,91926,91904
155,4,134556,True,92006,91926
155,5,134417,True,91903,92006
155,6,134416,False,91838,91903
156,1,134418,False,92059,91905
156,2,134636,False,92423,92059
156,3,135170,False,92424,92423
156,4,135169,False,91928,92424
156,5,134451,False,91904,91928
156,6,134419,False,91905,91904
157,1,134455,False,92057,91931
157,2,134671,True,92084,92057
157,3,134633,True,92058,92084
157,4,134632,False,92060,92058
157,5,135168,True,92423,92060
157,6,134636,True,92059,92423
157,7,134634,False,91931,92059
158,1,134453,True,91929,91930
158,2,135159,True,92417,91929
158,3,134672,True,92085,92417
158,4,134631,True,92057,92085
158,5,134455,True,91931,92057
158,6,134454,False,91930,91931
159,1,134631,False,92085,92057
159,2,134822,True,92192,92085
159,3,134824,True,92193,92192
159,4,135670,True,92763,92193
159,5,134673,True,92084,92763
159,6,134671,False,92057,92084
160,1,134672,False,92417,92085
160,2,135161,False,92418,92417
160,3,135160,False,92191,92418
160,4,134823,False,92192,92191
160,5,134822,False,92085,92192
161,1,134417,False,92006,91903
161,2,134557,False,92418,92006
161,3,135161,True,92417,92418
161,4,135159,False,91929,92417
161,5,134453,False,91930,91929
161,6,134452,False,91903,91930
162,1,134447,False,91904,91926
162,2,134451,True,91928,91904
162,3,134450,True,91927,91928
162,4,134448,True,91926,91927
163,1,134561,False,92424,92009
163,2,135170,True,92423,92424
163,3,135168,False,92060,92423
163,4,134635,False,92009,92060
164,1,134365,True,91864,92009
164,2,134449,True,91928,91864
164,3,135169,True,92424,91928
164,4,134561,True,92009,92424
165,1,134821,False,92194,92191
165,2,135175,True,92428,92194
165,3,134826,True,92193,92428
165,4,134824,False,92192,92193
165,5,134823,True,92191,92192
166,1,134336,False,91963,91840
166,2,134499,False,91959,91963
166,3,134494,False,92005,91959
166,4,134663,True,92079,92005
166,5,134825,True,92194,92079
166,6,134821,True,92191,92194
166,7,135160,True,92418,92191
166,8,134557,True,92006,92418
166,9,134556,False,91926,92006
166,10,134448,False,91927,91926
166,11,134450,False,91928,91927
166,12,134449,False,91864,91928
166,13,134365,False,92009,91864
166,14,134635,True,92060,92009
166,15,134632,True,92058,92060
166,16,135228,True,92464,92058
166,17,134562,True,92007,92464
166,18,134558,False,91967,92007
166,19,134503,False,92008,91967
166,20,134698,True,92104,92008
166,21,135735,True,92805,92104
166,22,134560,True,92004,92805
166,23,134554,False,91840,92004
167,1,134633,False,92084,92058
167,2,134673,False,92763,92084
167,3,135670,False,92193,92763
167,4,134826,False,92428,92193
167,5,135176,False,92427,92428
167,6,135174,False,92210,92427
167,7,134848,False,92207,92210
167,8,134844,False,92156,92207
167,9,134775,False,92463,92156
167,10,135229,False,92464,92463
167,11,135228,False,92058,92464
168,1,134664,False,92427,92079
168,2,135176,True,92428,92427
168,3,135175,False,92194,92428
168,4,134825,False,92079,92194
169,1,134555,False,92078,92005
169,2,134847,True,92210,92078
169,3,135174,True,92427,92210
169,4,134664,True,92079,92427
169,5,134663,False,92005,92079
170,1,134827,False,92431,92195
170,2,135183,True,92433,92431
170,3,135631,True,92737,92433
170,4,135182,True,92430,92737
170,5,135178,False,92429,92430
170,6,135181,True,92432,92429
170,7,135180,False,92195,92432
171,1,135203,True,92447,92577
171,2,135412,True,92588,92447
171,3,135394,True,92576,92588
171,4,135396,True,92577,92576
172,1,134827,True,92195,92431
172,2,135180,True,92432,92195
172,3,135151,True,92412,92432
172,4,135155,True,92415,92412
172,5,135179,True,92431,92415
173,1,134482,True,91951,92448
173,2,135812,True,92855,91951
173,3,135204,True,92448,92855
174,1,135204,False,92855,92448
174,2,135814,False,92856,92855
174,3,135813,False,92901,92856
174,4,135880,False,92448,92901
175,1,134482,False,92448,91951
175,2,135880,True,92901,92448
175,3,135813,True,92856,92901
175,4,135205,True,92449,92856
175,5,135206,True,91951,92449
176,1,7177,False,91837,5145
176,2,134333,False,92736,91837
176,3,135632,False,92737,92736
176,4,135631,False,92433,92737
176,5,135183,False,92431,92433
176,6,135179,False,92415,92431
176,7,135158,False,92413,92415
176,8,135679,False,92768,92413
176,9,135678,False,92767,92768
176,10,135676,False,92590,92767
176,11,135415,False,92588,92590
176,12,135412,False,92447,92588
176,13,135203,False,92577,92447
176,14,135398,False,92578,92577
176,15,135397,False,5145,92578
176,16,135205,False,92856,92449
176,17,135814,True,92855,92856
176,18,135812,False,91951,92855
176,19,135206,False,92449,91951
177,1,39298,False,92063,26815
177,2,134642,False,92099,92063
177,3,134693,True,92100,92099
177,4,134692,True,92098,92100
177,5,134690,False,26815,92098
178,1,39295,False,92064,26813
178,2,134691,True,92099,92064
178,3,134642,True,92063,92099
178,4,134640,False,26813,92063
179,1,39292,False,91996,26811
179,2,134543,False,92101,91996
179,3,135640,True,92743,92101
179,4,135891,True,92911,92743
179,5,135327,True,92531,92911
179,6,135329,True,92532,92531
179,7,134695,True,92100,92532
179,8,134693,False,92099,92100
179,9,134691,False,92064,92099
179,10,134641,False,26811,92064
180,1,134742,False,92437,92136
180,2,135192,True,92440,92437
180,3,135189,True,92436,92440
180,4,135186,False,92435,92436
180,5,135190,True,92438,92435
180,6,135188,True,92434,92438
180,7,135184,False,92136,92434
181,1,134696,True,92102,92141
181,2,134748,True,92140,92102
181,3,135185,True,92435,92140
181,4,135186,True,92436,92435
181,5,135191,True,92439,92436
181,6,134749,True,92141,92439
182,1,135189,False,92440,92436
182,2,135193,True,92439,92440
182,3,135191,False,92436,92439
183,1,134740,False,92139,92133
183,2,134751,False,92141,92139
183,3,134749,False,92439,92141
183,4,135193,False,92440,92439
183,5,135192,False,92437,92440
183,6,135187,False,92134,92437
183,7,134741,False,92442,92134
183,8,135196,True,92441,92442
183,9,135194,False,92133,92441
184,1,134746,False,92441,92138
184,2,135196,False,92442,92441
184,3,135195,False,92462,92442
184,4,135226,False,92138,92462
185,1,134740,True,92133,92139
185,2,135194,True,92441,92133
185,3,134746,True,92138,92441
185,4,134747,True,92139,92138
186,1,134741,True,92134,92442
186,2,135187,True,92437,92134
186,3,134742,True,92136,92437
186,4,134744,True,92137,92136
186,5,135225,True,92462,92137
186,6,135195,True,92442,92462
187,1,134743,True,92135,92434
187,2,134745,True,92137,92135
187,3,134744,False,92136,92137
187,4,135184,True,92434,92136
188,1,134643,False,92459,92065
188,2,135221,True,92458,92459
188,3,135219,False,92455,92458
188,4,135215,True,92454,92455
188,5,135213,False,92457,92454
188,6,135218,True,92456,92457
188,7,135216,False,92065,92456
189,1,134696,False,92141,92102
189,2,134751,True,92139,92141
189,3,134747,False,92138,92139
189,4,135223,True,92461,92138
189,5,205036,True,140528,92461
189,6,203140,True,139289,140528
189,7,135437,True,92605,139289
189,8,134752,True,92142,92605
189,9,135214,True,92455,92142
189,10,135219,True,92458,92455
189,11,134750,True,92140,92458
189,12,134748,False,92102,92140
190,1,134743,False,92434,92135
190,2,135188,False,92438,92434
190,3,135190,False,92435,92438
190,4,135185,False,92140,92435
190,5,134750,False,92458,92140
190,6,135221,False,92459,92458
190,7,135220,False,92456,92459
190,8,135218,False,92457,92456
190,9,135217,False,92158,92457
190,10,134774,False,92460,92158
190,11,195539,True,134053,92460
190,12,135224,True,92461,134053
190,13,135223,False,92138,92461
190,14,135226,True,92462,92138
190,15,135225,False,92137,92462
190,16,134745,False,92135,92137
191,1,134643,True,92065,92459
191,2,135216,True,92456,92065
191,3,135220,True,92459,92456
192,1,134562,False,92464,92007
192,2,135229,True,92463,92464
192,3,135227,False,92159,92463
192,4,134778,False,92466,92159
192,5,135232,True,92465,92466
192,6,135230,False,92204,92465
192,7,134838,False,92007,92204
193,1,134485,False,92450,91952
193,2,135208,False,92468,92450
193,3,135236,False,92453,92468
193,4,135212,False,92786,92453
193,5,135709,False,92785,92786
193,6,135707,False,91952,92785
194,1,134420,False,92785,91906
194,2,135709,True,92786,92785
194,3,135708,False,92477,92786
194,4,135248,False,92476,92477
194,5,135246,False,91906,92476
195,1,135210,True,92451,92452
195,2,135247,True,92477,92451
195,3,135708,True,92786,92477
195,4,135212,True,92453,92786
195,5,135211,False,92452,92453
196,1,134456,False,91954,91933
196,2,134490,False,91958,91954
196,3,135198,True,92444,91958
196,4,134639,True,92062,92444
196,5,134638,True,92061,92062
196,6,134637,False,91933,92061
197,1,134638,False,92062,92061
197,2,134639,False,92444,92062
197,3,135800,True,92846,92444
197,4,135202,True,92446,92846
197,5,135201,False,91906,92446
197,6,135246,True,92476,91906
197,7,135200,True,92445,92476
197,8,135199,True,92443,92445
197,9,135197,False,92061,92443
198,1,134420,True,91906,92785
198,2,135201,True,92446,91906
198,3,134484,True,91953,92446
198,4,134483,True,91952,91953
198,5,135707,True,92785,91952
199,1,134483,False,91953,91952
199,2,134487,True,91955,91953
199,3,134488,True,91956,91955
199,4,135207,True,92450,91956
199,5,134485,True,91952,92450
200,1,134492,False,92028,91956
200,2,134588,False,92066,92028
200,3,135234,True,92468,92066
200,4,135208,True,92450,92468
200,5,135207,False,91956,92450
201,1,134484,False,92446,91953
201,2,135202,False,92846,92446
201,3,135800,False,92444,92846
201,4,135198,False,91958,92444
201,5,134491,False,91955,91958
201,6,134487,False,91953,91955
202,1,134310,False,91957,91818
202,2,134587,True,92028,91957
202,3,134492,True,91956,92028
202,4,134488,False,91955,91956
202,5,134491,True,91958,91955
202,6,134490,True,91954,91958
202,7,134486,False,91818,91954
203,1,134307,False,92027,91816
203,2,134644,True,92066,92027
203,3,134588,True,92028,92066
203,4,134587,False,91957,92028
203,5,134489,False,91816,91957
204,1,134307,True,91816,92027
204,2,134308,True,91817,91816
204,3,134806,True,92181,91817
204,4,134586,True,92027,92181
205,1,134308,False,91816,91817
205,2,134489,True,91957,91816
205,3,134310,True,91818,91957
205,4,134486,True,91954,91818
205,5,134456,True,91933,91954
205,6,134458,True,91934,91933
205,7,134309,True,91817,91934
206,1,134309,False,91934,91817
206,2,134755,False,92180,91934
206,3,134828,True,92196,92180
206,4,134807,True,92181,92196
206,5,134806,False,91817,92181
207,1,134457,True,91932,92443
207,2,135172,True,92426,91932
207,3,134756,True,92145,92426
207,4,134459,True,91934,92145
207,5,134458,False,91933,91934
207,6,134637,True,92061,91933
207,7,135197,True,92443,92061
208,1,134378,False,92144,91875
208,2,134757,False,92145,92144
208,3,134756,False,92426,92145
208,4,135276,True,92496,92426
208,5,135173,True,92425,92496
208,6,135171,False,91875,92425
209,1,134459,False,92145,91934
209,2,134757,True,92144,92145
209,3,134754,False,92143,92144
209,4,134805,True,92180,92143
209,5,134755,True,91934,92180
210,1,134645,False,92197,92067
210,2,134830,False,92469,92197
210,3,135243,True,92474,92469
210,4,135250,True,92478,92474
210,5,135237,True,92467,92478
210,6,135233,False,92069,92467
210,7,134648,False,92453,92069
210,8,135236,True,92468,92453
210,9,135234,False,92066,92468
210,10,134646,False,92067,92066
211,1,134644,False,92027,92066
211,2,134829,True,92197,92027
211,3,134645,True,92067,92197
211,4,134646,True,92066,92067
212,1,134753,False,92473,92143
212,2,135257,True,92483,92473
212,3,135244,True,92474,92483
212,4,135243,False,92469,92474
212,5,135235,False,92196,92469
212,6,134828,False,92180,92196
212,7,134805,False,92143,92180
213,1,134586,False,92181,92027
213,2,134807,False,92196,92181
213,3,135235,True,92469,92196
213,4,134830,True,92197,92469
213,5,134829,False,92027,92197
214,1,134835,False,92475,92200
214,2,135249,True,92445,92475
214,3,135200,False,92476,92445
214,4,135248,True,92477,92476
214,5,135247,False,92451,92477
214,6,135210,False,92452,92451
214,7,135209,False,92200,92452
215,1,134647,False,92069,92068
215,2,135233,True,92467,92069
215,3,134834,True,92201,92467
215,4,134649,True,92068,92201
216,1,134834,False,92467,92201
216,2,135237,False,92478,92467
216,3,135252,True,92479,92478
216,4,135251,False,92201,92479
217,1,134589,True,92029,92068
217,2,134833,True,92200,92029
217,3,135209,True,92452,92200
217,4,135211,True,92453,92452
217,5,134648,True,92069,92453
217,6,134647,True,92068,92069
218,1,134589,False,92068,92029
218,2,134649,False,92201,92068
218,3,135251,True,92479,92201
218,4,135254,True,92481,92479
218,5,134836,True,92199,92481
218,6,134832,False,92198,92199
218,7,135245,True,92475,92198
218,8,134835,True,92200,92475
218,9,134833,False,92029,92200
219,1,134505,True,91968,92118
219,2,134713,True,92114,91968
219,3,135381,True,92567,92114
219,4,134831,True,92198,92567
219,5,134832,True,92199,92198
219,6,134718,True,92118,92199
220,1,134457,False,92443,91932
220,2,135199,False,92445,92443
220,3,135249,False,92475,92445
220,4,135245,False,92198,92475
220,5,134831,False,92567,92198
220,6,135385,False,92569,92567
220,7,135383,False,92551,92569
220,8,135357,False,92487,92551
220,9,135263,False,92088,92487
220,10,134677,False,92495,92088
220,11,135277,False,92497,92495
220,12,135278,False,92496,92497
220,13,135276,False,92426,92496
220,14,135172,False,91932,92426
221,1,135173,False,92496,92425
221,2,135278,True,92497,92496
221,3,135277,True,92495,92497
221,4,135275,False,92494,92495
221,5,135274,True,92493,92494
221,6,135272,False,92425,92493
222,1,134676,False,92487,92086
222,2,135357,True,92551,92487
222,3,135264,True,92488,92551
222,4,135351,True,92546,92488
222,5,135271,True,92489,92546
222,6,135265,False,92484,92489
222,7,135259,False,92490,92484
222,8,135894,True,92913,92490
222,9,135268,True,92491,92913
222,10,135267,False,92485,92491
222,11,135260,False,92492,92485
222,12,210924,True,144388,92492
222,13,203499,True,139523,144388
222,14,203495,True,139520,139523
222,15,135270,True,92486,139520
222,16,135262,False,92086,92486
223,1,134335,False,92087,91839
223,2,135273,True,92494,92087
223,3,135275,True,92495,92494
223,4,134677,True,92088,92495
223,5,135263,True,92487,92088
223,6,134676,True,92086,92487
223,7,134674,False,91839,92086
224,1,134335,True,91839,92087
224,2,134674,True,92086,91839
224,3,135262,True,92486,92086
224,4,206517,True,141490,92486
224,5,203515,True,139534,141490
224,6,135279,True,92498,139534
224,7,134675,True,92087,92498
225,1,134563,False,92484,92010
225,2,135265,True,92489,92484
225,3,203410,True,139464,92489
225,4,203411,True,139465,139464
225,5,210108,True,143832,139465
225,6,135269,True,92492,143832
225,7,135260,True,92485,92492
225,8,135267,True,92491,92485
225,9,135261,True,92010,92491
226,1,134563,True,92010,92484
226,2,135266,True,92490,92010
226,3,135259,True,92484,92490
227,1,135261,False,92491,92010
227,2,135268,False,92913,92491
227,3,135894,False,92490,92913
227,4,135266,False,92010,92490
228,1,134378,True,91875,92144
228,2,135171,True,92425,91875
228,3,135272,True,92493,92425
228,4,135242,True,92473,92493
228,5,134753,True,92143,92473
228,6,134754,True,92144,92143
229,1,134675,False,92498,92087
229,2,203518,True,139536,92498
229,3,135283,True,92501,139536
229,4,135282,True,92500,92501
229,5,135867,True,92893,92500
229,6,203501,True,139525,92893
229,7,203503,True,139526,139525
229,8,135281,True,92499,139526
229,9,135280,False,92480,92499
229,10,135258,False,92483,92480
229,11,135257,False,92473,92483
229,12,135242,False,92493,92473
229,13,135274,False,92494,92493
229,14,135273,False,92087,92494
230,1,134426,True,91910,91911
230,2,135253,True,92480,91910
230,3,135280,True,92499,92480
230,4,196833,True,135001,92499
230,5,196831,True,135000,135001
230,6,134428,True,91912,135000
230,7,134427,False,91911,91912
231,1,135284,False,92894,92500
231,2,135869,True,92893,92894
231,3,135867,False,92500,92893
232,1,135282,False,92501,92500
232,2,135868,True,92894,92501
232,3,135284,True,92500,92894
233,1,134358,False,92482,91858
233,2,135409,True,92586,92482
233,3,135421,True,92595,92586
233,4,135256,True,92481,92595
233,5,135254,False,92479,92481
233,6,135252,False,92478,92479
233,7,135250,False,92474,92478
233,8,135244,False,92483,92474
233,9,135258,True,92480,92483
233,10,135253,False,91910,92480
233,11,134426,False,91911,91910
233,12,134425,False,91858,91911
234,1,135302,False,92859,92513
234,2,135818,False,92857,92859
234,3,135815,False,92905,92857
234,4,135885,False,92512,92905
234,5,135303,False,92513,92512
235,1,134496,False,92472,91962
235,2,135241,True,92471,92472
235,3,135299,True,92511,92471
235,4,135817,True,92859,92511
235,5,135302,True,92513,92859
235,6,135239,True,92470,92513
235,7,135238,False,91961,92470
235,8,134497,False,91962,91961
236,1,135300,False,92860,92511
236,2,135820,True,92858,92860
236,3,135816,False,92857,92858
236,4,135818,True,92859,92857
236,5,135817,False,92511,92859
237,1,135240,False,92510,92472
237,2,135298,True,92509,92510
237,3,135296,False,92070,92509
237,4,135881,True,92902,92070
237,5,135819,True,92860,92902
237,6,135300,True,92511,92860
237,7,135299,False,92471,92511
237,8,135241,False,92472,92471
238,1,134650,False,92858,92070
238,2,135820,False,92860,92858
238,3,135819,False,92902,92860
238,4,135881,False,92070,92902
239,1,134650,True,92070,92858
239,2,135296,True,92509,92070
239,3,135301,True,92512,92509
239,4,135885,True,92905,92512
239,5,135815,True,92857,92905
239,6,135816,True,92858,92857
240,1,135239,False,92513,92470
240,2,135303,True,92512,92513
240,3,135301,False,92509,92512
240,4,135298,False,92510,92509
240,5,135297,False,92470,92510
241,1,134336,True,91840,91963
241,2,134356,True,91857,91840
241,3,135305,True,92515,91857
241,4,135304,True,92514,92515
241,5,134493,True,91960,92514
241,6,134495,True,91961,91960
241,7,135238,True,92470,91961
241,8,135297,True,92510,92470
241,9,135240,True,92472,92510
241,10,134496,True,91962,92472
241,11,134498,True,91963,91962
242,1,135304,False,92515,92514
242,2,196612,True,134843,92515
242,3,207712,True,142265,134843
242,4,135349,True,92545,142265
242,5,135306,True,92514,92545
243,1,134494,True,91959,92005
243,2,134499,True,91963,91959
243,3,134498,False,91962,91963
243,4,134497,True,91961,91962
243,5,134495,False,91960,91961
243,6,134662,True,92078,91960
243,7,134555,True,92005,92078
243,8,134500,True,91964,92517
243,9,135307,True,92516,91964
243,10,135810,True,92853,92516
243,11,135308,True,92517,92853
244,1,134500,False,92517,91964
244,2,135309,True,92516,92517
244,3,135307,False,91964,92516
245,1,135308,False,92853,92517
245,2,135810,False,92516,92853
245,3,135309,False,92517,92516
246,1,134716,False,92186,92116
246,2,134814,True,92185,92186
246,3,135314,True,92521,92185
246,4,135317,True,92523,92521
246,5,135325,True,92529,92523
246,6,134812,True,92184,92529
246,7,134811,False,92119,92184
246,8,134720,False,92116,92119
247,1,7365,False,92154,5272
247,2,134770,False,92797,92154
247,3,135726,False,92798,92797
247,4,135725,False,92528,92798
247,5,135324,False,92521,92528
247,6,135314,False,92185,92521
247,7,134814,False,92186,92185
247,8,134813,False,91836,92186
247,9,134331,False,5272,91836
248,1,134837,False,92522,92202
248,2,135318,True,92523,92522
248,3,135317,False,92521,92523
248,4,135324,True,92528,92521
248,5,135315,True,92202,92528
249,1,134837,True,92202,92522
249,2,135316,True,92522,92202
250,1,134615,False,92184,92047
250,2,134812,False,92529,92184
250,3,135326,False,92890,92529
250,4,135864,False,92799,92890
250,5,135728,False,92047,92799
251,1,134615,True,92047,92184
251,2,135382,True,92568,92047
251,3,134714,True,92115,92568
251,4,134719,True,92119,92115
251,5,134811,True,92184,92119
252,1,135315,False,92528,92202
252,2,135725,True,92798,92528
252,3,135727,True,92799,92798
252,4,135864,True,92890,92799
252,5,135326,True,92529,92890
252,6,135325,False,92523,92529
252,7,135318,False,92522,92523
252,8,135316,False,92202,92522
253,1,135382,False,92047,92568
253,2,135728,True,92799,92047
253,3,135727,False,92798,92799
253,4,135726,True,92797,92798
253,5,135724,False,92566,92797
253,6,135384,False,92570,92566
253,7,135386,False,92568,92570
254,1,134839,True,92203,92690
254,2,134841,True,92205,92203
254,3,134840,False,92204,92205
254,4,135230,True,92465,92204
254,5,135438,True,92606,92465
254,6,135560,True,92689,92606
254,7,135562,True,92690,92689
255,1,135328,True,92530,92531
255,2,135825,True,92864,92530
255,3,135433,True,92602,92864
255,4,135434,True,92603,92602
255,5,135330,True,92532,92603
255,6,135329,False,92531,92532
256,1,7207,False,92153,5167
256,2,135378,True,92565,92153
256,3,135380,True,92566,92565
256,4,135724,True,92797,92566
256,5,134770,True,92154,92797
256,6,134769,False,5271,92154
256,7,7363,False,5167,5271
256,8,134697,False,92155,92103
256,9,134771,False,92103,92155
257,1,134697,True,92103,92155
257,2,134771,True,92155,92103
258,1,134341,False,92095,91845
258,2,135286,True,92503,92095
258,3,134688,True,92096,92503
258,4,134687,False,91845,92096
259,1,134311,False,91845,91819
259,2,134687,True,92096,91845
259,3,134342,True,91844,92096
259,4,134340,True,91843,91844
259,5,134339,False,91819,91843
260,1,134311,True,91819,91845
260,2,134339,True,91843,91819
260,3,135341,True,92540,91843
260,4,134686,True,92095,92540
260,5,134341,True,91845,92095
261,1,134686,False,92540,92095
261,2,135342,False,92539,92540
261,3,135340,False,92502,92539
261,4,135287,False,92503,92502
261,5,135286,False,92095,92503
262,1,134343,False,92031,91847
262,2,135285,True,92502,92031
262,3,135340,True,92539,92502
262,4,135337,True,92537,92539
262,5,134759,True,92147,92537
262,6,134592,True,92030,92147
262,7,134590,False,91847,92030
263,1,134314,True,91822,91848
263,2,134421,True,91907,91822
263,3,134591,True,92031,91907
263,4,134343,True,91847,92031
263,5,134345,True,91848,91847
264,1,134314,False,91848,91822
264,2,134346,False,91909,91848
264,3,134424,True,91908,91909
264,4,135288,True,92504,91908
264,5,134422,True,91907,92504
264,6,134421,False,91822,91907
265,1,134342,False,92096,91844
265,2,134688,False,92503,92096
265,3,135287,True,92502,92503
265,4,135285,False,92031,92502
265,5,134591,False,91907,92031
265,6,134422,False,92504,91907
265,7,135289,True,92505,92504
265,8,135290,True,91844,92505
266,1,134344,False,92030,91846
266,2,134592,False,92147,92030
266,3,134846,True,92209,92147
266,4,134842,True,92206,92209
266,5,134761,True,92148,92206
266,6,135343,True,92541,92148
266,7,134760,True,91846,92541
267,1,134340,False,91844,91843
267,2,135290,False,92505,91844
267,3,135289,False,92504,92505
267,4,135288,False,91908,92504
267,5,135344,True,92541,91908
267,6,135343,False,92148,92541
267,7,134761,False,92206,92148
267,8,134843,False,92542,92206
267,9,135346,True,92524,92542
267,10,135319,False,92538,92524
267,11,135339,True,92537,92538
267,12,135337,False,92539,92537
267,13,135342,True,92540,92539
267,14,135341,False,91843,92540
268,1,134423,False,91846,91909
268,2,134760,False,92541,91846
268,3,135344,False,91908,92541
268,4,134424,False,91909,91908
269,1,134344,True,91846,92030
269,2,134423,True,91909,91846
269,3,134346,True,91848,91909
269,4,134345,False,91847,91848
269,5,134590,True,92030,91847
270,1,135319,True,92524,92538
270,2,135348,True,92544,92524
270,3,196337,True,134646,92544
270,4,135338,True,92538,134646
271,1,134493,False,92514,91960
271,2,135306,False,92545,92514
271,3,194752,True,133424,92545
271,4,194754,True,133425,133424
271,5,135350,True,92544,133425
271,6,135348,False,92524,92544
271,7,135346,False,92542,92524
271,8,135345,False,91960,92542
272,1,134851,False,92211,92212
272,2,134852,False,92906,92211
272,3,135886,False,92212,92906
273,1,134337,True,91841,91878
273,2,134379,True,91877,91841
273,3,134381,True,91878,91877
274,1,134380,True,91876,91877
274,2,134850,True,92211,91876
274,3,134851,True,92212,92211
274,4,134382,True,91878,92212
274,5,134381,False,91877,91878
275,1,134662,False,91960,92078
275,2,135345,True,92542,91960
275,3,134843,True,92206,92542
275,4,134842,False,92209,92206
275,5,199574,True,136901,92209
275,6,199573,True,136900,136901
275,7,209821,True,143642,136900
275,8,134849,True,92208,143642
275,9,134845,False,92207,92208
275,10,134848,True,92210,92207
275,11,134847,False,92078,92210
275,12,134337,False,91878,91841
275,13,134382,False,92212,91878
275,14,135886,True,92906,92212
275,15,134852,True,92211,92906
275,16,134850,False,91876,92211
275,17,134380,False,91877,91876
275,18,134379,False,91841,91877
276,1,134415,False,91967,91902
276,2,134558,True,92007,91967
276,3,134838,True,92204,92007
276,4,134840,True,92205,92204
276,5,135637,True,92741,92205
276,6,134504,True,91966,92741
276,7,135633,True,92738,91966
276,8,135418,True,92592,92738
276,9,135419,True,92593,92592
276,10,134701,True,92106,92593
276,11,134502,True,91965,92106
276,12,134501,False,91902,91965
277,1,134415,True,91902,91967
277,2,134501,True,91965,91902
277,3,134559,True,92008,91965
277,4,134503,True,91967,92008
278,1,134502,False,92106,91965
278,2,135739,True,92807,92106
278,3,134703,True,92107,92807
278,4,134702,False,92105,92107
278,5,134700,True,92104,92105
278,6,134698,False,92008,92104
278,7,134559,False,91965,92008
279,1,134571,False,92107,92016
279,2,134703,False,92807,92107
279,3,135740,False,92016,92807
280,1,134571,True,92016,92107
280,2,134699,True,92105,92016
280,3,134702,True,92107,92105
281,1,134299,True,91808,92227
281,2,134593,True,92032,91808
281,3,135361,True,92553,92032
281,4,134871,True,92226,92553
281,5,134873,True,92227,92226
282,1,134593,False,91808,92032
282,2,134595,True,92033,91808
282,3,135469,True,92627,92033
282,4,135364,True,92556,92627
282,5,134594,True,92032,92556
283,1,134564,False,92554,92011
283,2,135366,True,92553,92554
283,3,135361,False,92032,92553
283,4,134594,False,92556,92032
283,5,135794,True,92842,92556
283,6,135365,True,92555,92842
283,7,135363,False,92011,92555
284,1,135364,False,92627,92556
284,2,135471,False,92854,92627
284,3,135811,False,92719,92854
284,4,135607,False,92841,92719
284,5,135795,False,92842,92841
284,6,135794,False,92556,92842
285,1,134468,False,92552,91941
285,2,135360,False,92548,92552
285,3,135353,False,92214,92548
285,4,134853,False,91941,92214
286,1,134466,True,91939,91940
286,2,135355,True,92550,91939
286,3,135358,True,92552,92550
286,4,134468,True,91941,92552
286,5,134467,False,91940,91941
287,1,134460,True,91935,92215
287,2,134465,True,91940,91935
287,3,134467,True,91941,91940
287,4,134853,True,92214,91941
287,5,134855,True,92215,92214
288,1,135264,False,92551,92488
288,2,135383,True,92569,92551
288,3,135359,True,92549,92569
288,4,135354,False,92548,92549
288,5,135360,True,92552,92548
288,6,135358,False,92550,92552
288,7,135356,True,92547,92550
288,8,135377,True,92564,92547
288,9,135352,True,92546,92564
288,10,135351,False,92488,92546
289,1,134460,False,92215,91935
289,2,134856,False,92213,92215
289,3,134854,False,92549,92213
289,4,135359,False,92569,92549
289,5,135385,True,92567,92569
289,6,135381,False,92114,92567
289,7,134715,False,92115,92114
289,8,134714,False,92568,92115
289,9,135386,True,92570,92568
289,10,135384,True,92566,92570
289,11,135380,False,92565,92566
289,12,135379,True,92564,92565
289,13,135377,False,92547,92564
289,14,135356,False,92550,92547
289,15,135355,False,91939,92550
289,16,134466,False,91940,91939
289,17,134465,False,91935,91940
290,1,134854,True,92213,92549
290,2,134856,True,92215,92213
290,3,134855,False,92214,92215
290,4,135353,True,92548,92214
290,5,135354,True,92549,92548
291,1,134315,True,91823,91823
292,1,135393,False,92578,92575
292,2,135398,True,92577,92578
292,3,135396,False,92576,92577
292,4,135413,True,92589,92576
292,5,135395,True,92575,92589
292,6,134315,False,91823,91823
293,1,135399,False,92112,92579
293,2,135674,True,92765,92112
293,3,135673,False,92582,92765
293,4,135404,False,92579,92582
294,1,134685,False,92112,92094
294,2,135399,True,92579,92112
294,3,135400,True,92580,92579
294,4,134712,True,92111,92580
294,5,134708,False,92110,92111
294,6,134711,True,92113,92110
294,7,134710,False,92109,92113
294,8,134706,True,92108,92109
294,9,134704,False,92094,92108
295,1,134528,False,92574,91984
295,2,135392,False,92581,92574
295,3,135402,True,92580,92581
295,4,135400,False,92579,92580
295,5,135404,True,92582,92579
295,6,135403,False,91984,92582
296,1,7167,False,92573,5138
296,2,135401,True,92581,92573
296,3,135392,True,92574,92581
296,4,135391,False,91985,92574
296,5,134527,False,5138,91985
297,1,134603,False,92040,92039
297,2,135416,True,92591,92040
297,3,134705,True,92109,92591
297,4,134710,True,92113,92109
297,5,135334,True,92535,92113
297,6,135331,True,92533,92535
297,7,135405,True,92583,92533
297,8,134605,True,92039,92583
298,1,7165,False,92039,5137
298,2,134605,False,92583,92039
298,3,135408,True,92585,92583
298,4,135407,True,92584,92585
298,5,135406,False,91970,92584
298,6,134507,False,92111,91970
298,7,134712,False,92580,92111
298,8,135402,False,92581,92580
298,9,135401,False,92573,92581
298,10,135390,False,5137,92573
299,1,134679,False,92765,92090
299,2,135674,False,92112,92765
299,3,134709,False,92767,92112
299,4,135678,True,92768,92767
299,5,135677,True,92766,92768
299,6,135675,False,92090,92766
300,1,134652,False,92584,92072
300,2,135407,False,92585,92584
300,3,135408,False,92583,92585
300,4,135405,False,92533,92583
300,5,135333,False,92534,92533
300,6,135332,False,92072,92534
301,1,134507,True,91970,92111
301,2,135406,True,92584,91970
301,3,134652,True,92072,92584
301,4,134651,True,92071,92072
301,5,135335,True,92536,92071
301,6,134707,True,92110,92536
301,7,134708,True,92111,92110
302,1,134651,False,92072,92071
302,2,135332,True,92534,92072
302,3,134653,True,92071,92534
303,1,134653,False,92534,92071
303,2,135333,True,92533,92534
303,3,135331,False,92535,92533
303,4,135347,True,92543,92535
303,5,135336,True,92536,92543
303,6,135335,False,92071,92536
304,1,134707,False,92536,92110
304,2,135336,False,92543,92536
304,3,135347,False,92535,92543
304,4,135334,False,92113,92535
304,5,134711,False,92110,92113
305,1,6250,False,92575,4543
305,2,135395,False,92589,92575
305,3,135417,False,92591,92589
305,4,135416,False,92040,92591
305,5,134604,False,4543,92040
306,1,134685,True,92094,92112
306,2,134704,True,92108,92094
306,3,135414,True,92590,92108
306,4,135676,True,92767,92590
306,5,134709,True,92112,92767
307,1,134705,False,92591,92109
307,2,135417,True,92589,92591
307,3,135413,False,92576,92589
307,4,135394,False,92588,92576
307,5,135415,True,92590,92588
307,6,135414,False,92108,92590
307,7,134706,False,92109,92108
308,1,135327,False,92911,92531
308,2,135892,False,92910,92911
308,3,135890,False,92608,92910
308,4,135441,False,92698,92608
308,5,135575,False,92699,92698
308,6,135574,False,92865,92699
308,7,135827,False,92864,92865
308,8,135825,False,92530,92864
308,9,135328,False,92531,92530
309,1,134303,True,91812,91974
309,2,134858,True,92217,91812
309,3,134860,True,92218,92217
309,4,135387,True,92571,92218
309,5,134439,True,91921,92571
309,6,134441,True,91922,91921
309,7,134512,True,91974,91922
310,1,134442,False,91975,91922
310,2,134514,True,91974,91975
310,3,134512,False,91922,91974
311,1,134440,False,92561,91920
311,2,135374,False,92562,92561
311,3,135373,False,91920,92562
312,1,135368,True,92557,92558
312,2,135376,True,92563,92557
312,3,135375,False,92562,92563
312,4,135374,True,92561,92562
312,5,135372,False,92560,92561
312,6,135371,True,92559,92560
312,7,135369,False,92558,92559
313,1,134440,True,91920,92561
313,2,134513,True,91975,91920
313,3,134442,True,91922,91975
313,4,134441,False,91921,91922
313,5,135370,True,92560,91921
313,6,135372,True,92561,92560
314,1,134439,False,92571,91921
314,2,135389,True,92572,92571
314,3,135388,False,92559,92572
314,4,135371,False,92560,92559
314,5,135370,False,91921,92560
315,1,134861,False,92572,92219
315,2,135389,False,92571,92572
315,3,135387,False,92218,92571
315,4,134862,False,92219,92218
316,1,134857,False,92219,92216
316,2,134862,True,92218,92219
316,3,134860,False,92217,92218
316,4,134859,True,92216,92217
317,1,134303,False,91974,91812
317,2,134514,False,91975,91974
317,3,134513,False,91920,91975
317,4,135373,True,92562,91920
317,5,135375,True,92563,92562
317,6,135420,True,92594,92563
317,7,135410,True,92587,92594
317,8,134865,True,92221,92587
317,9,134864,True,92220,92221
317,10,134863,False,92216,92220
317,11,134859,False,92217,92216
317,12,134858,False,91812,92217
318,1,134682,False,92220,92091
318,2,134864,False,92221,92220
318,3,134865,False,92587,92221
318,4,135411,True,92586,92587
318,5,135409,False,92482,92586
318,6,135255,False,92093,92482
318,7,134684,False,92091,92093
319,1,134682,True,92091,92220
319,2,134684,True,92093,92091
319,3,134683,False,92092,92093
319,4,135732,True,92802,92092
319,5,135367,True,92558,92802
319,6,135369,True,92559,92558
319,7,135388,True,92572,92559
319,8,134861,True,92219,92572
319,9,134857,True,92216,92219
319,10,134863,True,92220,92216
320,1,135367,False,92802,92558
320,2,135736,False,92806,92802
320,3,135737,False,92803,92806
320,4,135733,False,92866,92803
320,5,135828,False,92594,92866
320,6,135420,False,92563,92594
320,7,135376,False,92557,92563
320,8,135368,False,92558,92557
321,1,135410,False,92594,92587
321,2,135828,True,92866,92594
321,3,135733,True,92803,92866
321,4,135734,True,92804,92803
321,5,135423,True,92593,92804
321,6,135419,False,92592,92593
321,7,135422,True,92595,92592
321,8,135421,False,92586,92595
321,9,135411,False,92587,92586
322,1,134560,False,92805,92004
322,2,135738,True,92804,92805
322,3,135734,False,92803,92804
322,4,135737,True,92806,92803
322,5,135736,True,92802,92806
322,6,135732,False,92092,92802
322,7,134681,False,92004,92092
323,1,134356,False,91840,91857
323,2,134554,True,92004,91840
323,3,134681,True,92092,92004
323,4,134683,True,92093,92092
323,5,135255,True,92482,92093
323,6,134358,True,91858,92482
323,7,134425,True,91911,91858
323,8,134427,True,91912,91911
323,9,203489,True,139516,91912
323,10,203490,True,139517,139516
323,11,205844,True,141051,139517
323,12,196614,True,134845,141051
323,13,134357,True,91857,134845
324,1,134699,False,92016,92105
324,2,135740,True,92807,92016
324,3,135739,False,92106,92807
324,4,134701,False,92593,92106
324,5,135423,False,92804,92593
324,6,135738,False,92805,92804
324,7,135735,False,92104,92805
324,8,134700,False,92105,92104
325,1,134371,True,91869,92224
325,2,134866,True,92223,91869
325,3,134868,True,92224,92223
326,1,134867,True,92222,92601
326,2,134869,True,92224,92222
326,3,134868,False,92223,92224
326,4,135435,True,92604,92223
326,5,135432,True,92601,92604
327,1,134371,False,92224,91869
327,2,134869,False,92222,92224
327,3,134867,False,92601,92222
327,4,135439,True,92606,92601
327,5,135438,False,92465,92606
327,6,135232,False,92466,92465
327,7,135231,False,92454,92466
327,8,135215,False,92455,92454
327,9,135214,False,92142,92455
327,10,134752,False,92605,92142
327,11,203142,True,139290,92605
327,12,208067,True,142494,139290
327,13,135755,True,92817,142494
327,14,135440,True,92603,92817
327,15,135434,False,92602,92603
327,16,135436,True,92604,92602
327,17,135435,False,92223,92604
327,18,134866,False,91869,92223
328,1,135442,True,92607,92611
328,2,135444,True,92609,92607
328,3,135443,False,92608,92609
328,4,135890,True,92910,92608
328,5,135446,True,92611,92910
329,1,134361,False,92164,91860
329,2,134783,False,92174,92164
329,3,134798,False,92609,92174
329,4,135444,False,92607,92609
329,5,135442,False,92611,92607
329,6,135447,True,92610,92611
329,7,135445,False,91997,92610
329,8,134544,False,91862,91997
329,9,134362,False,91860,91862
330,1,134347,False,91862,91849
330,2,134544,True,91997,91862
330,3,134545,True,91998,91997
330,4,134363,True,91861,91998
330,5,135479,True,92633,91861
330,6,134874,True,92228,92633
330,7,134780,True,92163,92228
330,8,134782,True,92164,92163
330,9,134361,True,91860,92164
330,10,134360,False,91849,91860
331,1,38849,False,92764,26521
331,2,135672,False,92770,92764
331,3,135682,False,92769,92770
331,4,135680,False,92633,92769
331,5,135479,False,91861,92633
331,6,134363,False,91998,91861
331,7,134547,False,92000,91998
331,8,134550,False,91999,92000
331,9,134546,False,26521,91999
332,1,38765,False,27357,26466
332,2,40127,False,27358,27357
332,3,40126,False,92614,27358
332,4,135451,False,92612,92614
332,5,135681,True,92770,92612
332,6,135672,True,92764,92770
332,7,135671,False,26466,92764
333,1,134781,True,92162,92163
333,2,134870,True,92225,92162
333,3,134795,True,92174,92225
333,4,134783,True,92164,92174
333,5,134782,False,92163,92164
334,1,134780,False,92228,92163
334,2,134875,True,92227,92228
334,3,134873,False,92226,92227
334,4,135614,True,92725,92226
334,5,135557,True,92687,92725
334,6,134872,True,92225,92687
334,7,134870,False,92162,92225
334,8,134781,False,92163,92162
335,1,134680,False,92612,92089
335,2,135451,True,92614,92612
335,3,135450,False,92615,92614
335,4,135525,True,92665,92615
335,5,135453,True,92613,92665
335,6,135449,False,92089,92613
336,1,134347,True,91849,91862
336,2,134360,True,91860,91849
336,3,134362,True,91862,91860
337,1,134370,True,91868,91896
337,2,134405,True,91895,91868
337,3,134407,True,91896,91895
338,1,134370,False,91896,91868
338,2,134408,False,92152,91896
338,3,134767,True,92151,92152
338,4,134776,True,92160,92151
338,5,134765,True,91868,92160
339,1,134405,False,91868,91895
339,2,134765,False,92160,91868
339,3,134777,False,92157,92160
339,4,134773,False,92796,92157
339,5,135723,False,91895,92796
340,1,134406,False,92157,91894
340,2,134777,True,92160,92157
340,3,134776,False,92151,92160
340,4,134767,False,92152,92151
340,5,134766,False,92158,92152
340,6,135217,True,92457,92158
340,7,135213,True,92454,92457
340,8,135231,True,92466,92454
340,9,134778,True,92159,92466
340,10,135227,True,92463,92159
340,11,134775,True,92156,92463
340,12,134772,False,91894,92156
341,1,134406,True,91894,92157
341,2,134772,True,92156,91894
341,3,134844,True,92207,92156
341,4,134845,True,92208,92207
341,5,195540,True,134054,92208
341,6,135222,True,92460,134054
341,7,134774,True,92158,92460
341,8,134766,True,92152,92158
341,9,134408,True,91896,92152
341,10,134407,False,91895,91896
341,11,135723,True,92796,91895
341,12,134773,True,92157,92796
342,1,134887,False,92622,92236
342,2,135465,False,92834,92622
342,3,135785,False,92835,92834
342,4,135784,False,92236,92835
343,1,134398,False,91978,91888
343,2,134883,True,92234,91978
343,3,134884,True,92235,92234
343,4,134520,True,91979,92235
343,5,134519,False,91888,91979
344,1,134312,True,91820,91973
344,2,134396,True,91888,91820
344,3,134519,True,91979,91888
344,4,134508,True,91972,91979
344,5,134510,True,91973,91972
345,1,134473,False,92835,91945
345,2,135785,True,92834,92835
345,3,135783,False,92623,92834
345,4,135464,False,92836,92623
345,5,135788,True,92837,92836
345,6,135787,False,91972,92837
345,7,134508,False,91979,91972
345,8,134520,False,92235,91979
345,9,134885,False,91945,92235
346,1,134509,True,91971,92837
346,2,134596,True,92034,91971
346,3,134597,True,92035,92034
346,4,134762,True,92149,92035
346,5,134511,True,91973,92149
346,6,134510,False,91972,91973
346,7,135787,True,92837,91972
347,1,134596,False,91971,92034
347,2,135705,True,92784,91971
347,3,135704,True,92783,92784
347,4,135702,True,92782,92783
347,5,135701,False,92036,92782
347,6,134599,False,92037,92036
347,7,134601,False,92034,92037
348,1,135702,False,92783,92782
348,2,135704,False,92784,92783
348,3,135703,False,92816,92784
348,4,135754,True,92815,92816
348,5,135752,False,92782,92815
349,1,134463,False,92815,91936
349,2,135754,False,92816,92815
349,3,135753,False,92820,92816
349,4,135760,False,91936,92820
350,1,134602,False,92161,92035
350,2,134779,False,92150,92161
350,3,134764,False,92149,92150
350,4,134762,False,92035,92149
351,1,134462,False,92038,91937
351,2,134763,True,92150,92038
351,3,134779,True,92161,92150
351,4,134602,True,92035,92161
351,5,134597,False,92034,92035
351,6,134601,True,92037,92034
351,7,134599,True,92036,92037
351,8,134598,False,91937,92036
352,1,134312,False,91973,91820
352,2,134511,False,92149,91973
352,3,134764,True,92150,92149
352,4,134763,False,92038,92150
352,5,134600,False,91833,92038
352,6,134327,False,91890,91833
352,7,134400,False,91820,91890
353,1,134506,True,91969,92618
353,2,135786,True,92836,91969
353,3,135464,True,92623,92836
353,4,135455,True,92618,92623
354,1,134509,False,92837,91971
354,2,135788,False,92836,92837
354,3,135786,False,91969,92836
354,4,135457,False,92616,91969
354,5,135454,False,92596,92616
354,6,135425,False,92784,92596
354,7,135705,False,91971,92784
355,1,134313,True,91821,91937
355,2,134324,True,91832,91821
355,3,134326,True,91833,91832
355,4,134600,True,92038,91833
355,5,134462,True,91937,92038
356,1,134313,False,91937,91821
356,2,134598,True,92036,91937
356,3,135701,True,92782,92036
356,4,135752,True,92815,92782
356,5,134463,True,91936,92815
356,6,134738,True,92132,91936
356,7,134735,True,92130,92132
356,8,134461,True,91832,92130
356,9,134324,False,91821,91832
357,1,134469,True,91942,92598
357,2,135424,True,92596,91942
357,3,135454,True,92616,92596
357,4,135427,True,92598,92616
358,1,134469,False,92598,91942
358,2,135428,True,92597,92598
358,3,135426,True,92131,92597
358,4,134739,False,92132,92131
358,5,134738,False,91936,92132
358,6,135760,True,92820,91936
358,7,135753,True,92816,92820
358,8,135703,True,92784,92816
358,9,135425,True,92596,92784
358,10,135424,False,91942,92596
359,1,134506,False,92618,91969
359,2,135466,True,92624,92618
359,3,135478,True,92632,92624
359,4,135456,True,92617,92632
359,5,135458,True,92597,92617
359,6,135428,False,92598,92597
359,7,135427,False,92616,92598
359,8,135457,True,91969,92616
360,1,135153,False,92131,92413
360,2,135426,False,92597,92131
360,3,135458,False,92617,92597
360,4,135456,False,92632,92617
360,5,135480,False,92634,92632
360,6,135481,False,92769,92634
360,7,135682,True,92770,92769
360,8,135681,False,92612,92770
360,9,135448,False,92766,92612
360,10,135677,False,92768,92766
360,11,135679,True,92413,92768
361,1,134889,False,92628,92237
361,2,135605,True,92719,92628
361,3,135811,True,92854,92719
361,4,135471,True,92627,92854
361,5,135472,True,92626,92627
361,6,135468,True,92625,92626
361,7,135467,False,92629,92625
361,8,135474,True,92624,92629
361,9,135466,False,92618,92624
361,10,135455,False,92623,92618
361,11,135783,True,92834,92623
361,12,135465,True,92622,92834
361,13,135463,False,92619,92622
361,14,135460,False,92620,92619
361,15,135462,False,92621,92620
361,16,135461,False,92237,92621
362,1,134884,False,92234,92235
362,2,135060,True,92350,92234
362,3,135062,True,92351,92350
362,4,135588,True,92708,92351
362,5,135581,True,92703,92708
362,6,135582,True,92704,92703
362,7,135889,True,92909,92704
362,8,134888,True,92238,92909
362,9,134890,True,92239,92238
362,10,135459,True,92619,92239
362,11,135463,True,92622,92619
362,12,134887,True,92236,92622
362,13,134886,False,91945,92236
362,14,134885,True,92235,91945
363,1,134299,False,92227,91808
363,2,134875,False,92228,92227
363,3,134874,False,92633,92228
363,4,135680,True,92769,92633
363,5,135481,True,92634,92769
363,6,135480,True,92632,92634
363,7,135478,False,92624,92632
363,8,135474,False,92629,92624
363,9,135473,False,92229,92629
363,10,134876,False,92625,92229
363,11,135468,False,92626,92625
363,12,135472,False,92627,92626
363,13,135469,False,92033,92627
363,14,134595,False,91808,92033
364,1,134889,True,92237,92628
364,2,135461,True,92621,92237
364,3,134891,True,92239,92621
364,4,134890,False,92238,92239
364,5,135608,True,92721,92238
364,6,135470,True,92628,92721
365,1,134564,True,92011,92554
365,2,135363,True,92555,92011
365,3,135362,True,92554,92555
366,1,134473,True,91945,92835
366,2,134886,True,92236,91945
366,3,135784,True,92835,92236
367,1,134876,True,92229,92625
367,2,135473,True,92629,92229
367,3,135467,True,92625,92629
368,1,134891,False,92621,92239
368,2,135462,True,92620,92621
368,3,135460,True,92619,92620
368,4,135459,False,92239,92619
369,1,134678,False,92090,92089
369,2,135675,True,92766,92090
369,3,135448,True,92612,92766
369,4,134680,True,92089,92612
370,1,134794,False,92170,92172
370,2,135295,True,92507,92170
370,3,135292,False,92233,92507
370,4,134881,False,92508,92233
370,5,135294,True,92506,92508
370,6,135291,False,92172,92506
371,1,134372,True,91870,92254
371,2,134878,True,92231,91870
371,3,134880,True,92232,92231
371,4,134911,True,92254,92232
372,1,134372,False,92254,91870
372,2,134912,False,92599,92254
372,3,135431,True,92600,92599
372,4,135430,False,92166,92600
372,5,134785,False,91982,92166
372,6,134523,False,92230,91982
372,7,134879,False,92231,92230
372,8,134878,False,91870,92231
373,1,134877,False,92233,92230
373,2,135292,True,92507,92233
373,3,134910,True,92253,92507
373,4,134882,True,92232,92253
373,5,134880,False,92231,92232
373,6,134879,True,92230,92231
374,1,134515,False,91977,91976
374,2,135293,True,92508,91977
374,3,134881,True,92233,92508
374,4,134877,True,92230,92233
374,5,134523,True,91982,92230
374,6,134517,True,91976,91982
375,1,134517,False,91982,91976
375,2,134785,True,92166,91982
375,3,134524,True,91981,92166
375,4,134522,True,91980,91981
375,5,134521,False,91976,91980
376,1,134443,True,91923,91980
376,2,134784,True,92165,91923
376,3,134516,True,91977,92165
376,4,134515,True,91976,91977
376,5,134521,True,91980,91976
377,1,134443,False,91980,91923
377,2,134522,False,91981,91980
377,3,134524,False,92166,91981
377,4,135430,True,92600,92166
377,5,135321,True,92526,92600
377,6,134787,True,92167,92526
377,7,135310,True,92519,92167
377,8,134786,True,92165,92519
377,9,134784,False,91923,92165
378,1,134516,False,92165,91977
378,2,134786,False,92519,92165
378,3,135311,True,92518,92519
378,4,135313,True,92520,92518
378,5,135312,False,92506,92520
378,6,135294,False,92508,92506
378,7,135293,False,91977,92508
379,1,134787,False,92526,92167
379,2,135489,True,92640,92526
379,3,135323,True,92527,92640
379,4,135486,True,92638,92527
379,5,135322,True,92525,92638
379,6,135320,False,92520,92525
379,7,135313,False,92518,92520
379,8,135311,False,92519,92518
379,9,135310,False,92167,92519
380,1,135485,True,92637,92671
380,2,135655,True,92753,92637
380,3,135487,True,92639,92753
380,4,135490,True,92641,92639
380,5,135533,True,92671,92641
381,1,135323,False,92640,92527
381,2,135491,True,92641,92640
381,3,135490,False,92639,92641
381,4,135488,True,92638,92639
381,5,135486,False,92527,92638
382,1,134374,False,92171,91871
382,2,134792,True,92170,92171
382,3,134794,True,92172,92170
382,4,134793,False,92169,92172
382,5,134790,True,92168,92169
382,6,134788,False,91871,92168
383,1,134791,False,92646,92171
383,2,135780,True,92832,92646
383,3,135865,True,92891,92832
383,4,135512,True,92656,92891
383,5,135498,True,92645,92656
383,6,135496,False,92253,92645
383,7,134910,False,92507,92253
383,8,135295,False,92170,92507
383,9,134792,False,92171,92170
384,1,134899,False,92655,92245
384,2,135513,False,92656,92655
384,3,135512,False,92891,92656
384,4,135865,False,92832,92891
384,5,135781,False,92245,92832
385,1,134897,True,92243,92649
385,2,135511,True,92655,92243
385,3,134899,True,92245,92655
385,4,134898,False,92244,92245
385,5,135502,True,92649,92244
386,1,134897,False,92649,92243
386,2,135507,True,92652,92649
386,3,135506,False,92653,92652
386,4,135510,True,92654,92653
386,5,135509,True,92651,92654
386,6,135505,False,92650,92651
386,7,135504,True,92243,92650
387,1,135498,False,92656,92645
387,2,135513,True,92655,92656
387,3,135511,False,92243,92655
387,4,135504,False,92650,92243
387,5,135503,False,92645,92650
388,1,134882,False,92253,92232
388,2,135496,True,92645,92253
388,3,135503,True,92650,92645
388,4,135505,True,92651,92650
388,5,134913,True,92255,92651
388,6,135429,True,92599,92255
388,7,134912,True,92254,92599
388,8,134911,False,92232,92254
389,1,134474,False,92908,91947
389,2,135888,False,92613,92908
389,3,135453,False,92665,92613
389,4,135526,False,92664,92665
389,5,135524,False,91947,92664
390,1,134475,True,91946,92245
390,2,134476,True,91947,91946
390,3,135524,True,92664,91947
390,4,134896,True,92244,92664
390,5,134898,True,92245,92244
391,1,40368,False,92652,27517
391,2,135507,False,92649,92652
391,3,135502,False,92244,92649
391,4,134896,False,92664,92244
391,5,135526,True,92665,92664
391,6,135525,False,92615,92665
391,7,135452,False,27516,92615
391,8,40369,False,27517,27516
392,1,134373,False,91947,91872
392,2,134476,False,91946,91947
392,3,134475,False,92245,91946
392,4,135781,True,92832,92245
392,5,135780,False,92646,92832
392,6,135497,False,91872,92646
393,1,134374,True,91871,92171
393,2,134788,True,92168,91871
393,3,134376,True,91873,92168
393,4,134375,False,91872,91873
393,5,135497,True,92646,91872
393,6,134791,True,92171,92646
394,1,134376,False,92168,91873
394,2,134790,False,92169,92168
394,3,134789,False,91873,92169
395,1,37850,False,91944,25866
395,2,134472,False,92750,91944
395,3,135653,False,92751,92750
395,4,135652,False,92667,92751
395,5,135527,False,91983,92667
395,6,134525,False,92668,91983
395,7,135530,False,92666,92668
395,8,135528,False,92752,92666
395,9,135656,False,92753,92752
395,10,135655,False,92637,92753
395,11,135485,False,92671,92637
395,12,135534,False,92669,92671
395,13,135532,False,92670,92669
395,14,135531,False,25866,92670
396,1,135528,True,92666,92752
396,2,135530,True,92668,92666
396,3,135529,False,92667,92668
396,4,135652,True,92751,92667
396,5,135654,True,92752,92751
397,1,134525,True,91983,92668
397,2,135527,True,92667,91983
397,3,135529,True,92668,92667
398,1,7145,False,91943,5124
398,2,134530,True,91987,91943
398,3,135651,True,92750,91987
398,4,134472,True,91944,92750
398,5,134471,False,5124,91944
399,1,134529,False,92525,91986
399,2,135322,False,92638,92525
399,3,135488,False,92639,92638
399,4,135487,False,92753,92639
399,5,135656,True,92752,92753
399,6,135654,False,92751,92752
399,7,135653,True,92750,92751
399,8,135651,False,91987,92750
399,9,134531,False,91986,91987
400,1,7143,False,91985,5123
400,2,135391,True,92574,91985
400,3,134528,True,91984,92574
400,4,134526,False,91856,91984
400,5,134355,False,91986,91856
400,6,134531,True,91987,91986
400,7,134530,False,91943,91987
400,8,134470,False,5123,91943
401,1,134355,True,91856,91986
401,2,134526,True,91984,91856
401,3,135403,True,92582,91984
401,4,135673,True,92765,92582
401,5,134679,True,92090,92765
401,6,134678,True,92089,92090
401,7,135449,True,92613,92089
401,8,135888,True,92908,92613
401,9,134474,True,91947,92908
401,10,134373,True,91872,91947
401,11,134375,True,91873,91872
401,12,134789,True,92169,91873
401,13,134793,True,92172,92169
401,14,135291,True,92506,92172
401,15,135312,True,92520,92506
401,16,135320,True,92525,92520
401,17,134529,True,91986,92525
402,1,39225,False,92670,26767
402,2,135532,True,92669,92670
402,3,135534,True,92671,92669
402,4,135533,False,92641,92671
402,5,135491,False,92640,92641
402,6,135489,False,92526,92640
402,7,135321,False,92600,92526
402,8,135431,False,92599,92600
402,9,135429,False,92255,92599
402,10,134913,False,92651,92255
402,11,135509,False,92654,92651
402,12,135510,False,92653,92654
402,13,135508,False,26767,92653
403,1,135493,True,92642,92776
403,2,135495,True,92644,92642
403,3,135494,False,92643,92644
403,4,135692,True,92776,92643
404,1,135477,False,92775,92630
404,2,135693,True,92776,92775
404,3,135692,False,92643,92776
404,4,135492,False,92630,92643
405,1,135475,False,92631,92630
405,2,135538,True,92674,92631
405,3,135691,True,92775,92674
405,4,135477,True,92630,92775
406,1,134353,False,92644,91854
406,2,135495,False,92642,92644
406,3,135493,False,92776,92642
406,4,135693,False,92775,92776
406,5,135691,False,92674,92775
406,6,135539,False,92688,92674
406,7,135561,False,92689,92688
406,8,135560,False,92606,92689
406,9,135439,False,92601,92606
406,10,135432,False,92604,92601
406,11,135436,False,92602,92604
406,12,135433,False,92864,92602
406,13,135827,True,92865,92864
406,14,135826,False,91854,92865
407,1,135476,False,91854,92631
407,2,135826,True,92865,91854
407,3,135574,True,92699,92865
407,4,135540,True,92675,92699
407,5,135568,True,92694,92675
407,6,135563,True,92691,92694
407,7,135559,True,92688,92691
407,8,135539,True,92674,92688
407,9,135538,False,92631,92674
408,1,135559,False,92691,92688
408,2,135598,True,92714,92691
408,3,135584,True,92706,92714
408,4,135578,True,92701,92706
408,5,135648,True,92748,92701
408,6,135564,True,92690,92748
408,7,135562,False,92689,92690
408,8,135561,True,92688,92689
409,1,134353,True,91854,92644
409,2,135476,True,92631,91854
409,3,135475,True,92630,92631
409,4,135492,True,92643,92630
409,5,135494,True,92644,92643
410,1,134350,True,91851,92673
410,2,135142,True,92406,91851
410,3,134352,True,91853,92406
410,4,134351,False,91852,91853
410,5,135566,True,92693,91852
410,6,135571,True,92696,92693
410,7,134914,True,92257,92696
410,8,134916,True,92258,92257
410,9,135536,True,92673,92258
411,1,134918,False,92636,92258
411,2,135484,False,92672,92636
411,3,135551,True,92683,92672
411,4,135537,True,92673,92683
411,5,135536,False,92258,92673
412,1,134350,False,92673,91851
412,2,135537,False,92683,92673
412,3,135552,False,92682,92683
412,4,135550,False,92678,92682
412,5,135543,False,92406,92678
412,6,135142,False,91851,92406
413,1,134338,False,91853,91842
413,2,134352,False,92406,91853
413,3,135543,True,92678,92406
413,4,135143,True,92405,92678
413,5,135545,True,92680,92405
413,6,135141,True,91842,92680
414,1,134338,True,91842,91853
414,2,134532,True,91989,91842
414,3,134534,True,91990,91989
414,4,134349,True,91852,91990
414,5,134351,True,91853,91852
415,1,134532,False,91842,91989
415,2,135141,False,92680,91842
415,3,135546,False,92676,92680
415,4,135541,False,92685,92676
415,5,135555,False,92684,92685
415,6,135553,False,91989,92684
416,1,135143,False,92678,92405
416,2,135550,True,92682,92678
416,3,135547,True,92679,92682
416,4,135544,True,92677,92679
416,5,135542,False,92676,92677
416,6,135546,True,92680,92676
416,7,135545,False,92405,92680
417,1,135535,False,92681,92672
417,2,135823,True,92863,92681
417,3,135549,True,92679,92863
417,4,135547,False,92682,92679
417,5,135552,True,92683,92682
417,6,135551,False,92672,92683
418,1,134570,False,92677,92015
418,2,135544,False,92679,92677
418,3,135549,False,92863,92679
418,4,135824,True,92862,92863
418,5,135822,True,92861,92862
418,6,135821,False,92847,92861
418,7,135802,False,92015,92847
419,1,134464,False,91992,91938
419,2,134538,False,91988,91992
419,3,134533,False,92684,91988
419,4,135555,True,92685,92684
419,5,135554,False,91938,92685
420,1,134569,True,91938,92015
420,2,135554,True,92685,91938
420,3,135541,True,92676,92685
420,4,135542,True,92677,92676
420,5,134570,True,92015,92677
421,1,134464,True,91938,91992
421,2,135761,True,92821,91938
421,3,135721,True,92795,92821
421,4,134803,True,92179,92795
421,5,134535,True,91991,92179
421,6,134537,True,91992,91991
422,1,134569,False,92015,91938
422,2,135802,True,92847,92015
422,3,135801,False,92822,92847
422,4,135763,False,92821,92822
422,5,135761,False,91938,92821
423,1,135721,False,92821,92795
423,2,135763,True,92822,92821
423,3,135762,False,92794,92822
423,4,135722,False,92795,92794
424,1,135515,False,92904,92658
424,2,135884,True,92903,92904
424,3,135882,False,92146,92903
424,4,135879,False,92658,92146
425,1,134758,True,92146,92861
425,2,135882,True,92903,92146
425,3,135718,True,92793,92903
425,4,135720,True,92794,92793
425,5,135762,True,92822,92794
425,6,135801,True,92847,92822
425,7,135821,True,92861,92847
426,1,134758,False,92861,92146
426,2,135822,False,92862,92861
426,3,135824,False,92863,92862
426,4,135823,False,92681,92863
426,5,135548,False,92809,92681
426,6,135743,False,92808,92809
426,7,135741,False,92658,92808
426,8,135879,True,92146,92658
427,1,134608,False,92635,92043
427,2,135742,True,92809,92635
427,3,135548,True,92681,92809
427,4,135535,True,92672,92681
427,5,135484,True,92636,92672
427,6,135483,False,92259,92636
427,7,134917,False,92043,92259
428,1,135482,False,92657,92635
428,2,135516,False,92808,92657
428,3,135743,True,92809,92808
428,4,135742,False,92635,92809
429,1,134348,True,91850,92043
429,2,134606,True,92041,91850
429,3,135500,True,92648,92041
429,4,135518,True,92660,92648
429,5,135514,True,92657,92660
429,6,135482,True,92635,92657
429,7,134608,True,92043,92635
430,1,134607,False,92647,92041
430,2,135501,True,92648,92647
430,3,135500,False,92041,92648
431,1,135514,False,92660,92657
431,2,135519,True,92659,92660
431,3,135517,False,92658,92659
431,4,135741,True,92808,92658
431,5,135516,True,92657,92808
432,1,135499,False,92896,92647
432,2,135872,True,92895,92896
432,3,135870,False,92659,92895
432,4,135519,False,92660,92659
432,5,135518,False,92648,92660
432,6,135501,False,92647,92648
433,1,134304,False,92895,91813
433,2,135872,False,92896,92895
433,3,135871,False,92907,92896
433,4,135887,False,92710,92907
433,5,135594,False,92711,92710
433,6,135593,False,91813,92711
434,1,134796,True,92173,92174
434,2,135556,True,92686,92173
434,3,134800,True,92176,92686
434,4,134799,False,92175,92176
434,5,135573,True,92698,92175
434,6,135441,True,92608,92698
434,7,135443,True,92609,92608
434,8,134798,True,92174,92609
435,1,134797,False,92697,92175
435,2,135577,True,92700,92697
435,3,135576,True,92696,92700
435,4,135571,False,92693,92696
435,5,135567,False,92695,92693
435,6,135570,True,92694,92695
435,7,135568,False,92675,92694
435,8,135540,False,92699,92675
435,9,135575,True,92698,92699
435,10,135573,False,92175,92698
436,1,134915,True,92256,92726
436,2,135606,True,92720,92256
436,3,134920,True,92260,92720
436,4,134919,False,92259,92260
436,5,135483,True,92636,92259
436,6,134918,True,92258,92636
436,7,134916,False,92257,92258
436,8,135796,True,92843,92257
436,9,135612,True,92724,92843
436,10,135615,True,92726,92724
437,1,134348,False,92043,91850
437,2,134917,True,92259,92043
437,3,134919,True,92260,92259
437,4,134609,True,92042,92260
437,5,135609,True,92722,92042
437,6,135591,True,92710,92722
437,7,135887,True,92907,92710
437,8,135871,True,92896,92907
437,9,135499,True,92647,92896
437,10,134607,True,92041,92647
437,11,134606,False,91850,92041
438,1,135591,False,92722,92710
438,2,135610,False,92850,92722
438,3,135806,True,92849,92850
438,4,135804,False,92839,92849
438,5,135792,False,92840,92839
438,6,135791,False,92851,92840
438,7,135895,True,92914,92851
438,8,135809,True,92852,92914
438,9,135808,False,92710,92852
439,1,134888,False,92909,92238
439,2,135889,False,92704,92909
439,3,135586,False,92706,92704
439,4,135584,False,92714,92706
439,5,135600,False,92715,92714
439,6,135599,False,92838,92715
439,7,135790,False,92849,92838
439,8,135806,False,92850,92849
439,9,135805,False,92721,92850
439,10,135608,False,92238,92721
440,1,134893,False,92702,92240
440,2,135580,True,92701,92702
440,3,135578,False,92706,92701
440,4,135586,True,92704,92706
440,5,135582,False,92703,92704
440,6,135585,True,92705,92703
440,7,135583,False,92240,92705
441,1,135049,False,92705,92342
441,2,135585,False,92703,92705
441,3,135581,False,92708,92703
441,4,135589,True,92707,92708
441,5,135587,False,92342,92707
442,1,134539,True,91993,92128
442,2,134730,True,92126,91993
442,3,134892,True,92240,92126
442,4,135583,True,92705,92240
442,5,135049,True,92342,92705
442,6,134732,True,92128,92342
443,1,134304,True,91813,92895
443,2,135593,True,92711,91813
443,3,135596,True,92713,92711
443,4,135883,True,92904,92713
443,5,135515,True,92658,92904
443,6,135517,True,92659,92658
443,7,135870,True,92895,92659
444,1,135597,False,92791,92713
444,2,135717,False,92792,92791
444,3,135719,False,92793,92792
444,4,135718,False,92903,92793
444,5,135884,False,92904,92903
444,6,135883,False,92713,92904
445,1,134803,False,92795,92179
445,2,135722,True,92794,92795
445,3,135720,False,92793,92794
445,4,135719,True,92792,92793
445,5,135717,True,92791,92792
445,6,135716,False,92712,92791
445,7,135595,False,92179,92712
446,1,134533,True,91988,92684
446,2,134538,True,91992,91988
446,3,134537,False,91991,91992
446,4,134801,True,92177,91991
446,5,135565,True,92692,92177
446,6,134536,True,91990,92692
446,7,134534,False,91989,91990
446,8,135553,True,92684,91989
447,1,134349,False,91990,91852
447,2,134536,False,92692,91990
447,3,135569,True,92695,92692
447,4,135567,True,92693,92695
447,5,135566,False,91852,92693
448,1,134804,False,92712,92178
448,2,135716,True,92791,92712
448,3,135597,True,92713,92791
448,4,135596,False,92711,92713
448,5,135594,True,92710,92711
448,6,135808,True,92852,92710
448,7,135807,True,92851,92852
448,8,135791,True,92840,92851
448,9,135592,True,92709,92840
448,10,135590,False,92662,92709
448,11,135520,False,92178,92662
449,1,135521,True,92661,92709
449,2,135523,True,92663,92661
449,3,135522,False,92662,92663
449,4,135590,True,92709,92662
450,1,135521,False,92709,92661
450,2,135592,False,92840,92709
450,3,135792,True,92839,92840
450,4,135804,True,92849,92839
450,5,135790,True,92838,92849
450,6,135789,False,92663,92838
450,7,135523,False,92661,92663
451,1,134535,False,92179,91991
451,2,135595,True,92712,92179
451,3,134804,True,92178,92712
451,4,135520,True,92662,92178
451,5,135522,True,92663,92662
451,6,135789,True,92838,92663
451,7,135599,True,92715,92838
451,8,134802,True,92177,92715
451,9,134801,False,91991,92177
452,1,134802,False,92715,92177
452,2,135600,True,92714,92715
452,3,135598,False,92691,92714
452,4,135563,False,92694,92691
452,5,135570,False,92695,92694
452,6,135569,False,92692,92695
452,7,135565,False,92177,92692
453,1,134609,False,92260,92042
453,2,134920,False,92720,92260
453,3,135793,True,92841,92720
453,4,135607,True,92719,92841
453,5,135605,False,92628,92719
453,6,135470,False,92721,92628
453,7,135805,True,92850,92721
453,8,135610,True,92722,92850
453,9,135609,False,92042,92722
454,1,134871,False,92553,92226
454,2,135366,False,92554,92553
454,3,135362,False,92555,92554
454,4,135365,False,92842,92555
454,5,135795,True,92841,92842
454,6,135793,False,92720,92841
454,7,135606,False,92256,92720
454,8,134915,False,92726,92256
454,9,135616,False,92725,92726
454,10,135614,False,92226,92725
455,1,134914,False,92696,92257
455,2,135576,False,92700,92696
455,3,135577,False,92697,92700
455,4,135572,False,92723,92697
455,5,135613,False,92724,92723
455,6,135612,False,92843,92724
455,7,135796,False,92257,92843
456,1,134354,True,91855,92176
456,2,135611,True,92723,91855
456,3,135572,True,92697,92723
456,4,134797,True,92175,92697
456,5,134799,True,92176,92175
457,1,134354,False,92176,91855
457,2,134800,False,92686,92176
457,3,135558,False,92687,92686
457,4,135557,False,92725,92687
457,5,135616,True,92726,92725
457,6,135615,False,92724,92726
457,7,135613,True,92723,92724
457,8,135611,False,91855,92723
458,1,134795,False,92225,92174
458,2,134872,False,92687,92225
458,3,135558,True,92686,92687
458,4,135556,False,92173,92686
458,5,134796,False,92174,92173
459,1,135807,False,92852,92851
459,2,135809,False,92914,92852
459,3,135895,False,92851,92914
460,1,135694,False,92871,92777
460,2,135835,False,92778,92871
460,3,135696,False,92777,92778
461,1,134922,True,92261,92777
461,2,134924,True,92263,92261
461,3,134923,False,92262,92263
461,4,135695,True,92778,92262
461,5,135835,True,92871,92778
461,6,135694,True,92777,92871
462,1,134718,False,92199,92118
462,2,134836,False,92481,92199
462,3,135256,False,92595,92481
462,4,135422,False,92592,92595
462,5,135418,False,92738,92592
462,6,135635,False,92739,92738
462,7,135634,False,92117,92739
462,8,134721,False,92263,92117
462,9,134924,False,92261,92263
462,10,134922,False,92777,92261
462,11,135696,True,92778,92777
462,12,135695,False,92262,92778
462,13,134921,False,92118,92262
463,1,134445,False,92116,91925
463,2,134720,True,92119,92116
463,3,134719,False,92115,92119
463,4,134715,True,92114,92115
463,5,134713,False,91968,92114
463,6,134505,False,92118,91968
463,7,134921,True,92262,92118
463,8,134923,True,92263,92262
463,9,134721,True,92117,92263
463,10,134717,False,91925,92117
464,1,134446,False,92430,91924
464,2,135182,False,92737,92430
464,3,135632,True,92736,92737
464,4,135630,False,91924,92736
465,1,134504,False,92741,91966
465,2,135638,True,92740,92741
465,3,135636,False,92002,92740
465,4,134930,False,92267,92002
465,5,134929,False,92250,92267
465,6,134906,False,92246,92250
465,7,134901,False,92247,92246
465,8,134900,False,92739,92247
465,9,135635,True,92738,92739
465,10,135633,False,91966,92738
466,1,134444,False,91925,91924
466,2,134717,True,92117,91925
466,3,135634,True,92739,92117
466,4,134900,True,92247,92739
466,5,134902,True,92248,92247
466,6,135601,True,92716,92248
466,7,134903,True,92249,92716
466,8,134905,True,92250,92249
466,9,134929,True,92267,92250
466,10,135177,True,92429,92267
466,11,135178,True,92430,92429
466,12,134446,True,91924,92430
467,1,134903,False,92716,92249
467,2,135601,False,92248,92716
467,3,134904,False,92266,92248
467,4,134928,False,92264,92266
467,5,134926,False,92265,92264
467,6,134925,False,92249,92265
468,1,134926,True,92264,92265
468,2,134928,True,92266,92264
468,3,134927,False,92265,92266
469,1,134901,True,92246,92247
469,2,134906,True,92250,92246
469,3,134905,False,92249,92250
469,4,134925,True,92265,92249
469,5,134927,True,92266,92265
469,6,134904,True,92248,92266
469,7,134902,False,92247,92248
470,1,135617,True,92727,92912
470,2,135893,True,92912,92727
471,1,134549,False,92734,92001
471,2,135629,False,92742,92734
471,3,135641,True,92743,92742
471,4,135640,False,92101,92743
471,5,134694,False,92001,92101
472,1,134541,True,91994,91995
472,2,134548,True,92001,91994
472,3,134694,True,92101,92001
472,4,134543,True,91996,92101
472,5,134542,False,91995,91996
473,1,38850,False,91999,26520
473,2,134550,True,92000,91999
473,3,134547,True,91998,92000
473,4,134545,False,91997,91998
473,5,135445,True,92610,91997
473,6,135628,True,92735,92610
473,7,135627,True,92734,92735
473,8,134549,True,92001,92734
473,9,134548,False,91994,92001
473,10,134541,False,91995,91994
473,11,134540,False,26520,91995
474,1,135627,False,92735,92734
474,2,135639,True,92742,92735
474,3,135629,True,92734,92742
475,1,135446,False,92910,92611
475,2,135892,True,92911,92910
475,3,135891,False,92743,92911
475,4,135641,False,92742,92743
475,5,135639,False,92735,92742
475,6,135628,False,92610,92735
475,7,135447,False,92611,92610
475,8,135617,False,92912,92727
475,9,135893,False,92727,92912
476,1,134731,False,92242,92126
476,2,134895,True,92241,92242
476,3,135065,True,92353,92241
476,4,135833,True,92870,92353
476,5,135896,True,92915,92870
476,6,135579,True,92702,92915
476,7,134893,True,92240,92702
476,8,134892,False,92126,92240
477,1,135579,False,92915,92702
477,2,135896,False,92870,92915
477,3,135834,False,92869,92870
477,4,135832,False,92748,92869
477,5,135648,False,92701,92748
477,6,135580,False,92702,92701
478,1,135066,False,92419,92353
478,2,135164,False,92745,92419
478,3,135644,False,92744,92745
478,4,135642,False,92868,92744
478,5,135831,True,92867,92868
478,6,135829,False,92756,92867
478,7,135659,False,92749,92756
478,8,135650,False,92869,92749
478,9,135834,True,92870,92869
478,10,135833,False,92353,92870
479,1,134839,False,92690,92203
479,2,135564,False,92748,92690
479,3,135832,True,92869,92748
479,4,135650,True,92749,92869
479,5,135649,False,92740,92749
479,6,135638,False,92741,92740
479,7,135637,False,92205,92741
479,8,134841,False,92203,92205
480,1,39299,False,92098,26814
480,2,134692,False,92100,92098
480,3,134695,False,92532,92100
480,4,135330,False,92603,92532
480,5,135440,False,92817,92603
480,6,194986,True,133621,92817
480,7,171223,True,117065,133621
480,8,135757,True,92818,117065
480,9,135756,False,26814,92818
481,1,135604,False,92744,92717
481,2,135644,True,92745,92744
481,3,135643,False,92747,92745
481,4,135647,True,92746,92747
481,5,135645,False,92717,92746
482,1,135602,False,92718,92717
482,2,135830,True,92868,92718
482,3,135642,True,92744,92868
482,4,135604,True,92717,92744
483,1,134907,False,92252,92251
483,2,135661,True,92757,92252
483,3,135603,True,92718,92757
483,4,135602,True,92717,92718
483,5,135645,True,92746,92717
483,6,134909,True,92251,92746
484,1,134909,False,92746,92251
484,2,135647,False,92747,92746
484,3,135646,False,92761,92747
484,4,135669,False,92848,92761
484,5,135803,False,92762,92848
484,6,135668,False,92251,92762
485,1,135603,False,92757,92718
485,2,135663,False,92758,92757
485,3,135662,False,92867,92758
485,4,135831,False,92868,92867
485,5,135830,False,92718,92868
486,1,134934,False,92756,92270
486,2,135829,True,92867,92756
486,3,135662,True,92758,92867
486,4,135660,True,92755,92758
486,5,135658,True,92754,92755
486,6,135657,False,92270,92754
487,1,134936,False,92754,92271
487,2,135658,False,92755,92754
487,3,135660,False,92758,92755
487,4,135663,True,92757,92758
487,5,135661,False,92252,92757
487,6,135626,False,92733,92252
487,7,135625,False,92271,92733
488,1,134306,True,91815,92122
488,2,134908,True,92252,91815
488,3,134907,True,92251,92252
488,4,135668,True,92762,92251
488,5,134722,True,92121,92762
488,6,134724,True,92122,92121
489,1,134723,True,92120,92730
489,2,135622,True,92732,92120
489,3,134725,True,92122,92732
489,4,134724,False,92121,92122
489,5,135620,True,92730,92121
490,1,134723,False,92730,92120
490,2,135624,True,92731,92730
490,3,135665,True,92760,92731
490,4,135621,True,92729,92760
490,5,135619,False,92728,92729
490,6,135623,True,92732,92728
490,7,135622,False,92120,92732
491,1,134306,False,92122,91815
491,2,134725,False,92732,92122
491,3,135623,False,92728,92732
491,4,135618,False,92049,92728
491,5,134617,False,92733,92049
491,6,135626,True,92252,92733
491,7,134908,False,91815,92252
492,1,134305,False,92049,91814
492,2,135618,True,92728,92049
492,3,135619,True,92729,92728
492,4,134618,True,92048,92729
492,5,134616,True,91814,92048
493,1,134305,True,91814,92049
493,2,134932,True,92269,91814
493,3,134551,True,92003,92269
493,4,134935,True,92271,92003
493,5,135625,True,92733,92271
493,6,134617,True,92049,92733
494,1,134551,False,92269,92003
494,2,134933,True,92268,92269
494,3,134931,True,92267,92268
494,4,134930,True,92002,92267
494,5,134552,False,92003,92002
495,1,134553,False,92270,92003
495,2,135657,True,92754,92270
495,3,134936,True,92271,92754
495,4,134935,False,92003,92271
496,1,134552,True,92002,92003
496,2,135636,True,92740,92002
496,3,135649,True,92749,92740
496,4,135659,True,92756,92749
496,5,134934,True,92270,92756
496,6,134553,True,92003,92270
497,1,134616,False,92048,91814
497,2,134618,False,92729,92048
497,3,135621,False,92760,92729
497,4,135666,True,92759,92760
497,5,135664,False,92412,92759
497,6,135151,False,92432,92412
497,7,135181,False,92429,92432
497,8,135177,False,92267,92429
497,9,134931,False,92268,92267
497,10,134933,False,92269,92268
497,11,134932,False,91814,92269
498,1,134722,False,92762,92121
498,2,135803,True,92848,92762
498,3,135669,True,92761,92848
498,4,135667,False,92420,92761
498,5,135163,False,92759,92420
498,6,135666,False,92760,92759
498,7,135665,False,92731,92760
498,8,135624,False,92730,92731
498,9,135620,False,92121,92730
