nid,x,y,nseq,eid
27982,72284.7359649513,32747.4028711972,1,40992
27982,72284.7359649513,32747.4028711972,2,40991
27982,72284.7359649513,32747.4028711972,3,184646
28086,76035.3444596442,61854.2850483584,1,41142
28086,76035.3444596442,61854.2850483584,2,41144
28086,76035.3444596442,61854.2850483584,3,184612
28633,75300.9725549904,94339.2362388575,1,41961
28633,75300.9725549904,94339.2362388575,2,41960
28633,75300.9725549904,94339.2362388575,3,98549
28698,75382.5940844815,91238.2414561003,1,42059
28698,75382.5940844815,91238.2414561003,2,42056
28698,75382.5940844815,91238.2414561003,3,184857
28699,75784.177174161,76802.6301018006,1,42057
28699,75784.177174161,76802.6301018006,2,41143
28699,75784.177174161,76802.6301018006,3,184856
29187,71336.1360996003,36194.8582450395,1,184765
29187,71336.1360996003,36194.8582450395,2,42794
29187,71336.1360996003,36194.8582450395,3,40815
29188,75490.4797407441,46955.0902366305,1,42796
29188,75490.4797407441,46955.0902366305,2,42795
29188,75490.4797407441,46955.0902366305,3,184676
67372,75210.8461818646,102747.516048827,1,102539
67372,75210.8461818646,102747.516048827,2,98549
67372,75210.8461818646,102747.516048827,3,98551
67486,97710.6410312221,103474.555552208,1,184607
67486,97710.6410312221,103474.555552208,2,98704
67486,97710.6410312221,103474.555552208,3,98702
67487,94772.0919165247,103397.622165126,1,184630
67487,94772.0919165247,103397.622165126,2,98703
67487,94772.0919165247,103397.622165126,3,98705
67574,100144.270465605,103721.092985593,1,184609
67574,100144.270465605,103721.092985593,2,98825
67574,100144.270465605,103721.092985593,3,98827
68318,109814.128680056,92438.3799575862,1,99893
68318,109814.128680056,92438.3799575862,2,185002
68318,109814.128680056,92438.3799575862,3,99889
68322,109816.965005744,90381.6731212021,1,184663
68322,109816.965005744,90381.6731212021,2,185059
68322,109816.965005744,90381.6731212021,3,99894
68323,109814.248035234,92351.8467783579,1,99891
68323,109814.248035234,92351.8467783579,2,99894
68323,109814.248035234,92351.8467783579,3,99893
68326,113298.64262985,90521.7636214487,1,99905
68326,113298.64262985,90521.7636214487,2,99898
68326,113298.64262985,90521.7636214487,3,99896
68330,113105.656463131,84582.2003472414,1,99911
68330,113105.656463131,84582.2003472414,2,99906
68331,113385.149347885,90535.989085984,1,99907
68331,113385.149347885,90535.989085984,2,184604
68331,113385.149347885,90535.989085984,3,99905
68334,112700.317383037,82187.1330718954,1,184689
68334,112700.317383037,82187.1330718954,2,99912
68335,113513.824767277,83373.9170258026,1,99904
68335,113513.824767277,83373.9170258026,2,184680
68335,113513.824767277,83373.9170258026,3,99911
68338,126974.870883435,65039.8095778065,1,185271
68338,126974.870883435,65039.8095778065,2,99917
68339,126975.064876822,65048.5895545362,1,99369
68339,126975.064876822,65048.5895545362,2,99917
68339,126975.064876822,65048.5895545362,3,99916
68382,121186.911376827,72293.6243268055,1,99982
68382,121186.911376827,72293.6243268055,2,185234
68382,121186.911376827,72293.6243268055,3,99984
68383,115260.094860119,76893.3093931766,1,99913
68383,115260.094860119,76893.3093931766,2,185225
68383,115260.094860119,76893.3093931766,3,99983
68387,130127.315491222,57829.3862799236,1,184628
68387,130127.315491222,57829.3862799236,2,99989
68387,130127.315491222,57829.3862799236,3,99985
68391,131151.221103637,52470.2560753515,1,99994
68391,131151.221103637,52470.2560753515,2,184626
68391,131151.221103637,52470.2560753515,3,99995
69470,109822.888123793,100148.915897592,1,101600
69470,109822.888123793,100148.915897592,2,184717
69470,109822.888123793,100148.915897592,3,101601
69471,109822.967519699,101816.400548365,1,101601
69471,109822.967519699,101816.400548365,2,101602
69472,103470.16818673,103782.159453358,1,101605
69472,103470.16818673,103782.159453358,2,101603
69472,103470.16818673,103782.159453358,3,98826
69473,109823.064341846,103903.143812775,1,101604
69473,109823.064341846,103903.143812775,2,101602
69473,109823.064341846,103903.143812775,3,101605
70094,92453.549672856,103342.01217142,1,98703
70094,92453.549672856,103342.01217142,2,102540
70094,92453.549672856,103342.01217142,3,102538
70095,85017.1708202453,103124.29790327,1,184871
70095,85017.1708202453,103124.29790327,2,102539
70095,85017.1708202453,103124.29790327,3,98550
70411,126286.808368222,65542.6680088303,1,102999
70411,126286.808368222,65542.6680088303,2,99916
70411,126286.808368222,65542.6680088303,3,103001
126352,106444.354273612,77584.8280189046,1,184760
126352,106444.354273612,77584.8280189046,2,184603
126353,113302.281355359,89614.0760902221,1,184648
126353,113302.281355359,89614.0760902221,2,184606
126353,113302.281355359,89614.0760902221,3,184604
126354,112072.661007241,90324.6089000676,1,99898
126354,112072.661007241,90324.6089000676,2,184713
126354,112072.661007241,90324.6089000676,3,184605
126355,98964.7522456447,103278.51557742,1,184632
126355,98964.7522456447,103278.51557742,2,184608
126356,99030.6870034312,103616.726927794,1,98825
126356,99030.6870034312,103616.726927794,2,184608
126356,99030.6870034312,103616.726927794,3,184607
126357,100715.017269362,103731.461437697,1,185201
126357,100715.017269362,103731.461437697,2,184610
126357,100715.017269362,103731.461437697,3,184609
126358,75875.8289702019,57071.7371153453,1,184674
126358,75875.8289702019,57071.7371153453,2,184611
126358,75875.8289702019,57071.7371153453,3,41142
126359,76094.6067716329,63648.0807416498,1,184613
126359,76094.6067716329,63648.0807416498,2,184612
126359,76094.6067716329,63648.0807416498,3,184885
126360,119544.393374512,50531.3015090451,1,185052
126360,119544.393374512,50531.3015090451,2,185110
126360,119544.393374512,50531.3015090451,3,185292
126360,119544.393374512,50531.3015090451,4,184614
126361,105041.590907565,71304.8122780742,1,184615
126361,105041.590907565,71304.8122780742,2,184640
126362,111253.192256949,87423.2102572244,1,184616
126362,111253.192256949,87423.2102572244,2,185046
126362,111253.192256949,87423.2102572244,3,185078
126363,95733.6519158391,44345.9574010607,1,184617
126363,95733.6519158391,44345.9574010607,2,184768
126364,110264.757098151,88991.9212415789,1,184618
126364,110264.757098151,88991.9212415789,2,184661
126364,110264.757098151,88991.9212415789,3,184903
126365,106939.835190848,72172.6149513174,1,184621
126365,106939.835190848,72172.6149513174,2,184619
126365,106939.835190848,72172.6149513174,3,184615
126366,107229.285846978,69933.3394136982,1,184951
126366,107229.285846978,69933.3394136982,2,184620
126366,107229.285846978,69933.3394136982,3,184619
126367,112827.786940471,50080.7413009255,1,184622
126367,112827.786940471,50080.7413009255,2,184622
126368,108307.794596376,41941.1951154974,1,184623
126368,108307.794596376,41941.1951154974,2,184623
126369,107992.749265186,46766.6257597074,1,184624
126369,107992.749265186,46766.6257597074,2,184624
126370,115625.764542953,45032.6407183061,1,185217
126370,115625.764542953,45032.6407183061,2,184625
126371,131682.025692151,46060.5995705406,1,102975
126371,131682.025692151,46060.5995705406,2,184627
126371,131682.025692151,46060.5995705406,3,184626
126372,123998.600044221,51357.1519876413,1,184629
126372,123998.600044221,51357.1519876413,2,184627
126372,123998.600044221,51357.1519876413,3,185315
126373,131066.598830206,53318.3692323674,1,99995
126373,131066.598830206,53318.3692323674,2,184629
126373,131066.598830206,53318.3692323674,3,184628
126374,97475.5352267637,103155.265293488,1,184939
126374,97475.5352267637,103155.265293488,2,184631
126375,97588.2589648415,103471.214257672,1,98704
126375,97588.2589648415,103471.214257672,2,184631
126375,97588.2589648415,103471.214257672,3,184630
126376,98887.7560878977,102996.51333442,1,184887
126376,98887.7560878977,102996.51333442,2,184633
126376,98887.7560878977,102996.51333442,3,184632
126377,103226.109682704,86442.7488469035,1,184634
126377,103226.109682704,86442.7488469035,2,184845
126377,103226.109682704,86442.7488469035,3,185065
126378,95291.2093825758,101440.083515739,1,184635
126378,95291.2093825758,101440.083515739,2,184938
126379,97282.9198185317,66245.1253861086,1,184636
126379,97282.9198185317,66245.1253861086,2,185086
126379,97282.9198185317,66245.1253861086,3,185243
126379,97282.9198185317,66245.1253861086,4,184637
126380,97273.9462245637,66294.9976031312,1,184637
126380,97273.9462245637,66294.9976031312,2,184639
126381,99939.8047773665,66823.2672105816,1,184638
126381,99939.8047773665,66823.2672105816,2,184636
126381,99939.8047773665,66823.2672105816,3,184728
126382,104762.767674481,70680.9787883686,1,184640
126382,104762.767674481,70680.9787883686,2,184697
126382,104762.767674481,70680.9787883686,3,184641
126383,104012.288132356,71839.0620932526,1,184643
126383,104012.288132356,71839.0620932526,2,184699
126384,107680.450713173,72397.5053667047,1,184642
126384,107680.450713173,72397.5053667047,2,184621
126384,107680.450713173,72397.5053667047,3,184702
126385,102622.37162628,61557.7724388271,1,184644
126385,102622.37162628,61557.7724388271,2,184731
126386,72223.2645942626,31916.8004431459,1,184764
126386,72223.2645942626,31916.8004431459,2,184645
126386,72223.2645942626,31916.8004431459,3,40992
126387,71384.8715350809,34761.7068501258,1,184647
126387,71384.8715350809,34761.7068501258,2,184646
126387,71384.8715350809,34761.7068501258,3,42794
126388,113383.07981223,88033.9045040429,1,184683
126388,113383.07981223,88033.9045040429,2,184649
126388,113383.07981223,88033.9045040429,3,184648
126389,112101.245483416,88584.2873003004,1,184667
126389,112101.245483416,88584.2873003004,2,184651
126390,112106.879696283,89371.5660353611,1,184606
126390,112106.879696283,89371.5660353611,2,184651
126390,112106.879696283,89371.5660353611,3,184670
126390,112106.879696283,89371.5660353611,4,184650
126391,107672.73796448,84298.8343763399,1,184652
126391,107672.73796448,84298.8343763399,2,184746
126391,107672.73796448,84298.8343763399,3,184854
126392,100816.959905342,95553.3063785953,1,184859
126392,100816.959905342,95553.3063785953,2,185134
126392,100816.959905342,95553.3063785953,3,184653
126393,101153.909562913,85625.3046761835,1,184654
126393,101153.909562913,85625.3046761835,2,184840
126393,101153.909562913,85625.3046761835,3,185076
126394,104873.9248746,87275.3774359797,1,184658
126394,104873.9248746,87275.3774359797,2,184656
126395,105418.261515105,86433.6373847966,1,184848
126395,105418.261515105,86433.6373847966,2,184655
126395,105418.261515105,86433.6373847966,3,184657
126396,104955.629000473,87018.4175990829,1,184657
126396,104955.629000473,87018.4175990829,2,184634
126396,104955.629000473,87018.4175990829,3,184658
126397,101612.100352963,86807.7323177727,1,184659
126397,101612.100352963,86807.7323177727,2,185073
126398,93763.6094493967,86105.5390497673,1,184660
126398,93763.6094493967,86105.5390497673,2,184878
126398,93763.6094493967,86105.5390497673,3,184875
126398,93763.6094493967,86105.5390497673,4,184906
126399,111036.621280536,89068.9366328907,1,184670
126399,111036.621280536,89068.9366328907,2,184662
126399,111036.621280536,89068.9366328907,3,184661
126399,111036.621280536,89068.9366328907,4,184710
126400,109675.344044744,88097.2008542983,1,185079
126400,109675.344044744,88097.2008542983,2,184706
126400,109675.344044744,88097.2008542983,3,184664
126401,109817.556584985,89952.6074723875,1,184665
126401,109817.556584985,89952.6074723875,2,185342
126401,109817.556584985,89952.6074723875,3,184663
126402,110241.042998868,90042.13168539,1,184715
126402,110241.042998868,90042.13168539,2,184666
126402,110241.042998868,90042.13168539,3,184665
126403,112097.293030294,88321.1543044948,1,184649
126403,112097.293030294,88321.1543044948,2,185346
126403,112097.293030294,88321.1543044948,3,184669
126403,112097.293030294,88321.1543044948,4,184667
126404,111211.898195476,88552.6208977521,1,184669
126404,111211.898195476,88552.6208977521,2,184668
126404,111211.898195476,88552.6208977521,3,184662
126405,98129.2345076885,57669.810229458,1,184671
126405,98129.2345076885,57669.810229458,2,184678
126405,98129.2345076885,57669.810229458,3,184675
126406,98756.2745008748,46423.5659633956,1,184767
126406,98756.2745008748,46423.5659633956,2,184672
126406,98756.2745008748,46423.5659633956,3,184673
126407,97451.1920047496,46691.6815456176,1,184673
126407,97451.1920047496,46691.6815456176,2,184617
126407,97451.1920047496,46691.6815456176,3,184677
126408,96152.9718067643,57591.9616645764,1,184675
126408,96152.9718067643,57591.9616645764,2,184674
126408,96152.9718067643,57591.9616645764,3,185083
126409,75659.8736452663,51399.2103022012,1,185142
126409,75659.8736452663,51399.2103022012,2,184676
126409,75659.8736452663,51399.2103022012,3,184611
126410,98463.1533054917,56719.1275043664,1,184797
126410,98463.1533054917,56719.1275043664,2,184679
126410,98463.1533054917,56719.1275043664,3,184678
126411,112884.870266824,82715.8251005127,1,184680
126411,112884.870266824,82715.8251005127,2,99912
126411,112884.870266824,82715.8251005127,3,184681
126412,111628.22790309,83323.5504448764,1,184681
126412,111628.22790309,83323.5504448764,2,184687
126412,111628.22790309,83323.5504448764,3,184753
126412,111628.22790309,83323.5504448764,4,184686
126413,113154.096260015,86326.6462874109,1,184684
126413,113154.096260015,86326.6462874109,2,184682
126413,113154.096260015,86326.6462874109,3,185345
126414,113744.11115204,86415.4977604218,1,99906
126414,113744.11115204,86415.4977604218,2,184684
126414,113744.11115204,86415.4977604218,3,184683
126415,112080.871826929,86157.6971851061,1,184682
126415,112080.871826929,86157.6971851061,2,184686
126415,112080.871826929,86157.6971851061,3,184685
126416,109507.207588262,81710.4577985775,1,184688
126416,109507.207588262,81710.4577985775,2,185097
126416,109507.207588262,81710.4577985775,3,185095
126417,111290.706752861,80554.2696999185,1,185099
126417,111290.706752861,80554.2696999185,2,184690
126418,113375.095855859,80453.7448532541,1,184691
126418,113375.095855859,80453.7448532541,2,185096
126418,113375.095855859,80453.7448532541,3,184689
126419,114121.462422164,78314.8739427903,1,185222
126419,114121.462422164,78314.8739427903,2,184692
126419,114121.462422164,78314.8739427903,3,184691
126420,102477.288088574,63081.7645634403,1,184694
126420,102477.288088574,63081.7645634403,2,184696
126421,104805.523368109,64492.816947868,1,184695
126421,104805.523368109,64492.816947868,2,184722
126421,104805.523368109,64492.816947868,3,184693
126422,102839.268386914,62144.0592627634,1,184695
126422,102839.268386914,62144.0592627634,2,184644
126422,102839.268386914,62144.0592627634,3,184696
126423,105319.37787369,69448.5254989621,1,184620
126423,105319.37787369,69448.5254989621,2,184698
126423,105319.37787369,69448.5254989621,3,184697
126424,103972.088247123,68412.5088270632,1,184967
126424,103972.088247123,68412.5088270632,2,184700
126425,104612.263085852,70767.6238057686,1,184641
126425,104612.263085852,70767.6238057686,2,185252
126425,104612.263085852,70767.6238057686,3,184699
126426,106750.478292764,74117.3402977594,1,184703
126426,106750.478292764,74117.3402977594,2,184701
126426,106750.478292764,74117.3402977594,3,185018
126427,107641.666992273,72646.1442598118,1,184702
126427,107641.666992273,72646.1442598118,2,184701
126427,107641.666992273,72646.1442598118,3,185088
126428,109027.363933478,67296.0941193439,1,184927
126428,109027.363933478,67296.0941193439,2,184704
126429,108184.644185478,83466.8254680448,1,184705
126429,108184.644185478,83466.8254680448,2,184818
126429,108184.644185478,83466.8254680448,3,184751
126430,108977.526873524,88781.0367538946,1,184708
126430,108977.526873524,88781.0367538946,2,184774
126431,109878.868003367,88888.079960944,1,184664
126431,109878.868003367,88888.079960944,2,184708
126431,109878.868003367,88888.079960944,3,184707
126432,101684.206621387,79244.8172709012,1,184709
126432,101684.206621387,79244.8172709012,2,185145
126432,101684.206621387,79244.8172709012,3,185367
126433,110986.724997526,89185.4836965393,1,184714
126433,110986.724997526,89185.4836965393,2,184710
126433,110986.724997526,89185.4836965393,3,184711
126434,110602.245469273,89877.0937233522,1,184712
126434,110602.245469273,89877.0937233522,2,184711
126434,110602.245469273,89877.0937233522,3,184618
126435,110607.289467218,89889.4300916428,1,184716
126435,110607.289467218,89889.4300916428,2,184712
126436,112112.660122882,90071.8774854826,1,184650
126436,112112.660122882,90071.8774854826,2,184714
126436,112112.660122882,90071.8774854826,3,184713
126437,110689.937755333,90107.8858751192,1,184605
126437,110689.937755333,90107.8858751192,2,184716
126437,110689.937755333,90107.8858751192,3,184715
126438,104323.820782549,98219.6306519861,1,184718
126438,104323.820782549,98219.6306519861,2,185356
126438,104323.820782549,98219.6306519861,3,185361
126439,109822.875887204,99895.234683552,1,184719
126439,109822.875887204,99895.234683552,2,184718
126439,109822.875887204,99895.234683552,3,184717
126440,109827.308954636,96026.492583013,1,99889
126440,109827.308954636,96026.492583013,2,184720
126440,109827.308954636,96026.492583013,3,184719
126441,100043.889310111,64767.7631239339,1,184723
126441,100043.889310111,64767.7631239339,2,184721
126441,100043.889310111,64767.7631239339,3,184638
126442,104153.658053347,64486.3015176978,1,184722
126442,104153.658053347,64486.3015176978,2,184724
126442,104153.658053347,64486.3015176978,3,185255
126443,103473.818918002,64457.1742098593,1,184724
126443,103473.818918002,64457.1742098593,2,184694
126443,103473.818918002,64457.1742098593,3,184726
126444,100064.629999461,64366.2593905168,1,185084
126444,100064.629999461,64366.2593905168,2,184725
126444,100064.629999461,64366.2593905168,3,184721
126445,98425.6149630659,68032.1774199298,1,184729
126445,98425.6149630659,68032.1774199298,2,184727
126445,98425.6149630659,68032.1774199298,3,185020
126446,99905.3418867602,67258.4261882699,1,184728
126446,99905.3418867602,67258.4261882699,2,184727
126446,99905.3418867602,67258.4261882699,3,185260
126447,105668.714978286,81893.7518187195,1,184730
126447,105668.714978286,81893.7518187195,2,185115
126447,105668.714978286,81893.7518187195,3,184972
126448,100996.906519629,59163.3493987609,1,184732
126448,100996.906519629,59163.3493987609,2,184736
126449,102679.33733625,61175.9501233252,1,185015
126449,102679.33733625,61175.9501233252,2,184734
126449,102679.33733625,61175.9501233252,3,184732
126449,102679.33733625,61175.9501233252,4,184731
126450,105869.777960687,55554.7658426401,1,184733
126450,105869.777960687,55554.7658426401,2,184735
126450,105869.777960687,55554.7658426401,3,185014
126451,101292.365156204,57796.4081114741,1,184735
126451,101292.365156204,57796.4081114741,2,185082
126451,101292.365156204,57796.4081114741,3,184736
126452,106617.46730349,82037.29218089,1,184737
126452,106617.46730349,82037.29218089,2,184730
126452,106617.46730349,82037.29218089,3,184739
126453,106767.748733994,81699.2273081747,1,185163
126453,106767.748733994,81699.2273081747,2,184738
126453,106767.748733994,81699.2273081747,3,184737
126454,102915.203400293,80247.2757904057,1,184741
126454,102915.203400293,80247.2757904057,2,184743
126454,102915.203400293,80247.2757904057,3,184833
126455,103961.266823427,80282.5438831922,1,184828
126455,103961.266823427,80282.5438831922,2,184740
126455,103961.266823427,80282.5438831922,3,184742
126455,103961.266823427,80282.5438831922,4,184829
126456,103019.534760809,80155.3541381391,1,184742
126456,103019.534760809,80155.3541381391,2,184709
126456,103019.534760809,80155.3541381391,3,184743
126457,107498.975522713,82808.8739024941,1,184750
126457,107498.975522713,82808.8739024941,2,184744
126457,107498.975522713,82808.8739024941,3,184745
126458,106857.246628848,83153.0989983163,1,184745
126458,106857.246628848,83153.0989983163,2,184973
126458,106857.246628848,83153.0989983163,3,185132
126458,106857.246628848,83153.0989983163,4,184748
126459,108389.751109335,84155.1399546136,1,184752
126459,108389.751109335,84155.1399546136,2,184747
126459,108389.751109335,84155.1399546136,3,184746
126460,108779.89890996,83318.8109404532,1,184756
126460,108779.89890996,83318.8109404532,2,184749
126460,108779.89890996,83318.8109404532,3,184705
126461,108176.225131391,83565.1123729552,1,184751
126461,108176.225131391,83565.1123729552,2,184750
126461,108176.225131391,83565.1123729552,3,184747
126462,108862.285985767,84801.3597992744,1,184752
126462,108862.285985767,84801.3597992744,2,184652
126462,108862.285985767,84801.3597992744,3,184754
126463,110565.306109058,83833.8176378399,1,184753
126463,110565.306109058,83833.8176378399,2,184755
126463,110565.306109058,83833.8176378399,3,185045
126464,110540.634256864,83667.1765874281,1,184757
126464,110540.634256864,83667.1765874281,2,184756
126464,110540.634256864,83667.1765874281,3,184755
126465,109769.774373146,82121.6577875728,1,184757
126465,109769.774373146,82121.6577875728,2,184688
126465,109769.774373146,82121.6577875728,3,184759
126466,108786.421645062,82136.2626049786,1,184759
126466,108786.421645062,82136.2626049786,2,184758
126466,108786.421645062,82136.2626049786,3,184749
126467,106327.922063942,77073.8093230237,1,185182
126467,106327.922063942,77073.8093230237,2,184761
126467,106327.922063942,77073.8093230237,3,184760
126468,105217.329587824,76769.5851081345,1,185031
126468,105217.329587824,76769.5851081345,2,184763
126469,106513.278378527,78033.1629466901,1,184603
126469,106513.278378527,78033.1629466901,2,184824
126469,106513.278378527,78033.1629466901,3,184762
126470,73206.982059177,31990.9543429075,1,184911
126470,73206.982059177,31990.9543429075,2,184764
126470,73206.982059177,31990.9543429075,3,184647
126471,75113.7859845457,37089.1874396222,1,184766
126471,75113.7859845457,37089.1874396222,2,184765
126471,75113.7859845457,37089.1874396222,3,42796
126472,99341.5539367107,46281.2172771117,1,184769
126472,99341.5539367107,46281.2172771117,2,184767
126472,99341.5539367107,46281.2172771117,3,185091
126473,98112.5832012767,44046.741265381,1,184899
126473,98112.5832012767,44046.741265381,2,184768
126473,98112.5832012767,44046.741265381,3,184672
126474,107997.107723705,90180.690920611,1,184770
126474,107997.107723705,90180.690920611,2,184771
126475,107756.155944267,89839.4374043,1,184772
126475,107756.155944267,89839.4374043,2,184865
126476,107924.978543247,90118.966033288,1,184771
126476,107924.978543247,90118.966033288,2,184773
126476,107924.978543247,90118.966033288,3,184918
126477,108633.400140812,89122.3753759954,1,185343
126477,108633.400140812,89122.3753759954,2,184775
126477,108633.400140812,89122.3753759954,3,184773
126478,108927.049369446,88790.6364513865,1,184774
126478,108927.049369446,88790.6364513865,2,184863
126478,108927.049369446,88790.6364513865,3,184776
126478,108927.049369446,88790.6364513865,4,184775
126479,103201.719780678,75461.9041648537,1,184778
126479,103201.719780678,75461.9041648537,2,184934
126479,103201.719780678,75461.9041648537,3,185153
126480,104942.075883855,74921.3272516825,1,184777
126480,104942.075883855,74921.3272516825,2,184779
126480,104942.075883855,74921.3272516825,3,185154
126481,104441.00196564,74004.9109807444,1,184779
126481,104441.00196564,74004.9109807444,2,184936
126481,104441.00196564,74004.9109807444,3,184780
126482,98697.5473841223,100199.294448317,1,184786
126482,98697.5473841223,100199.294448317,2,184782
126483,101047.238428282,99485.3908645561,1,185363
126483,101047.238428282,99485.3908645561,2,184781
126483,101047.238428282,99485.3908645561,3,184653
126483,101047.238428282,99485.3908645561,4,184784
126483,101047.238428282,99485.3908645561,5,184889
126484,98750.3672423246,99911.9409464569,1,184784
126484,98750.3672423246,99911.9409464569,2,184783
126484,98750.3672423246,99911.9409464569,3,184785
126485,98689.2975720356,99951.3826142591,1,184785
126485,98689.2975720356,99951.3826142591,2,184942
126485,98689.2975720356,99951.3826142591,3,184786
126486,98497.9831186046,101691.37001473,1,184788
126486,98497.9831186046,101691.37001473,2,184790
126486,98497.9831186046,101691.37001473,3,185157
126487,100149.217762758,101595.690181512,1,184789
126487,100149.217762758,101595.690181512,2,184969
126487,100149.217762758,101595.690181512,3,184787
126488,98967.1220628525,101349.627063863,1,184789
126488,98967.1220628525,101349.627063863,2,185368
126488,98967.1220628525,101349.627063863,3,184790
126489,113573.29697758,72076.3794672223,1,185003
126489,113573.29697758,72076.3794672223,2,184791
126490,103580.909774661,82773.1781739503,1,184792
126490,103580.909774661,82773.1781739503,2,184837
126491,104607.98859687,83199.6072991333,1,184795
126491,104607.98859687,83199.6072991333,2,184793
126491,104607.98859687,83199.6072991333,3,184805
126491,104607.98859687,83199.6072991333,4,185124
126492,104702.33254412,82348.1003916904,1,185120
126492,104702.33254412,82348.1003916904,2,184794
126492,104702.33254412,82348.1003916904,3,184793
126493,115095.882019699,47631.8423764,1,184796
126493,115095.882019699,47631.8423764,2,185267
126494,102610.918969883,52241.9892927285,1,185092
126494,102610.918969883,52241.9892927285,2,184798
126495,103399.652129818,55561.4733243147,1,184799
126495,103399.652129818,55561.4733243147,2,184798
126495,103399.652129818,55561.4733243147,3,184797
126496,104429.668797195,54873.05277109,1,184733
126496,104429.668797195,54873.05277109,2,184800
126496,104429.668797195,54873.05277109,3,184799
126497,106131.888122242,79100.6392913684,1,184802
126497,106131.888122242,79100.6392913684,2,184823
126498,107499.859394546,78960.4426183399,1,184801
126498,107499.859394546,78960.4426183399,2,184803
126498,107499.859394546,78960.4426183399,3,185278
126499,106510.746213156,78075.2556170623,1,184803
126499,106510.746213156,78075.2556170623,2,184762
126499,106510.746213156,78075.2556170623,3,184804
126500,103922.2708922,83194.9768160747,1,184805
126500,103922.2708922,83194.9768160747,2,184792
126500,103922.2708922,83194.9768160747,3,184806
126501,103896.683402962,83656.3451429307,1,184807
126501,103896.683402962,83656.3451429307,2,184839
126502,112046.469823548,76767.2775390625,1,184809
126502,112046.469823548,76767.2775390625,2,185029
126502,112046.469823548,76767.2775390625,3,185350
126503,114569.22023082,76421.106599247,1,184808
126503,114569.22023082,76421.106599247,2,184810
126503,114569.22023082,76421.106599247,3,184809
126504,113960.093135712,75864.7708182175,1,184810
126504,113960.093135712,75864.7708182175,2,185005
126504,113960.093135712,75864.7708182175,3,184811
126505,115808.249582686,51502.9509482426,1,184812
126505,115808.249582686,51502.9509482426,2,184988
126506,115065.410083561,49591.1671009058,1,184814
126506,115065.410083561,49591.1671009058,2,185293
126507,115779.638712631,48448.4022958665,1,185109
126507,115779.638712631,48448.4022958665,2,184813
126507,115779.638712631,48448.4022958665,3,184815
126508,115710.496297693,48653.0532086387,1,184815
126508,115710.496297693,48653.0532086387,2,184796
126508,115710.496297693,48653.0532086387,3,184816
126509,104849.368805883,80528.3317810951,1,184817
126509,104849.368805883,80528.3317810951,2,184827
126510,108308.527008882,82081.8217605846,1,184758
126510,108308.527008882,82081.8217605846,2,184820
126510,108308.527008882,82081.8217605846,3,184818
126511,107820.328070868,82174.5684525402,1,184820
126511,107820.328070868,82174.5684525402,2,184819
126511,107820.328070868,82174.5684525402,3,184744
126512,104998.167201908,79978.5323213019,1,184822
126512,104998.167201908,79978.5323213019,2,184908
126512,104998.167201908,79978.5323213019,3,184821
126513,105673.729364955,79660.2694297952,1,184826
126513,105673.729364955,79660.2694297952,2,184822
126513,105673.729364955,79660.2694297952,3,184976
126514,106114.895372239,79047.0896116763,1,184804
126514,106114.895372239,79047.0896116763,2,184826
126514,106114.895372239,79047.0896116763,3,184823
126515,105688.889672261,78050.785572774,1,184824
126515,105688.889672261,78050.785572774,2,185033
126515,105688.889672261,78050.785572774,3,184825
126516,104876.65216888,80123.5042424003,1,184821
126516,104876.65216888,80123.5042424003,2,184828
126516,104876.65216888,80123.5042424003,3,184827
126517,103699.676173293,81061.5521331754,1,184829
126517,103699.676173293,81061.5521331754,2,184741
126517,103699.676173293,81061.5521331754,3,184830
126518,103674.215574966,81289.8968855352,1,184832
126518,103674.215574966,81289.8968855352,2,184830
126519,104853.937930542,80530.2230567244,1,184831
126519,104853.937930542,80530.2230567244,2,184817
126519,104853.937930542,80530.2230567244,3,185116
126520,102414.088775325,82003.31169916,1,184835
126520,102414.088775325,82003.31169916,2,184921
126520,102414.088775325,82003.31169916,3,184841
126521,104299.755694934,81495.2796693745,1,184834
126521,104299.755694934,81495.2796693745,2,184832
126521,104299.755694934,81495.2796693745,3,184836
126522,103606.776097747,82054.4622005938,1,184838
126522,103606.776097747,82054.4622005938,2,184836
126522,103606.776097747,82054.4622005938,3,184835
126523,103823.841709605,82409.3302103411,1,184794
126523,103823.841709605,82409.3302103411,2,184838
126523,103823.841709605,82409.3302103411,3,184837
126524,103851.708455081,83573.6850543308,1,184839
126524,103851.708455081,83573.6850543308,2,184806
126524,103851.708455081,83573.6850543308,3,185129
126525,102270.311810881,83716.5083313092,1,184842
126525,102270.311810881,83716.5083313092,2,184982
126525,102270.311810881,83716.5083313092,3,184840
126526,102596.240169852,83955.3077661432,1,184843
126526,102596.240169852,83955.3077661432,2,184842
126526,102596.240169852,83955.3077661432,3,185365
126527,105593.910378693,84793.3826516867,1,184844
126527,105593.910378693,84793.3826516867,2,185122
126527,105593.910378693,84793.3826516867,3,184846
126528,104437.549098949,85579.3874497224,1,184655
126528,104437.549098949,85579.3874497224,2,184846
126528,104437.549098949,85579.3874497224,3,185130
126528,104437.549098949,85579.3874497224,4,184845
126529,106092.85126692,85492.5313263587,1,184847
126529,106092.85126692,85492.5313263587,2,184844
126529,106092.85126692,85492.5313263587,3,184849
126530,105824.503149911,86359.4297717672,1,184853
126530,105824.503149911,86359.4297717672,2,184849
126530,105824.503149911,86359.4297717672,3,184848
126531,107023.507812363,83616.4204728002,1,184748
126531,107023.507812363,83616.4204728002,2,184852
126531,107023.507812363,83616.4204728002,3,184850
126532,106814.548944066,84110.5884827334,1,184852
126532,106814.548944066,84110.5884827334,2,184851
126532,106814.548944066,84110.5884827334,3,184847
126533,106849.501646905,86200.5111940169,1,184855
126533,106849.501646905,86200.5111940169,2,184853
126533,106849.501646905,86200.5111940169,3,185190
126534,107375.978648311,84705.5918014369,1,184854
126534,107375.978648311,84705.5918014369,2,184850
126534,107375.978648311,84705.5918014369,3,184978
126535,75529.1268715319,85679.3670894851,1,184882
126535,75529.1268715319,85679.3670894851,2,184856
126535,75529.1268715319,85679.3670894851,3,42059
126536,75312.1135026717,93915.7708118546,1,184858
126536,75312.1135026717,93915.7708118546,2,184857
126536,75312.1135026717,93915.7708118546,3,41961
126537,98098.0626558345,90242.7631360287,1,184860
126537,98098.0626558345,90242.7631360287,2,185178
126538,100906.175401803,94980.6328065493,1,184861
126538,100906.175401803,94980.6328065493,2,184860
126538,100906.175401803,94980.6328065493,3,184859
126539,101285.685848637,93476.8974033309,1,184862
126539,101285.685848637,93476.8974033309,2,184861
126539,101285.685848637,93476.8974033309,3,185364
126540,109180.057529001,88519.7238596071,1,185371
126540,109180.057529001,88519.7238596071,2,184864
126540,109180.057529001,88519.7238596071,3,184863
126541,107774.515632075,88529.4915833402,1,184866
126541,107774.515632075,88529.4915833402,2,185193
126541,107774.515632075,88529.4915833402,3,184946
126542,107926.372890781,88567.6450106524,1,184776
126542,107926.372890781,88567.6450106524,2,184866
126542,107926.372890781,88567.6450106524,3,184865
126543,80913.3018800271,98079.5736063384,1,184868
126543,80913.3018800271,98079.5736063384,2,184870
126544,83369.0242266797,94168.6531416908,1,184872
126544,83369.0242266797,94168.6531416908,2,184867
126544,83369.0242266797,94168.6531416908,3,184869
126545,82653.9418286819,94146.0366528191,1,184869
126545,82653.9418286819,94146.0366528191,2,184858
126545,82653.9418286819,94146.0366528191,3,184870
126546,85252.8611464424,103131.078321884,1,184940
126546,85252.8611464424,103131.078321884,2,184873
126546,85252.8611464424,103131.078321884,3,184871
126547,85208.7090863782,98586.2610055795,1,184872
126547,85208.7090863782,98586.2610055795,2,184868
126547,85208.7090863782,98586.2610055795,3,184873
126548,85318.9187458334,85904.4499570892,1,184879
126548,85318.9187458334,85904.4499570892,2,184874
126548,85318.9187458334,85904.4499570892,3,184876
126549,86169.9483762738,94231.6299137661,1,184877
126549,86169.9483762738,94231.6299137661,2,184876
126549,86169.9483762738,94231.6299137661,3,184867
126550,95049.220232324,78444.7516380774,1,185035
126550,95049.220232324,78444.7516380774,2,184880
126550,95049.220232324,78444.7516380774,3,184878
126551,90608.1100291948,85997.9275298923,1,184875
126551,90608.1100291948,85997.9275298923,2,184881
126551,90608.1100291948,85997.9275298923,3,184879
126552,92829.0173939087,71727.1288257772,1,185010
126552,92829.0173939087,71727.1288257772,2,184883
126552,92829.0173939087,71727.1288257772,3,184881
126553,84137.4526891218,85893.2078396335,1,184874
126553,84137.4526891218,85893.2078396335,2,184884
126553,84137.4526891218,85893.2078396335,3,184882
126554,86038.4012471744,71553.4411978481,1,185012
126554,86038.4012471744,71553.4411978481,2,184886
126554,86038.4012471744,71553.4411978481,3,184884
126555,75897.4138495002,71256.8657629199,1,184994
126555,75897.4138495002,71256.8657629199,2,184885
126555,75897.4138495002,71256.8657629199,3,42057
126556,99799.1122341231,102658.434525592,1,184888
126556,99799.1122341231,102658.434525592,2,184970
126557,99942.6761461995,102861.917200813,1,185188
126557,99942.6761461995,102861.917200813,2,184890
126557,99942.6761461995,102861.917200813,3,184888
126557,99942.6761461995,102861.917200813,4,184887
126558,100151.194497999,102146.054958147,1,184889
126558,100151.194497999,102146.054958147,2,184787
126558,100151.194497999,102146.054958147,3,184891
126558,100151.194497999,102146.054958147,4,185375
126559,99007.1633054766,39049.7694301277,1,184893
126559,99007.1633054766,39049.7694301277,2,184914
126560,101104.67915197,42243.5930342886,1,184894
126560,101104.67915197,42243.5930342886,2,184893
126560,101104.67915197,42243.5930342886,3,184892
126561,102083.084633947,39486.3624823609,1,185203
126561,102083.084633947,39486.3624823609,2,184895
126561,102083.084633947,39486.3624823609,3,184894
126562,87583.6742986966,37663.0840604209,1,184896
126562,87583.6742986966,37663.0840604209,2,185327
126563,91614.6853968872,38778.6822855337,1,184915
126563,91614.6853968872,38778.6822855337,2,184897
126563,91614.6853968872,38778.6822855337,3,184898
126564,90899.6416387422,40974.463928452,1,184898
126564,90899.6416387422,40974.463928452,2,185140
126564,90899.6416387422,40974.463928452,3,184902
126565,99212.8474243719,42082.7334565562,1,184892
126565,99212.8474243719,42082.7334565562,2,184900
126565,99212.8474243719,42082.7334565562,3,184899
126566,90562.3191984944,49089.2620189829,1,184677
126566,90562.3191984944,49089.2620189829,2,184902
126566,90562.3191984944,49089.2620189829,3,184901
126567,110057.288671229,89733.5773059442,1,184666
126567,110057.288671229,89733.5773059442,2,184903
126568,111568.731833302,42377.8219512676,1,184904
126568,111568.731833302,42377.8219512676,2,185173
126569,97386.0735177072,86687.962660178,1,185179
126569,97386.0735177072,86687.962660178,2,184905
126569,97386.0735177072,86687.962660178,3,184660
126569,97386.0735177072,86687.962660178,4,185137
126570,93372.2133781827,88719.8177966353,1,184907
126570,93372.2133781827,88719.8177966353,2,184906
126570,93372.2133781827,88719.8177966353,3,185133
126571,105518.76468943,78111.2956032237,1,184825
126571,105518.76468943,78111.2956032237,2,184910
126571,105518.76468943,78111.2956032237,3,184908
126572,104118.701927544,78913.2663197574,1,184910
126572,104118.701927544,78913.2663197574,2,184909
126572,104118.701927544,78913.2663197574,3,184740
126573,74265.0990914514,30468.6847239759,1,185320
126573,74265.0990914514,30468.6847239759,2,184913
126573,74265.0990914514,30468.6847239759,3,184911
126574,72327.5306451074,28695.9439049242,1,185026
126574,72327.5306451074,28695.9439049242,2,184912
126574,72327.5306451074,28695.9439049242,3,184645
126575,99120.1532252957,38975.010335695,1,185332
126575,99120.1532252957,38975.010335695,2,184916
126575,99120.1532252957,38975.010335695,3,184914
126576,98673.0552556459,38819.7033188499,1,184916
126576,98673.0552556459,38819.7033188499,2,184915
126576,98673.0552556459,38819.7033188499,3,184900
126577,108558.933410832,90310.519374423,1,185058
126577,108558.933410832,90310.519374423,2,184917
126577,108558.933410832,90310.519374423,3,184770
126578,107923.40352659,90117.4092906904,1,184918
126578,107923.40352659,90117.4092906904,2,184772
126578,107923.40352659,90117.4092906904,3,184919
126579,105535.649973298,92433.0896396469,1,184947
126579,105535.649973298,92433.0896396469,2,184920
126580,102771.986922048,80116.7129001536,1,184833
126580,102771.986922048,80116.7129001536,2,184923
126580,102771.986922048,80116.7129001536,3,184921
126581,100747.499281644,80241.1665590785,1,184923
126581,100747.499281644,80241.1665590785,2,184922
126581,100747.499281644,80241.1665590785,3,184924
126582,100277.676639619,81502.5426889386,1,184926
126582,100277.676639619,81502.5426889386,2,184924
126582,100277.676639619,81502.5426889386,3,184981
126583,102407.848960598,82029.1887024741,1,184841
126583,102407.848960598,82029.1887024741,2,184926
126583,102407.848960598,82029.1887024741,3,184925
126584,109033.176203241,66717.1833246633,1,185339
126584,109033.176203241,66717.1833246633,2,184928
126584,109033.176203241,66717.1833246633,3,184927
126585,106985.654252716,68439.2465085017,1,184966
126585,106985.654252716,68439.2465085017,2,184930
126586,109071.595955869,67605.3598652692,1,184929
126586,109071.595955869,67605.3598652692,2,184704
126586,109071.595955869,67605.3598652692,3,184963
126587,101342.970120584,72017.2157509024,1,184931
126587,101342.970120584,72017.2157509024,2,184990
126587,101342.970120584,72017.2157509024,3,185036
126587,101342.970120584,72017.2157509024,4,184932
126588,101412.627743505,72329.883929093,1,184935
126588,101412.627743505,72329.883929093,2,184932
126588,101412.627743505,72329.883929093,3,185148
126589,104454.729227393,72930.006450982,1,184937
126589,104454.729227393,72930.006450982,2,184933
126589,104454.729227393,72930.006450982,3,184931
126590,103311.626221867,74982.2516363896,1,184780
126590,103311.626221867,74982.2516363896,2,184935
126590,103311.626221867,74982.2516363896,3,184934
126591,104662.94111517,73064.5308420309,1,184643
126591,104662.94111517,73064.5308420309,2,184937
126591,104662.94111517,73064.5308420309,3,184936
126592,95274.8853314323,101437.539698998,1,184938
126592,95274.8853314323,101437.539698998,2,184783
126592,95274.8853314323,101437.539698998,3,184941
126593,97517.704083643,102935.992658503,1,185158
126593,97517.704083643,102935.992658503,2,184943
126593,97517.704083643,102935.992658503,3,184939
126594,91198.4990176234,103304.720186566,1,102540
126594,91198.4990176234,103304.720186566,2,185135
126594,91198.4990176234,103304.720186566,3,184940
126595,97259.7777896846,101079.286262664,1,185369
126595,97259.7777896846,101079.286262664,2,184942
126595,97259.7777896846,101079.286262664,3,184635
126595,97259.7777896846,101079.286262664,4,184943
126596,106461.890726187,88323.8105826888,1,184946
126596,106461.890726187,88323.8105826888,2,184944
126596,106461.890726187,88323.8105826888,3,184945
126597,105523.301884796,88137.4226546394,1,184945
126597,105523.301884796,88137.4226546394,2,185067
126597,105523.301884796,88137.4226546394,3,184948
126598,105671.245411408,91446.8864482636,1,184919
126598,105671.245411408,91446.8864482636,2,184949
126598,105671.245411408,91446.8864482636,3,184947
126599,104384.647269703,90983.7009587645,1,184949
126599,104384.647269703,90983.7009587645,2,184948
126600,106300.736295169,68850.0036235512,1,184961
126600,106300.736295169,68850.0036235512,2,184950
126600,106300.736295169,68850.0036235512,3,184698
126601,107733.245628722,69575.7851051693,1,184955
126601,107733.245628722,69575.7851051693,2,184952
126601,107733.245628722,69575.7851051693,3,184951
126602,116147.172157703,65459.6569649812,1,185104
126602,116147.172157703,65459.6569649812,2,184953
126603,107733.483799995,72207.1926166489,1,184956
126603,107733.483799995,72207.1926166489,2,184954
126603,107733.483799995,72207.1926166489,3,184642
126604,108199.60350729,70482.9450556559,1,184958
126604,108199.60350729,70482.9450556559,2,184955
126604,108199.60350729,70482.9450556559,3,184954
126605,109213.943205954,71560.4209790921,1,184959
126605,109213.943205954,71560.4209790921,2,184957
126605,109213.943205954,71560.4209790921,3,184956
126606,109593.966857398,70290.5308206925,1,184964
126606,109593.966857398,70290.5308206925,2,184958
126606,109593.966857398,70290.5308206925,3,184957
126607,107141.975565045,69025.5007419654,1,184960
126607,107141.975565045,69025.5007419654,2,184930
126607,107141.975565045,69025.5007419654,3,184962
126608,106856.906242334,69111.7435575495,1,184952
126608,106856.906242334,69111.7435575495,2,184962
126608,106856.906242334,69111.7435575495,3,184961
126609,109408.796057855,68651.1562039764,1,184965
126609,109408.796057855,68651.1562039764,2,184963
126609,109408.796057855,68651.1562039764,3,184960
126610,109738.290595919,69476.38049923,1,185340
126610,109738.290595919,69476.38049923,2,184965
126610,109738.290595919,69476.38049923,3,184964
126611,108217.022037686,66663.3241934894,1,184928
126611,108217.022037686,66663.3241934894,2,184968
126611,108217.022037686,66663.3241934894,3,184966
126612,104533.78256071,68286.5590827985,1,184950
126612,104533.78256071,68286.5590827985,2,185253
126612,104533.78256071,68286.5590827985,3,184967
126613,98894.200600106,101826.472527724,1,184971
126613,98894.200600106,101826.472527724,2,184969
126613,98894.200600106,101826.472527724,3,184788
126614,99723.3921005234,102553.695491078,1,184970
126614,99723.3921005234,102553.695491078,2,184891
126614,99723.3921005234,102553.695491078,3,184971
126615,105513.047484756,82286.3706611606,1,184974
126615,105513.047484756,82286.3706611606,2,184972
126615,105513.047484756,82286.3706611606,3,185119
126616,106727.952390552,82491.2245509024,1,184739
126616,106727.952390552,82491.2245509024,2,184974
126616,106727.952390552,82491.2245509024,3,184973
126617,106861.860891823,79647.4282344074,1,184975
126617,106861.860891823,79647.4282344074,2,184802
126617,106861.860891823,79647.4282344074,3,185169
126618,105982.270272332,80602.1631717085,1,184977
126618,105982.270272332,80602.1631717085,2,184976
126618,105982.270272332,80602.1631717085,3,185275
126619,107645.212928568,85879.8835738091,1,185196
126619,107645.212928568,85879.8835738091,2,184980
126619,107645.212928568,85879.8835738091,3,184978
126619,107645.212928568,85879.8835738091,4,184855
126620,109033.305779866,85898.1675938316,1,184979
126620,109033.305779866,85898.1675938316,2,184754
126620,109033.305779866,85898.1675938316,3,185195
126621,99852.9680944973,83057.0629983745,1,184983
126621,99852.9680944973,83057.0629983745,2,184981
126621,99852.9680944973,83057.0629983745,3,184905
126622,102455.117328142,83250.1891129055,1,184925
126622,102455.117328142,83250.1891129055,2,184983
126622,102455.117328142,83250.1891129055,3,184982
126623,116104.70024496,52253.6475838192,1,184986
126623,116104.70024496,52253.6475838192,2,184984
126623,116104.70024496,52253.6475838192,3,184812
126624,116908.164402699,49162.7681122994,1,184985
126624,116908.164402699,49162.7681122994,2,184987
126624,116908.164402699,49162.7681122994,3,185291
126625,116013.889441431,50665.049667739,1,184989
126625,116013.889441431,50665.049667739,2,184987
126625,116013.889441431,50665.049667739,3,184814
126626,116014.60956348,50666.1900848823,1,184989
126626,116014.60956348,50666.1900848823,2,184988
126626,116014.60956348,50666.1900848823,3,184984
126627,99803.1765299682,69761.6511624127,1,184990
126627,99803.1765299682,69761.6511624127,2,184729
126627,99803.1765299682,69761.6511624127,3,184991
126628,97994.5992138051,71075.5198146788,1,184992
126628,97994.5992138051,71075.5198146788,2,185022
126629,83763.1858276799,63896.039481707,1,184993
126629,83763.1858276799,63896.039481707,2,184613
126629,83763.1858276799,63896.039481707,3,184995
126630,83310.6510211652,71475.8658179631,1,184886
126630,83310.6510211652,71475.8658179631,2,184995
126630,83310.6510211652,71475.8658179631,3,184994
126631,105521.34870206,52993.758268867,1,184996
126631,105521.34870206,52993.758268867,2,185383
126632,118560.808556956,64808.9766987298,1,184998
126632,118560.808556956,64808.9766987298,2,185102
126633,119267.27166523,66056.0120096048,1,184999
126633,119267.27166523,66056.0120096048,2,184998
126633,119267.27166523,66056.0120096048,3,184997
126634,119952.814805288,66264.9152341818,1,185000
126634,119952.814805288,66264.9152341818,2,184999
126634,119952.814805288,66264.9152341818,3,185237
126635,107986.304665154,95809.7674762625,1,184720
126635,107986.304665154,95809.7674762625,2,185061
126635,107986.304665154,95809.7674762625,3,185001
126636,113592.312711155,72007.8866787469,1,185220
126636,113592.312711155,72007.8866787469,2,185004
126636,113592.312711155,72007.8866787469,3,185003
126637,112151.689257869,74195.6679509639,1,185006
126637,112151.689257869,74195.6679509639,2,185351
126637,112151.689257869,74195.6679509639,3,185028
126638,113903.483143242,75813.1247585871,1,185005
126638,113903.483143242,75813.1247585871,2,184791
126638,113903.483143242,75813.1247585871,3,185006
126639,92557.0587506774,64132.1028305654,1,185007
126639,92557.0587506774,64132.1028305654,2,185008
126639,92557.0587506774,64132.1028305654,3,185211
126640,89807.3659051865,64022.0815131373,1,185008
126640,89807.3659051865,64022.0815131373,2,184993
126640,89807.3659051865,64022.0815131373,3,185009
126641,87920.4156320812,70296.2893436147,1,185009
126641,87920.4156320812,70296.2893436147,2,185013
126642,93632.6788985671,71755.8021079738,1,185037
126642,93632.6788985671,71755.8021079738,2,185011
126642,93632.6788985671,71755.8021079738,3,185010
126643,88005.9431862924,71576.421263497,1,184883
126643,88005.9431862924,71576.421263497,2,185013
126643,88005.9431862924,71576.421263497,3,185012
126644,107698.981909452,61197.7775484127,1,185014
126644,107698.981909452,61197.7775484127,2,184734
126644,107698.981909452,61197.7775484127,3,185016
126645,107590.094176165,63364.7521970033,1,185016
126645,107590.094176165,63364.7521970033,2,185015
126645,107590.094176165,63364.7521970033,3,185251
126646,107949.805269336,74666.2481497587,1,185017
126646,107949.805269336,74666.2481497587,2,184703
126646,107949.805269336,74666.2481497587,3,185055
126647,106729.344144415,75364.0583573257,1,185019
126647,106729.344144415,75364.0583573257,2,185018
126647,106729.344144415,75364.0583573257,3,185180
126648,97285.0859519905,66468.4791235284,1,185020
126648,97285.0859519905,66468.4791235284,2,184639
126648,97285.0859519905,66468.4791235284,3,185021
126649,97252.4411693232,67973.554571602,1,185021
126649,97252.4411693232,67973.554571602,2,185247
126649,97252.4411693232,67973.554571602,3,185023
126650,98447.0330395531,70449.9882044843,1,184991
126650,98447.0330395531,70449.9882044843,2,185336
126650,98447.0330395531,70449.9882044843,3,185022
126651,69630.8579226226,25332.2859412747,1,185326
126651,69630.8579226226,25332.2859412747,2,185025
126652,69815.6220351578,26373.7605623869,1,184912
126652,69815.6220351578,26373.7605623869,2,185025
126652,69815.6220351578,26373.7605623869,3,185024
126653,72645.1632037969,28077.010444471,1,184913
126653,72645.1632037969,28077.010444471,2,185027
126653,72645.1632037969,28077.010444471,3,185026
126654,112019.8307486,75946.2143998407,1,185028
126654,112019.8307486,75946.2143998407,2,185030
126655,112171.383301805,76405.6277567357,1,184811
126655,112171.383301805,76405.6277567357,2,185030
126655,112171.383301805,76405.6277567357,3,185029
126656,105240.297060026,76515.0334540836,1,185185
126656,105240.297060026,76515.0334540836,2,185032
126656,105240.297060026,76515.0334540836,3,185031
126657,104052.752586911,76633.3269621214,1,185034
126657,104052.752586911,76633.3269621214,2,185032
126657,104052.752586911,76633.3269621214,3,185334
126658,105334.279153882,77257.3724154203,1,185033
126658,105334.279153882,77257.3724154203,2,184763
126658,105334.279153882,77257.3724154203,3,185034
126659,97155.2885669957,78841.0063245819,1,184922
126659,97155.2885669957,78841.0063245819,2,185039
126659,97155.2885669957,78841.0063245819,3,185035
126660,98597.8538832904,71901.0506148326,1,185036
126660,98597.8538832904,71901.0506148326,2,184992
126660,98597.8538832904,71901.0506148326,3,185038
126661,96214.5912464535,71829.0535814422,1,185240
126661,96214.5912464535,71829.0535814422,2,185037
126661,96214.5912464535,71829.0535814422,3,184880
126662,109279.123049753,87341.6176706389,1,185041
126662,109279.123049753,87341.6176706389,2,185197
126662,109279.123049753,87341.6176706389,3,185199
126663,110238.278698936,85988.0967672831,1,185040
126663,110238.278698936,85988.0967672831,2,185042
126663,110238.278698936,85988.0967672831,3,185080
126664,109657.208183403,85920.5329334792,1,185042
126664,109657.208183403,85920.5329334792,2,184979
126664,109657.208183403,85920.5329334792,3,185043
126665,117487.517847455,72263.688006234,1,185219
126665,117487.517847455,72263.688006234,2,185044
126666,110418.772515657,85947.9287286848,1,185047
126666,110418.772515657,85947.9287286848,2,185045
126666,110418.772515657,85947.9287286848,3,185040
126667,111314.666786157,86089.7979094904,1,184685
126667,111314.666786157,86089.7979094904,2,185048
126667,111314.666786157,86089.7979094904,3,185046
126668,110487.69824512,86000.1216551575,1,185048
126668,110487.69824512,86000.1216551575,2,185047
126669,117889.403006261,45015.9865190255,1,185053
126669,117889.403006261,45015.9865190255,2,185049
126669,117889.403006261,45015.9865190255,3,185050
126670,117177.79363035,46093.1563632187,1,185050
126670,117177.79363035,46093.1563632187,2,185107
126670,117177.79363035,46093.1563632187,3,185051
126671,117121.371639626,46505.9568280761,1,185051
126671,117121.371639626,46505.9568280761,2,185054
126672,122282.194545701,47949.1331804359,1,185053
126672,122282.194545701,47949.1331804359,2,185052
126672,122282.194545701,47949.1331804359,3,185261
126673,107886.283361814,76460.7060364062,1,185056
126673,107886.283361814,76460.7060364062,2,185057
126674,107882.466329844,76001.1013207892,1,185089
126674,107882.466329844,76001.1013207892,2,185055
126674,107882.466329844,76001.1013207892,3,185019
126674,107882.466329844,76001.1013207892,4,185057
126675,108771.622160227,90445.8402913777,1,185059
126675,108771.622160227,90445.8402913777,2,185058
126675,108771.622160227,90445.8402913777,3,185060
126676,108045.705179478,91971.2081256842,1,185060
126676,108045.705179478,91971.2081256842,2,185355
126676,108045.705179478,91971.2081256842,3,185062
126677,108597.863870511,92842.8735998791,1,185002
126677,108597.863870511,92842.8735998791,2,185063
126677,108597.863870511,92842.8735998791,3,185061
126678,107870.200492352,92526.3672146658,1,185063
126678,107870.200492352,92526.3672146658,2,185062
126679,103048.27909832,86399.3533176232,1,185065
126679,103048.27909832,86399.3533176232,2,185064
126679,103048.27909832,86399.3533176232,3,185066
126680,102386.733019779,87033.4217094257,1,185066
126680,102386.733019779,87033.4217094257,2,184659
126680,102386.733019779,87033.4217094257,3,185069
126681,105128.472995576,88069.8189423364,1,185067
126681,105128.472995576,88069.8189423364,2,184656
126681,105128.472995576,88069.8189423364,3,185071
126682,102028.011346812,87550.4528222424,1,185070
126682,102028.011346812,87550.4528222424,2,185069
126682,102028.011346812,87550.4528222424,3,185068
126683,102697.665134446,87658.3018097564,1,185071
126683,102697.665134446,87658.3018097564,2,185070
126683,102697.665134446,87658.3018097564,3,184862
126684,102055.198857559,85680.042749003,1,185074
126684,102055.198857559,85680.042749003,2,185072
126684,102055.198857559,85680.042749003,3,184654
126685,102347.72623583,86235.1490177235,1,185064
126685,102347.72623583,86235.1490177235,2,185074
126685,102347.72623583,86235.1490177235,3,185073
126686,100374.670987529,87221.2956274514,1,185068
126686,100374.670987529,87221.2956274514,2,185076
126686,100374.670987529,87221.2956274514,3,185075
126687,111199.608566161,88555.7115428556,1,184668
126687,111199.608566161,88555.7115428556,2,185078
126687,111199.608566161,88555.7115428556,3,185077
126688,110540.110001698,88234.3778997648,1,185077
126688,110540.110001698,88234.3778997648,2,185081
126688,110540.110001698,88234.3778997648,3,185079
126689,110079.538783131,86676.5054098601,1,185080
126689,110079.538783131,86676.5054098601,2,185372
126689,110079.538783131,86676.5054098601,3,185081
126690,100359.380594798,57678.5722126106,1,185082
126690,100359.380594798,57678.5722126106,2,184671
126690,100359.380594798,57678.5722126106,3,185085
126691,96113.2942061183,64224.2581891019,1,185087
126691,96113.2942061183,64224.2581891019,2,185083
126691,96113.2942061183,64224.2581891019,3,185007
126692,100818.201138654,64377.9676633795,1,184726
126692,100818.201138654,64377.9676633795,2,185085
126692,100818.201138654,64377.9676633795,3,185084
126693,97309.3340569,64298.0134642088,1,184725
126693,97309.3340569,64298.0134642088,2,185087
126693,97309.3340569,64298.0134642088,3,185086
126694,107938.614225565,73883.6510765706,1,185248
126694,107938.614225565,73883.6510765706,2,185088
126694,107938.614225565,73883.6510765706,3,185017
126695,109663.149558921,74992.7532951047,1,185090
126695,109663.149558921,74992.7532951047,2,185089
126695,109663.149558921,74992.7532951047,3,185281
126696,98399.9420291832,52531.1266275405,1,185378
126696,98399.9420291832,52531.1266275405,2,185091
126696,98399.9420291832,52531.1266275405,3,184679
126697,102679.398894662,51155.6988702555,1,185381
126697,102679.398894662,51155.6988702555,2,185093
126697,102679.398894662,51155.6988702555,3,185092
126698,107880.406300848,81862.7519778064,1,185100
126698,107880.406300848,81862.7519778064,2,185094
126698,107880.406300848,81862.7519778064,3,184819
126699,111401.261692926,81053.3683400194,1,185096
126699,111401.261692926,81053.3683400194,2,184690
126699,111401.261692926,81053.3683400194,3,185098
126700,110876.393782409,81198.9389033929,1,185098
126700,110876.393782409,81198.9389033929,2,185097
126700,110876.393782409,81198.9389033929,3,184687
126701,111075.722426169,79756.1236880037,1,184692
126701,111075.722426169,79756.1236880037,2,185101
126701,111075.722426169,79756.1236880037,3,185099
126702,108799.825641307,80832.5485324219,1,185095
126702,108799.825641307,80832.5485324219,2,185160
126702,108799.825641307,80832.5485324219,3,185100
126703,118541.106293607,64736.5105878175,1,185288
126703,118541.106293607,64736.5105878175,2,185103
126703,118541.106293607,64736.5105878175,3,185102
126704,118314.6199532,65592.7086732683,1,185103
126704,118314.6199532,65592.7086732683,2,185105
126705,118379.517813873,65926.1163420719,1,184997
126705,118379.517813873,65926.1163420719,2,185105
126705,118379.517813873,65926.1163420719,3,185104
126706,116522.691186124,47066.4327581296,1,185108
126706,116522.691186124,47066.4327581296,2,185106
126706,116522.691186124,47066.4327581296,3,184813
126707,116668.689110101,46822.5394081561,1,185107
126707,116668.689110101,46822.5394081561,2,185112
126707,116668.689110101,46822.5394081561,3,185108
126708,116678.338736354,48318.8130746686,1,185111
126708,116678.338736354,48318.8130746686,2,185109
126708,116678.338736354,48318.8130746686,3,184985
126709,117249.364622828,48393.3468071969,1,185110
126709,117249.364622828,48393.3468071969,2,185054
126709,117249.364622828,48393.3468071969,3,185111
126710,115721.793758517,45381.5878804102,1,185112
126710,115721.793758517,45381.5878804102,2,184625
126710,115721.793758517,45381.5878804102,3,185114
126711,115393.211057464,45609.2262354863,1,185106
126711,115393.211057464,45609.2262354863,2,185265
126711,115393.211057464,45609.2262354863,3,185113
126712,105776.167141686,81450.2277576103,1,185166
126712,105776.167141686,81450.2277576103,2,185117
126712,105776.167141686,81450.2277576103,3,185115
126713,104995.68955899,81381.8868727435,1,185118
126713,104995.68955899,81381.8868727435,2,185276
126713,104995.68955899,81381.8868727435,3,185116
126713,104995.68955899,81381.8868727435,4,184834
126714,105491.858524934,82291.6856515425,1,185119
126714,105491.858524934,82291.6856515425,2,185118
126714,105491.858524934,82291.6856515425,3,185121
126715,105028.178175166,82324.1093936694,1,185126
126715,105028.178175166,82324.1093936694,2,185121
126715,105028.178175166,82324.1093936694,3,185120
126716,105515.385704945,84205.3188305682,1,185123
126716,105515.385704945,84205.3188305682,2,185127
126716,105515.385704945,84205.3188305682,3,185122
126717,105938.099434483,84152.6779745957,1,184851
126717,105938.099434483,84152.6779745957,2,185128
126717,105938.099434483,84152.6779745957,3,185123
126718,104573.923955289,83988.0674604559,1,185124
126718,104573.923955289,83988.0674604559,2,184807
126718,104573.923955289,83988.0674604559,3,185125
126719,104555.352440385,84325.8180953605,1,185127
126719,104555.352440385,84325.8180953605,2,185125
126720,105794.861833391,83394.5107132919,1,185126
126720,105794.861833391,83394.5107132919,2,184795
126720,105794.861833391,83394.5107132919,3,185131
126721,102948.219758816,84209.6826518604,1,185130
126721,102948.219758816,84209.6826518604,2,185129
126721,102948.219758816,84209.6826518604,3,184843
126722,105776.985812049,83620.7447341129,1,185132
126722,105776.985812049,83620.7447341129,2,185131
126722,105776.985812049,83620.7447341129,3,185128
126723,92526.8319146554,94492.456055684,1,185138
126723,92526.8319146554,94492.456055684,2,185133
126723,92526.8319146554,94492.456055684,3,184877
126723,92526.8319146554,94492.456055684,4,185136
126724,91720.4461735261,99969.1967843751,1,184941
126724,91720.4461735261,99969.1967843751,2,185136
126724,91720.4461735261,99969.1967843751,3,185135
126725,96937.9515265639,88170.0383367903,1,185137
126725,96937.9515265639,88170.0383367903,2,184907
126725,96937.9515265639,88170.0383367903,3,185139
126726,95413.435328467,94789.0123721787,1,185134
126726,95413.435328467,94789.0123721787,2,185139
126726,95413.435328467,94789.0123721787,3,185138
126727,89864.9041229558,40283.3675076224,1,185140
126727,89864.9041229558,40283.3675076224,2,184896
126727,89864.9041229558,40283.3675076224,3,185141
126728,81401.5982426209,39387.2423846881,1,185321
126728,81401.5982426209,39387.2423846881,2,185143
126729,82068.9574761332,52301.0319392732,1,184901
126729,82068.9574761332,52301.0319392732,2,185143
126729,82068.9574761332,52301.0319392732,3,185142
126730,99941.6395644264,77414.3214204623,1,185146
126730,99941.6395644264,77414.3214204623,2,185151
126730,99941.6395644264,77414.3214204623,3,185144
126730,99941.6395644264,77414.3214204623,4,185366
126731,102303.304079966,77480.0004115522,1,185147
126731,102303.304079966,77480.0004115522,2,185146
126731,102303.304079966,77480.0004115522,3,185145
126732,103233.361738154,77759.0311507415,1,185155
126732,103233.361738154,77759.0311507415,2,185149
126732,103233.361738154,77759.0311507415,3,185147
126733,101705.489933998,73640.1006319436,1,185148
126733,101705.489933998,73640.1006319436,2,185150
126733,101705.489933998,73640.1006319436,3,185152
126734,101354.101058513,73868.9360422235,1,185150
126734,101354.101058513,73868.9360422235,2,185335
126734,101354.101058513,73868.9360422235,3,185151
126735,102221.312817303,75942.9014261034,1,185149
126735,102221.312817303,75942.9014261034,2,185153
126735,102221.312817303,75942.9014261034,3,185152
126736,103843.386756005,76342.7680232865,1,185334
126736,103843.386756005,76342.7680232865,2,185154
126736,103843.386756005,76342.7680232865,3,184778
126736,103843.386756005,76342.7680232865,4,185156
126737,103649.468353468,77846.9755351716,1,184909
126737,103649.468353468,77846.9755351716,2,185156
126737,103649.468353468,77846.9755351716,3,185155
126738,98403.1410846977,102161.89433096,1,185159
126738,98403.1410846977,102161.89433096,2,185347
126739,98493.974412884,102321.930182891,1,184633
126739,98493.974412884,102321.930182891,2,185159
126739,98493.974412884,102321.930182891,3,185158
126740,109133.042951278,80177.6593937605,1,185176
126740,109133.042951278,80177.6593937605,2,185162
126740,109133.042951278,80177.6593937605,3,185160
126741,107907.94769789,79199.01403629,1,185162
126741,107907.94769789,79199.01403629,2,185161
126741,107907.94769789,79199.01403629,3,184801
126741,107907.94769789,79199.01403629,4,185164
126742,107019.402685187,81455.7845288682,1,185094
126742,107019.402685187,81455.7845288682,2,185168
126742,107019.402685187,81455.7845288682,3,185163
126743,106504.304026102,81041.8975182181,1,185165
126743,106504.304026102,81041.8975182181,2,184977
126743,106504.304026102,81041.8975182181,3,185167
126744,106458.849800523,81504.1258654655,1,184738
126744,106458.849800523,81504.1258654655,2,185167
126744,106458.849800523,81504.1258654655,3,185166
126745,107238.095732464,80711.7288694393,1,185279
126745,107238.095732464,80711.7288694393,2,185170
126745,107238.095732464,80711.7288694393,3,185168
126746,106557.786568133,80711.5160498784,1,185170
126746,106557.786568133,80711.5160498784,2,185169
126746,106557.786568133,80711.5160498784,3,185165
126747,123761.20982148,53291.772307581,1,185171
126747,123761.20982148,53291.772307581,2,185318
126747,123761.20982148,53291.772307581,3,185316
126748,115081.72224629,41334.5182434744,1,185214
126748,115081.72224629,41334.5182434744,2,185174
126748,115081.72224629,41334.5182434744,3,185172
126749,114857.439270795,41289.9776224877,1,185174
126749,114857.439270795,41289.9776224877,2,185173
126749,114857.439270795,41289.9776224877,3,185172
126750,108174.998242897,78031.6493533609,1,185282
126750,108174.998242897,78031.6493533609,2,185175
126750,108174.998242897,78031.6493533609,3,185161
126751,109907.266687041,79190.177530373,1,185101
126751,109907.266687041,79190.177530373,2,185177
126751,109907.266687041,79190.177530373,3,185176
126752,98789.3535355334,86966.8161157088,1,185075
126752,98789.3535355334,86966.8161157088,2,185179
126752,98789.3535355334,86966.8161157088,3,185178
126753,105830.337198094,75238.428690792,1,185180
126753,105830.337198094,75238.428690792,2,184777
126753,105830.337198094,75238.428690792,3,185181
126754,106006.008767208,75886.6563278879,1,185181
126754,106006.008767208,75886.6563278879,2,185186
126755,107312.918289537,76534.0682071762,1,185175
126755,107312.918289537,76534.0682071762,2,185184
126755,107312.918289537,76534.0682071762,3,185182
126756,107985.62281131,76627.307703682,1,185183
126756,107985.62281131,76627.307703682,2,185056
126756,107985.62281131,76627.307703682,3,185184
126757,106171.456425358,76494.4513224069,1,185186
126757,106171.456425358,76494.4513224069,2,185185
126757,106171.456425358,76494.4513224069,3,184761
126758,100852.594480394,102642.266307463,1,185187
126758,100852.594480394,102642.266307463,2,184890
126758,100852.594480394,102642.266307463,3,185189
126759,100576.331833396,103533.042444647,1,184610
126759,100576.331833396,103533.042444647,2,185189
126759,100576.331833396,103533.042444647,3,185188
126760,106651.810837688,87347.1224739146,1,185194
126760,106651.810837688,87347.1224739146,2,185190
126760,106651.810837688,87347.1224739146,3,184944
126761,108310.797428214,87546.4579831164,1,184864
126761,108310.797428214,87546.4579831164,2,185192
126761,108310.797428214,87546.4579831164,3,185191
126762,107840.627200223,87739.4095688959,1,185191
126762,107840.627200223,87739.4095688959,2,185194
126762,107840.627200223,87739.4095688959,3,185193
126763,108350.319831471,85910.8855325391,1,185195
126763,108350.319831471,85910.8855325391,2,184980
126763,108350.319831471,85910.8855325391,3,185284
126764,108093.160880251,87078.3797431325,1,185192
126764,108093.160880251,87078.3797431325,2,185199
126764,108093.160880251,87078.3797431325,3,185196
126765,109030.612712397,86975.2109644794,1,185197
126765,109030.612712397,86975.2109644794,2,185043
126765,109030.612712397,86975.2109644794,3,185198
126766,101034.625045183,102436.805994167,1,185360
126766,101034.625045183,102436.805994167,2,185200
126766,101034.625045183,102436.805994167,3,185187
126767,103469.081012149,103782.139236753,1,101603
126767,103469.081012149,103782.139236753,2,185202
126767,103469.081012149,103782.139236753,3,185201
126768,103960.602371435,40967.0461013106,1,185204
126768,103960.602371435,40967.0461013106,2,185203
126768,103960.602371435,40967.0461013106,3,185286
126769,100869.680563992,38720.7891116252,1,185206
126769,100869.680563992,38720.7891116252,2,185207
126770,101047.607982954,38863.6378827243,1,184895
126770,101047.607982954,38863.6378827243,2,185206
126770,101047.607982954,38863.6378827243,3,185205
126771,102476.317106343,34262.3240864573,1,185285
126771,102476.317106343,34262.3240864573,2,185208
126771,102476.317106343,34262.3240864573,3,185207
126772,98092.3902499751,32579.7435645553,1,185210
126772,98092.3902499751,32579.7435645553,2,185208
126772,98092.3902499751,32579.7435645553,3,185331
126773,100376.085177964,37845.0267260376,1,185210
126773,100376.085177964,37845.0267260376,2,185209
126773,100376.085177964,37845.0267260376,3,185205
126774,93273.5789080464,66160.2437309769,1,185212
126774,93273.5789080464,66160.2437309769,2,185211
126774,93273.5789080464,66160.2437309769,3,185241
126775,117129.658656095,44678.8544763721,1,185049
126775,117129.658656095,44678.8544763721,2,185215
126775,117129.658656095,44678.8544763721,3,185213
126776,116950.427643449,43609.6235917949,1,185214
126776,116950.427643449,43609.6235917949,2,185216
126776,116950.427643449,43609.6235917949,3,185215
126777,115804.259455463,43528.789831028,1,185216
126777,115804.259455463,43528.789831028,2,185304
126777,115804.259455463,43528.789831028,3,185218
126778,115622.976080819,44816.0613578617,1,185213
126778,115622.976080819,44816.0613578617,2,185218
126778,115622.976080819,44816.0613578617,3,185217
126779,117513.30301853,72129.8028195116,1,185232
126779,117513.30301853,72129.8028195116,2,185221
126779,117513.30301853,72129.8028195116,3,185219
126780,116985.498089552,72692.9798159854,1,185221
126780,116985.498089552,72692.9798159854,2,185220
126780,116985.498089552,72692.9798159854,3,185224
126781,115148.954478739,76955.6488077784,1,99983
126781,115148.954478739,76955.6488077784,2,185227
126781,115148.954478739,76955.6488077784,3,185222
126782,117751.956440315,73218.8594722506,1,185223
126782,117751.956440315,73218.8594722506,2,185044
126782,117751.956440315,73218.8594722506,3,185226
126783,114967.394063554,76786.012177024,1,185227
126783,114967.394063554,76786.012177024,2,185224
126783,114967.394063554,76786.012177024,3,184808
126784,117928.773276812,75397.2748680861,1,99984
126784,117928.773276812,75397.2748680861,2,185226
126784,117928.773276812,75397.2748680861,3,185225
126785,117141.106887368,69649.7555761557,1,185233
126785,117141.106887368,69649.7555761557,2,185228
126785,117141.106887368,69649.7555761557,3,185229
126786,117033.335069474,69308.048371225,1,184953
126786,117033.335069474,69308.048371225,2,185231
126786,117033.335069474,69308.048371225,3,185229
126787,113218.742907597,71878.8982264453,1,185004
126787,113218.742907597,71878.8982264453,2,185231
126787,113218.742907597,71878.8982264453,3,185230
126788,117682.218065208,71108.3916158884,1,185235
126788,117682.218065208,71108.3916158884,2,185233
126788,117682.218065208,71108.3916158884,3,185232
126789,122903.617146148,69690.067962947,1,99973
126789,122903.617146148,69690.067962947,2,185236
126789,122903.617146148,69690.067962947,3,185234
126790,119158.015034503,71758.936540668,1,185238
126790,119158.015034503,71758.936540668,2,185235
126790,119158.015034503,71758.936540668,3,185223
126791,119345.812337521,69967.2465940173,1,185239
126791,119345.812337521,69967.2465940173,2,185237
126791,119345.812337521,69967.2465940173,3,185228
126792,120347.820789253,70138.067728734,1,185289
126792,120347.820789253,70138.067728734,2,185239
126792,120347.820789253,70138.067728734,3,185238
126793,97169.5591587298,71840.1634960882,1,185038
126793,97169.5591587298,71840.1634960882,2,185242
126793,97169.5591587298,71840.1634960882,3,185240
126794,93882.2231577488,69642.7523951004,1,185244
126794,93882.2231577488,69642.7523951004,2,185241
126794,93882.2231577488,69642.7523951004,3,185011
126795,95688.495687321,66806.2367460365,1,185243
126795,95688.495687321,66806.2367460365,2,185212
126795,95688.495687321,66806.2367460365,3,185245
126796,95189.6533706684,67856.6888420314,1,185246
126796,95189.6533706684,67856.6888420314,2,185245
126796,95189.6533706684,67856.6888420314,3,185244
126797,97196.3209696022,68790.2502423526,1,185247
126797,97196.3209696022,68790.2502423526,2,185246
126797,97196.3209696022,68790.2502423526,3,185337
126798,109966.519208672,74026.7334756114,1,185250
126798,109966.519208672,74026.7334756114,2,185248
126798,109966.519208672,74026.7334756114,3,185090
126799,109901.574577182,71610.7797902407,1,185249
126799,109901.574577182,71610.7797902407,2,184959
126799,109901.574577182,71610.7797902407,3,185250
126800,104801.835163131,64664.841539395,1,185254
126800,104801.835163131,64664.841539395,2,185251
126800,104801.835163131,64664.841539395,3,184693
126801,104083.313526948,68819.7423132558,1,184700
126801,104083.313526948,68819.7423132558,2,185256
126801,104083.313526948,68819.7423132558,3,185252
126802,105831.068868899,66966.5082920979,1,184968
126802,105831.068868899,66966.5082920979,2,185254
126802,105831.068868899,66966.5082920979,3,185253
126803,102850.112971351,68399.3133960489,1,185256
126803,102850.112971351,68399.3133960489,2,185255
126803,102850.112971351,68399.3133960489,3,185257
126804,102188.340448711,68738.056713345,1,185257
126804,102188.340448711,68738.056713345,2,184723
126804,102188.340448711,68738.056713345,3,185259
126805,100791.808844975,69572.5451443479,1,184933
126805,100791.808844975,69572.5451443479,2,185259
126805,100791.808844975,69572.5451443479,3,185258
126806,100196.452284716,68121.9712902355,1,185258
126806,100196.452284716,68121.9712902355,2,185260
126807,120272.082600595,59821.1582708765,1,185264
126807,120272.082600595,59821.1582708765,2,185262
126808,121639.784789138,59567.2050159464,1,185307
126808,121639.784789138,59567.2050159464,2,185261
126808,121639.784789138,59567.2050159464,3,185263
126809,120323.260960676,59051.8362040883,1,185263
126809,120323.260960676,59051.8362040883,2,184614
126809,120323.260960676,59051.8362040883,3,185264
126810,115421.9790636,45276.4308438222,1,185114
126810,115421.9790636,45276.4308438222,2,185266
126810,115421.9790636,45276.4308438222,3,185265
126811,114775.455529084,46264.7896392614,1,185268
126811,114775.455529084,46264.7896392614,2,185305
126811,114775.455529084,46264.7896392614,3,185294
126812,115131.917795828,47047.8342133806,1,185113
126812,115131.917795828,47047.8342133806,2,185268
126812,115131.917795828,47047.8342133806,3,185267
126813,114293.888312109,45437.2618944603,1,185269
126813,114293.888312109,45437.2618944603,2,185269
126814,113098.843759764,45985.6467959966,1,185270
126814,113098.843759764,45985.6467959966,2,185270
126815,126977.947444116,64994.6922942131,1,185312
126815,126977.947444116,64994.6922942131,2,185272
126815,126977.947444116,64994.6922942131,3,185271
126816,124680.326398073,64179.9608207306,1,185274
126816,124680.326398073,64179.9608207306,2,185309
126816,124680.326398073,64179.9608207306,3,185311
126817,125344.182110689,65765.5805551754,1,103001
126817,125344.182110689,65765.5805551754,2,185274
126817,125344.182110689,65765.5805551754,3,185273
126818,105850.736220378,80996.4602299295,1,185275
126818,105850.736220378,80996.4602299295,2,184831
126818,105850.736220378,80996.4602299295,3,185277
126819,105705.219199019,81439.0638028256,1,185117
126819,105705.219199019,81439.0638028256,2,185277
126819,105705.219199019,81439.0638028256,3,185276
126820,106863.192229936,79645.7634808128,1,185280
126820,106863.192229936,79645.7634808128,2,185278
126820,106863.192229936,79645.7634808128,3,184975
126821,107460.204070635,79844.2866947836,1,185164
126821,107460.204070635,79844.2866947836,2,185280
126821,107460.204070635,79844.2866947836,3,185279
126822,109043.474068479,77353.8063512488,1,185283
126822,109043.474068479,77353.8063512488,2,185281
126822,109043.474068479,77353.8063512488,3,185183
126823,109769.953840839,77945.9276289498,1,185349
126823,109769.953840839,77945.9276289498,2,185283
126823,109769.953840839,77945.9276289498,3,185282
126824,108391.998831549,86056.2140220391,1,185198
126824,108391.998831549,86056.2140220391,2,185284
126825,105093.106196711,39523.1095985566,1,185285
126825,105093.106196711,39523.1095985566,2,185204
126825,105093.106196711,39523.1095985566,3,185384
126826,104166.23391416,46475.7499372158,1,185287
126826,104166.23391416,46475.7499372158,2,185286
126826,104166.23391416,46475.7499372158,3,185377
126827,122094.935121871,66008.0917562775,1,185288
126827,122094.935121871,66008.0917562775,2,185000
126827,122094.935121871,66008.0917562775,3,185290
126828,121334.957564877,68340.4517109395,1,185236
126828,121334.957564877,68340.4517109395,2,185290
126828,121334.957564877,68340.4517109395,3,185289
126829,117466.347831435,52338.6521790504,1,185292
126829,117466.347831435,52338.6521790504,2,185291
126829,117466.347831435,52338.6521790504,3,185298
126830,115670.010293209,48738.1365881325,1,184816
126830,115670.010293209,48738.1365881325,2,185295
126830,115670.010293209,48738.1365881325,3,185293
126831,114120.886637862,48327.903904007,1,185295
126831,114120.886637862,48327.903904007,2,185294
126832,117659.968299022,62464.4185304172,1,185296
126832,117659.968299022,62464.4185304172,2,185296
126833,120373.315328408,61368.8366333918,1,185297
126833,120373.315328408,61368.8366333918,2,185262
126833,120373.315328408,61368.8366333918,3,185299
126834,116583.792423958,53231.1216416884,1,185299
126834,116583.792423958,53231.1216416884,2,185298
126834,116583.792423958,53231.1216416884,3,184986
126835,116550.781175964,55807.0475898979,1,185300
126835,116550.781175964,55807.0475898979,2,185300
126836,112177.749979556,62663.0580046991,1,185301
126836,112177.749979556,62663.0580046991,2,185301
126837,111074.42714371,64131.4550626988,1,185302
126837,111074.42714371,64131.4550626988,2,185302
126838,110651.169424621,57372.5783003161,1,185303
126838,110651.169424621,57372.5783003161,2,185303
126839,115106.813096453,43726.5559450496,1,185304
126839,115106.813096453,43726.5559450496,2,184904
126839,115106.813096453,43726.5559450496,3,185306
126840,115076.497937495,44949.2432736567,1,185266
126840,115076.497937495,44949.2432736567,2,185306
126840,115076.497937495,44949.2432736567,3,185305
126841,123598.829419402,60215.9636874989,1,185317
126841,123598.829419402,60215.9636874989,2,185307
126841,123598.829419402,60215.9636874989,3,185308
126842,123834.464540002,61763.4271790997,1,185308
126842,123834.464540002,61763.4271790997,2,185297
126842,123834.464540002,61763.4271790997,3,185311
126843,126657.781718308,64109.0982928499,1,185310
126843,126657.781718308,64109.0982928499,2,185309
126843,126657.781718308,64109.0982928499,3,185272
126844,130359.290135304,60613.9638571711,1,99989
126844,130359.290135304,60613.9638571711,2,185314
126844,130359.290135304,60613.9638571711,3,185312
126845,124593.885965397,59421.2542230431,1,185310
126845,124593.885965397,59421.2542230431,2,185314
126845,124593.885965397,59421.2542230431,3,185313
126846,123305.108860855,53194.3798848397,1,185316
126846,123305.108860855,53194.3798848397,2,185315
126847,123979.267907135,59629.1458385573,1,185313
126847,123979.267907135,59629.1458385573,2,185319
126847,123979.267907135,59629.1458385573,3,185317
126848,123959.27116281,53303.6213366601,1,185318
126848,123959.27116281,53303.6213366601,2,185171
126848,123959.27116281,53303.6213366601,3,185319
126849,76645.7849078245,33792.9280137743,1,185324
126849,76645.7849078245,33792.9280137743,2,185320
126849,76645.7849078245,33792.9280137743,3,184766
126850,81693.7987930029,38337.1795846879,1,185141
126850,81693.7987930029,38337.1795846879,2,185322
126850,81693.7987930029,38337.1795846879,3,185321
126851,80755.759861728,29828.2917065692,1,185323
126851,80755.759861728,29828.2917065692,2,185027
126851,80755.759861728,29828.2917065692,3,185325
126852,80687.7535535694,35022.8128153848,1,185325
126852,80687.7535535694,35022.8128153848,2,185324
126852,80687.7535535694,35022.8128153848,3,185322
126853,80809.1204716126,27612.9489569985,1,185328
126853,80809.1204716126,27612.9489569985,2,185326
126853,80809.1204716126,27612.9489569985,3,185323
126854,88396.1155134252,30230.0566039732,1,185329
126854,88396.1155134252,30230.0566039732,2,185328
126854,88396.1155134252,30230.0566039732,3,185327
126855,89312.7400628094,30744.9482473564,1,185331
126855,89312.7400628094,30744.9482473564,2,185329
126855,89312.7400628094,30744.9482473564,3,185330
126856,90447.6751821354,34444.6237265907,1,185333
126856,90447.6751821354,34444.6237265907,2,185330
126856,90447.6751821354,34444.6237265907,3,184897
126857,100038.450383516,38301.3685975532,1,185209
126857,100038.450383516,38301.3685975532,2,185333
126857,100038.450383516,38301.3685975532,3,185332
126858,97044.5891464363,76461.1888742906,1,185144
126858,97044.5891464363,76461.1888742906,2,185335
126859,98036.3912089869,70243.0599012207,1,185336
126859,98036.3912089869,70243.0599012207,2,185023
126859,98036.3912089869,70243.0599012207,3,185338
126860,97178.7725767155,70940.0705115958,1,185338
126860,97178.7725767155,70940.0705115958,2,185337
126860,97178.7725767155,70940.0705115958,3,185242
126861,110875.064742583,66978.6132159954,1,185339
126861,110875.064742583,66978.6132159954,2,184929
126861,110875.064742583,66978.6132159954,3,185341
126862,111295.060301039,69880.719655086,1,185249
126862,111295.060301039,69880.719655086,2,185341
126862,111295.060301039,69880.719655086,3,185340
126863,109823.199870223,89892.4149095403,1,184707
126863,109823.199870223,89892.4149095403,2,185344
126863,109823.199870223,89892.4149095403,3,185342
126864,109054.121407841,89447.1128417507,1,185344
126864,109054.121407841,89447.1128417507,2,185343
126864,109054.121407841,89447.1128417507,3,184917
126865,112089.968864995,87403.0330394448,1,185345
126865,112089.968864995,87403.0330394448,2,184616
126865,112089.968864995,87403.0330394448,3,185346
126866,98342.6386612448,102055.944902311,1,185347
126866,98342.6386612448,102055.944902311,2,185157
126866,98342.6386612448,102055.944902311,3,185348
126867,110666.880899218,77756.5586059859,1,185352
126867,110666.880899218,77756.5586059859,2,185349
126867,110666.880899218,77756.5586059859,3,185177
126868,111993.076965604,73502.3357200332,1,185230
126868,111993.076965604,73502.3357200332,2,185353
126868,111993.076965604,73502.3357200332,3,185351
126869,111132.086645038,77225.4719654698,1,185350
126869,111132.086645038,77225.4719654698,2,185354
126869,111132.086645038,77225.4719654698,3,185352
126870,111103.898907885,76318.1804786627,1,185353
126870,111103.898907885,76318.1804786627,2,185354
126871,105728.256924351,93701.0081076635,1,185355
126871,105728.256924351,93701.0081076635,2,184920
126871,105728.256924351,93701.0081076635,3,185358
126872,105655.663773976,95077.1242980057,1,185001
126872,105655.663773976,95077.1242980057,2,185359
126872,105655.663773976,95077.1242980057,3,185356
126873,105474.895019054,94948.362021526,1,185359
126873,105474.895019054,94948.362021526,2,185358
126873,105474.895019054,94948.362021526,3,185357
126873,105474.895019054,94948.362021526,4,184781
126874,103004.561105431,102207.335343932,1,185362
126874,103004.561105431,102207.335343932,2,185360
126874,103004.561105431,102207.335343932,3,185202
126875,102259.860620996,101171.196107914,1,185362
126875,102259.860620996,101171.196107914,2,185361
126875,102259.860620996,101171.196107914,3,185363
126876,101531.860216495,94695.8420066135,1,185357
126876,101531.860216495,94695.8420066135,2,185364
126877,101982.971781314,85621.4885253971,1,185072
126877,101982.971781314,85621.4885253971,2,185365
126878,99496.4376158858,78359.0868100009,1,185367
126878,99496.4376158858,78359.0868100009,2,185366
126878,99496.4376158858,78359.0868100009,3,185039
126879,98774.3790796694,100749.200019094,1,184782
126879,98774.3790796694,100749.200019094,2,185370
126879,98774.3790796694,100749.200019094,3,185368
126880,97914.4244354013,101573.225277365,1,185348
126880,97914.4244354013,101573.225277365,2,185370
126880,97914.4244354013,101573.225277365,3,185369
126881,109571.62359349,87756.5189550082,1,185373
126881,109571.62359349,87756.5189550082,2,185371
126881,109571.62359349,87756.5189550082,3,185374
126882,109583.949479807,87665.2356944119,1,185372
126882,109583.949479807,87665.2356944119,2,185041
126882,109583.949479807,87665.2356944119,3,185373
126883,109577.917155609,87829.8338520254,1,184706
126883,109577.917155609,87829.8338520254,2,185374
126884,100064.452400037,102368.532193378,1,185200
126884,100064.452400037,102368.532193378,2,185375
126885,90504.6882084561,8551.6368704837,1,185376
126885,90504.6882084561,8551.6368704837,2,185376
126886,103497.26529129,46171.9709505569,1,185377
126886,103497.26529129,46171.9709505569,2,184769
126886,103497.26529129,46171.9709505569,3,185379
126887,102619.733104803,50715.0871611182,1,185379
126887,102619.733104803,50715.0871611182,2,185378
126887,102619.733104803,50715.0871611182,3,185093
126888,105585.653194862,53029.8520195211,1,185380
126888,105585.653194862,53029.8520195211,2,184996
126888,105585.653194862,53029.8520195211,3,185382
126889,105349.116409776,53201.8720885041,1,185382
126889,105349.116409776,53201.8720885041,2,185381
126889,105349.116409776,53201.8720885041,3,184800
126890,105730.505006835,52893.3671237041,1,185385
126890,105730.505006835,52893.3671237041,2,185383
126890,105730.505006835,52893.3671237041,3,185380
126891,106727.228724637,46730.444073599,1,185384
126891,106727.228724637,46730.444073599,2,185287
126891,106727.228724637,46730.444073599,3,185385
